2026-09-12T12:04:20+02:00 HAL9000 kwin_wayland_wrapper[3254]: ATTENTION: default value of option vblank_mode overridden by environment.
2026-09-12T12:04:20+02:00 HAL9000 kwin_wayland_wrapper[3254]: ATTENTION: default value of option vblank_mode overridden by environment.
2026-09-12T12:04:21+02:00 HAL9000 kwin_wayland[3254]: No backend specified, automatically choosing drm
2026-09-12T12:04:21+02:00 HAL9000 kwin_wayland_wrapper[3254]: ATTENTION: default value of option vblank_mode overridden by environment.
2026-09-12T12:04:21+02:00 HAL9000 kwin_wayland[3254]: Service type not found: "application/x-ms-dos-executable"
2026-09-12T12:04:21+02:00 HAL9000 kwin_wayland[3254]: XKB: [XKB-183] Couldn't find an automatic type for key '<BKSP>' group 1 with 5 levels; Using the default type
2026-09-12T12:04:22+02:00 HAL9000 kwin_wayland[3254]: kwin-xmonad-lite: geladen, Version 0.0.0
2026-09-12T12:04:22+02:00 HAL9000 kwin_wayland[3254]: qmlRegisterType requires absolute URLs.
2026-09-12T12:04:22+02:00 HAL9000 kwin_wayland[3254]: qmlRegisterType requires absolute URLs.
2026-09-12T12:04:22+02:00 HAL9000 kwin_wayland[3254]: qmlRegisterType requires absolute URLs.
2026-09-12T12:04:22+02:00 HAL9000 kwin_wayland[3254]: qmlRegisterType requires absolute URLs.
2026-09-12T12:04:22+02:00 HAL9000 kwin_wayland[3254]: qmlRegisterType requires absolute URLs.
2026-09-12T12:04:22+02:00 HAL9000 kwin_wayland[3254]: qmlRegisterType requires absolute URLs.
2026-09-12T12:04:22+02:00 HAL9000 kwin_wayland[3254]: qmlRegisterType requires absolute URLs.
2026-09-12T12:04:22+02:00 HAL9000 kwin_wayland[3254]: qmlRegisterType requires absolute URLs.
2026-09-12T12:04:22+02:00 HAL9000 kwin_wayland[3254]: qmlRegisterType requires absolute URLs.
2026-09-12T12:04:22+02:00 HAL9000 kwin_wayland[3254]: qmlRegisterType requires absolute URLs.
2026-09-12T12:04:22+02:00 HAL9000 kwin_wayland[3254]: qmlRegisterType requires absolute URLs.
2026-09-12T12:04:22+02:00 HAL9000 kwin_wayland[3254]: qmlRegisterType requires absolute URLs.
2026-09-12T12:04:22+02:00 HAL9000 kwin_wayland[3254]: qmlRegisterType requires absolute URLs.
2026-09-12T12:04:22+02:00 HAL9000 kwin_wayland[3254]: qmlRegisterType requires absolute URLs.
2026-09-12T12:04:22+02:00 HAL9000 kwin_wayland[3254]: qmlRegisterType requires absolute URLs.
2026-09-12T12:04:22+02:00 HAL9000 kwin_wayland[3254]: qmlRegisterType requires absolute URLs.
2026-09-12T12:04:22+02:00 HAL9000 kwin_wayland[3254]: qmlRegisterType requires absolute URLs.
2026-09-12T12:04:22+02:00 HAL9000 kwin_wayland[3254]: qmlRegisterType requires absolute URLs.
2026-09-12T12:04:22+02:00 HAL9000 kwin_wayland[3254]: qmlRegisterType requires absolute URLs.
2026-09-12T12:04:22+02:00 HAL9000 kwin_wayland[3254]: qmlRegisterType requires absolute URLs.
2026-09-12T12:04:22+02:00 HAL9000 kwin_wayland[3254]: qmlRegisterType requires absolute URLs.
2026-09-12T12:04:22+02:00 HAL9000 kwin_wayland[3254]: qmlRegisterType requires absolute URLs.
2026-09-12T12:04:22+02:00 HAL9000 kwin_wayland[3254]: qmlRegisterType requires absolute URLs.
2026-09-12T12:04:22+02:00 HAL9000 kwin_wayland[3254]: qmlRegisterType requires absolute URLs.
2026-09-12T12:04:22+02:00 HAL9000 kwin_wayland[3254]: qmlRegisterType requires absolute URLs.
2026-09-12T12:04:22+02:00 HAL9000 kwin_wayland[3254]: qmlRegisterType requires absolute URLs.
2026-09-12T12:04:22+02:00 HAL9000 kwin_wayland[3254]: qmlRegisterType requires absolute URLs.
2026-09-12T12:04:22+02:00 HAL9000 kwin_wayland[3254]: qmlRegisterType requires absolute URLs.
2026-09-12T12:04:22+02:00 HAL9000 kwin_wayland[3254]: qmlRegisterType requires absolute URLs.
2026-09-12T12:04:22+02:00 HAL9000 kwin_wayland[3254]: qmlRegisterType requires absolute URLs.
2026-09-12T12:04:22+02:00 HAL9000 kwin_wayland[3254]: qmlRegisterType requires absolute URLs.
2026-09-12T12:04:22+02:00 HAL9000 kwin_wayland[3254]: qmlRegisterType requires absolute URLs.
2026-09-12T12:04:22+02:00 HAL9000 kwin_wayland[3254]: qmlRegisterType requires absolute URLs.
2026-09-12T12:04:22+02:00 HAL9000 kwin_wayland[3254]: qmlRegisterType requires absolute URLs.
2026-09-12T12:04:22+02:00 HAL9000 kwin_wayland[3254]: qmlRegisterType requires absolute URLs.
2026-09-12T12:04:22+02:00 HAL9000 kwin_wayland[3254]: qmlRegisterType requires absolute URLs.
2026-09-12T12:04:22+02:00 HAL9000 kwin_wayland[3254]: qmlRegisterType requires absolute URLs.
2026-09-12T12:04:22+02:00 HAL9000 kwin_wayland[3254]: qmlRegisterType requires absolute URLs.
2026-09-12T12:04:22+02:00 HAL9000 kwin_wayland[3254]: qmlRegisterType requires absolute URLs.
2026-09-12T12:04:22+02:00 HAL9000 kwin_wayland[3254]: qmlRegisterType requires absolute URLs.
2026-09-12T12:04:22+02:00 HAL9000 kwin_wayland_wrapper[3316]: ATTENTION: default value of option vblank_mode overridden by environment.
2026-09-12T12:04:22+02:00 HAL9000 kwin_wayland_wrapper[3327]: The XKEYBOARD keymap compiler (xkbcomp) reports:
2026-09-12T12:04:22+02:00 HAL9000 kwin_wayland_wrapper[3327]: > Warning:          Multiple symbols for level 1/group 1 on key <FK23>
2026-09-12T12:04:22+02:00 HAL9000 kwin_wayland_wrapper[3327]: >                   Using F23, ignoring XF86TouchpadOff
2026-09-12T12:04:22+02:00 HAL9000 kwin_wayland_wrapper[3327]: > Warning:          Symbol map for key <FK23> redefined
2026-09-12T12:04:22+02:00 HAL9000 kwin_wayland_wrapper[3327]: >                   Using last definition for conflicting fields
2026-09-12T12:04:22+02:00 HAL9000 kwin_wayland_wrapper[3327]: > Warning:          Symbol map for key <FK24> redefined
2026-09-12T12:04:22+02:00 HAL9000 kwin_wayland_wrapper[3327]: >                   Using last definition for conflicting fields
2026-09-12T12:04:22+02:00 HAL9000 kwin_wayland_wrapper[3327]: > Warning:          Could not resolve keysym XF86ElectronicPrivacyScreenOn
2026-09-12T12:04:22+02:00 HAL9000 kwin_wayland_wrapper[3327]: > Warning:          Could not resolve keysym XF86ElectronicPrivacyScreenOff
2026-09-12T12:04:22+02:00 HAL9000 kwin_wayland_wrapper[3327]: > Warning:          Could not resolve keysym XF86ActionOnSelection
2026-09-12T12:04:22+02:00 HAL9000 kwin_wayland_wrapper[3327]: > Warning:          Could not resolve keysym XF86ContextualInsert
2026-09-12T12:04:22+02:00 HAL9000 kwin_wayland_wrapper[3327]: > Warning:          Could not resolve keysym XF86ContextualQuery
2026-09-12T12:04:22+02:00 HAL9000 kwin_wayland_wrapper[3327]: Errors from xkbcomp are not fatal to the X server
2026-09-12T12:04:22+02:00 HAL9000 kwin_wayland_wrapper[3331]: The XKEYBOARD keymap compiler (xkbcomp) reports:
2026-09-12T12:04:22+02:00 HAL9000 kwin_wayland_wrapper[3331]: > Warning:          Unsupported maximum keycode 709, clipping.
2026-09-12T12:04:22+02:00 HAL9000 kwin_wayland_wrapper[3331]: >                   X11 cannot support keycodes above 255.
2026-09-12T12:04:22+02:00 HAL9000 kwin_wayland_wrapper[3331]: > Warning:          Virtual modifier LevelFive multiply defined
2026-09-12T12:04:22+02:00 HAL9000 kwin_wayland_wrapper[3331]: >                   Using 0, ignoring 0
2026-09-12T12:04:22+02:00 HAL9000 kwin_wayland_wrapper[3331]: > Warning:          Virtual modifier ScrollLock multiply defined
2026-09-12T12:04:22+02:00 HAL9000 kwin_wayland_wrapper[3331]: >                   Using 0, ignoring 0
2026-09-12T12:04:22+02:00 HAL9000 kwin_wayland_wrapper[3331]: Errors from xkbcomp are not fatal to the X server
2026-09-12T12:04:23+02:00 HAL9000 kwin_wayland[3254]: kwin-xmonad-lite: bereit nach 16 Versuch(en), activities=1 outputs=1
2026-09-12T12:04:23+02:00 HAL9000 kwin_wayland[3254]: kwin-xmonad-lite: config gaps=0/0 ratio=0.65 layout=0 excludes=7 debug=true
2026-09-12T12:04:23+02:00 HAL9000 kwin_wayland[3254]: kwin-xmonad-lite: config excludes=kded6,krunner,plasmashell,polkit-kde-authentication-agent-1,steam_app_default,xwaylandvideobridge,yakuake
2026-09-12T12:04:23+02:00 HAL9000 kwin_wayland[3254]: kwin-xmonad-lite: shortcuts n=12
2026-09-12T12:04:23+02:00 HAL9000 kwin_wayland[3254]: kwin-xmonad-lite: bereit perOutputDesktops=false
2026-09-12T12:04:23+02:00 HAL9000 kwin_wayland[3254]: kwin-xmonad-lite: arrange #1 grund=start surfaces=1 mitglieder=1 teilnehmer=0
2026-09-12T12:04:23+02:00 HAL9000 kwin_wayland[3254]: kwin-xmonad-lite: surface a89f5ec2-ab8e-4108-8088-7118500a3aab|89539ae6-e06b-4c76-a057-95df959578a9|DP-3 layout=tall n=0 ratio=0.65 fläche=1920x1080+0+0
2026-09-12T12:04:23+02:00 HAL9000 kwin_wayland[3254]: kwin-xmonad-lite: diagnose a89f5ec2-ab8e-4108-8088-7118500a3aab|89539ae6-e06b-4c76-a057-95df959578a9|DP-3 order={757dd4f7-2bb3-4122-a903-ee5c11fb5b2c} teilnehmer= float=
2026-09-12T12:04:25+02:00 HAL9000 kwin_wayland[3254]: kwin-xmonad-lite: arrange #2 grund=windowAdded surfaces=1 mitglieder=1 teilnehmer=0
2026-09-12T12:04:25+02:00 HAL9000 kwin_wayland[3254]: kwin-xmonad-lite: surface a89f5ec2-ab8e-4108-8088-7118500a3aab|89539ae6-e06b-4c76-a057-95df959578a9|DP-3 layout=tall n=0 ratio=0.65 fläche=1920x1080+0+0
2026-09-12T12:04:25+02:00 HAL9000 kwin_wayland[3254]: kwin-xmonad-lite: diagnose a89f5ec2-ab8e-4108-8088-7118500a3aab|89539ae6-e06b-4c76-a057-95df959578a9|DP-3 order={757dd4f7-2bb3-4122-a903-ee5c11fb5b2c} teilnehmer= float=
2026-09-12T12:04:25+02:00 HAL9000 kwin_wayland[3254]: kwin-xmonad-lite: gc #3 fenster=1 surfaces=0
2026-09-12T12:04:25+02:00 HAL9000 kwin_wayland[3254]: kwin-xmonad-lite: arrange #3 grund=closed,windowActivated,windowRemoved surfaces=1 mitglieder=0 teilnehmer=0
2026-09-12T12:04:25+02:00 HAL9000 kwin_wayland[3254]: kwin-xmonad-lite: arrange #4 grund=screensChanged surfaces=1 mitglieder=0 teilnehmer=0
2026-09-12T12:04:25+02:00 HAL9000 kwin_wayland[3254]: kwin-xmonad-lite: arrange #5 grund=nachlauf500:screensChanged surfaces=1 mitglieder=0 teilnehmer=0
2026-09-12T12:04:26+02:00 HAL9000 kwin_wayland[3254]: kwin-xmonad-lite: arrange #6 grund=windowActivated,windowAdded surfaces=1 mitglieder=0 teilnehmer=0
2026-09-12T12:04:26+02:00 HAL9000 kwin_wayland[3254]: kwin-xmonad-lite: arrange #7 grund=nachlauf1500:screensChanged surfaces=1 mitglieder=0 teilnehmer=0
2026-09-12T12:04:37+02:00 HAL9000 kwin_wayland[3254]: kwin-xmonad-lite: dockHinzugefügt {ec21bef1-b673-49b3-8924-0a25eed97369}
2026-09-12T12:04:37+02:00 HAL9000 kwin_wayland[3254]: kwin-xmonad-lite: arrange #8 grund=windowAdded surfaces=1 mitglieder=0 teilnehmer=0
2026-09-12T12:04:37+02:00 HAL9000 kwin_wayland[3254]: kwin-xmonad-lite: arrange #9 grund=nachlauf500:dockHinzugefügt surfaces=1 mitglieder=0 teilnehmer=0
2026-09-12T12:04:38+02:00 HAL9000 kwin_wayland[3254]: kwin-xmonad-lite: arrange #10 grund=nachlauf1500:dockHinzugefügt surfaces=1 mitglieder=0 teilnehmer=0
2026-09-12T12:04:45+02:00 HAL9000 kwin_wayland[3254]: kwin-xmonad-lite: arrange #11 grund=windowAdded surfaces=1 mitglieder=0 teilnehmer=0
2026-09-12T12:04:50+02:00 HAL9000 kwin_wayland[3254]: kwin-xmonad-lite: arrange #12 grund=windowAdded surfaces=1 mitglieder=0 teilnehmer=0
2026-09-12T12:04:50+02:00 HAL9000 kwin_wayland[3254]: kwin-xmonad-lite: arrange #13 grund=closed,windowRemoved surfaces=1 mitglieder=0 teilnehmer=0
2026-09-12T12:04:55+02:00 HAL9000 kwin_wayland[3254]: kwin-xmonad-lite: arrange #14 grund=closed,windowRemoved surfaces=1 mitglieder=0 teilnehmer=0
2026-09-12T12:05:23+02:00 HAL9000 kwin_wayland[3254]: kwin-xmonad-lite: arrange #15 grund=windowActivated,windowAdded surfaces=1 mitglieder=0 teilnehmer=0
2026-09-12T12:05:23+02:00 HAL9000 kwin_wayland[3254]: kwin-xmonad-lite: arrange #16 grund=windowActivated,windowAdded surfaces=1 mitglieder=0 teilnehmer=0
2026-09-12T12:05:36+02:00 HAL9000 kwin_wayland[3254]: kwin-xmonad-lite: arrange #17 grund=moveResizeFinished surfaces=1 mitglieder=0 teilnehmer=0
2026-09-12T12:05:37+02:00 HAL9000 kwin_wayland[3254]: kwin-xmonad-lite: arrange #18 grund=windowActivated surfaces=1 mitglieder=0 teilnehmer=0
2026-09-12T12:05:39+02:00 HAL9000 kwin_wayland[3254]: kwin-xmonad-lite: arrange #19 grund=moveResizeFinished surfaces=1 mitglieder=0 teilnehmer=0
2026-09-12T12:05:42+02:00 HAL9000 kwin_wayland[3254]: kwin-xmonad-lite: arrange #20 grund=closed,windowActivated,windowRemoved surfaces=1 mitglieder=0 teilnehmer=0
2026-09-12T12:05:46+02:00 HAL9000 kwin_wayland[3254]: kwin-xmonad-lite: arrange #21 grund=windowActivated surfaces=1 mitglieder=0 teilnehmer=0
2026-09-12T12:05:51+02:00 HAL9000 kwin_wayland[3254]: kwin-xmonad-lite: arrange #22 grund=closed,windowActivated,windowRemoved surfaces=1 mitglieder=0 teilnehmer=0
2026-09-12T12:05:51+02:00 HAL9000 kwin_wayland[3254]: kwin-xmonad-lite: arrange #23 grund=windowAdded surfaces=1 mitglieder=0 teilnehmer=0
2026-09-12T12:05:56+02:00 HAL9000 kwin_wayland[3254]: kwin-xmonad-lite: arrange #24 grund=closed,windowRemoved surfaces=1 mitglieder=0 teilnehmer=0
2026-09-12T12:06:00+02:00 HAL9000 kwin_wayland[3254]: kwin-xmonad-lite: arrange #25 grund=closed,windowActivated,windowRemoved surfaces=1 mitglieder=0 teilnehmer=0
2026-09-12T12:06:02+02:00 HAL9000 kwin_wayland[3254]: kwin-xmonad-lite: arrange #26 grund=windowAdded surfaces=1 mitglieder=0 teilnehmer=0
2026-09-12T12:06:04+02:00 HAL9000 kwin_wayland[3254]: kwin-xmonad-lite: arrange #27 grund=closed,windowRemoved surfaces=1 mitglieder=0 teilnehmer=0
2026-09-12T12:06:06+02:00 HAL9000 kwin_wayland[3254]: kwin-xmonad-lite: arrange #28 grund=windowActivated,windowAdded surfaces=1 mitglieder=1 teilnehmer=0
2026-09-12T12:06:06+02:00 HAL9000 kwin_wayland[3254]: kwin-xmonad-lite: surface a89f5ec2-ab8e-4108-8088-7118500a3aab|89539ae6-e06b-4c76-a057-95df959578a9|DP-3 layout=tall n=0 ratio=0.65 fläche=1920x1050+0+0
2026-09-12T12:06:06+02:00 HAL9000 kwin_wayland[3254]: kwin-xmonad-lite: diagnose a89f5ec2-ab8e-4108-8088-7118500a3aab|89539ae6-e06b-4c76-a057-95df959578a9|DP-3 order={f3e325fb-1308-41ee-89fe-5519119330a3} teilnehmer= float=
2026-09-12T12:06:18+02:00 HAL9000 kwin_wayland[3254]: kwin-xmonad-lite: arrange #29 grund=windowAdded surfaces=1 mitglieder=1 teilnehmer=0
2026-09-12T12:06:18+02:00 HAL9000 kwin_wayland[3254]: kwin-xmonad-lite: surface a89f5ec2-ab8e-4108-8088-7118500a3aab|89539ae6-e06b-4c76-a057-95df959578a9|DP-3 layout=tall n=0 ratio=0.65 fläche=1920x1050+0+0
2026-09-12T12:06:18+02:00 HAL9000 kwin_wayland[3254]: kwin-xmonad-lite: diagnose a89f5ec2-ab8e-4108-8088-7118500a3aab|89539ae6-e06b-4c76-a057-95df959578a9|DP-3 order={f3e325fb-1308-41ee-89fe-5519119330a3} teilnehmer= float=
2026-09-12T12:06:18+02:00 HAL9000 kwin_wayland[3254]: kwin-xmonad-lite: arrange #30 grund=closed,windowRemoved surfaces=1 mitglieder=1 teilnehmer=0
2026-09-12T12:06:18+02:00 HAL9000 kwin_wayland[3254]: kwin-xmonad-lite: surface a89f5ec2-ab8e-4108-8088-7118500a3aab|89539ae6-e06b-4c76-a057-95df959578a9|DP-3 layout=tall n=0 ratio=0.65 fläche=1920x1050+0+0
2026-09-12T12:06:18+02:00 HAL9000 kwin_wayland[3254]: kwin-xmonad-lite: diagnose a89f5ec2-ab8e-4108-8088-7118500a3aab|89539ae6-e06b-4c76-a057-95df959578a9|DP-3 order={f3e325fb-1308-41ee-89fe-5519119330a3} teilnehmer= float=
2026-09-12T12:06:19+02:00 HAL9000 kwin_wayland[3254]: kwin-xmonad-lite: gc #31 fenster=1 surfaces=0
2026-09-12T12:06:19+02:00 HAL9000 kwin_wayland[3254]: kwin-xmonad-lite: arrange #31 grund=closed,windowActivated,windowRemoved surfaces=1 mitglieder=0 teilnehmer=0
2026-09-12T12:06:19+02:00 HAL9000 kwin_wayland[3254]: kwin-xmonad-lite: arrange #32 grund=windowAdded surfaces=1 mitglieder=0 teilnehmer=0
2026-09-12T12:06:24+02:00 HAL9000 kwin_wayland[3254]: kwin-xmonad-lite: arrange #33 grund=closed,windowRemoved surfaces=1 mitglieder=0 teilnehmer=0
2026-09-12T12:06:26+02:00 HAL9000 kwin_wayland[3254]: kwin-xmonad-lite: arrange #34 grund=windowAdded surfaces=1 mitglieder=0 teilnehmer=0
2026-09-12T12:06:31+02:00 HAL9000 kwin_wayland[3254]: kwin-xmonad-lite: arrange #35 grund=closed,windowRemoved surfaces=1 mitglieder=0 teilnehmer=0
2026-09-12T12:06:35+02:00 HAL9000 kxl-abnahme[7716]: == AP8 Vorprüfung Anfang ==
2026-09-12T12:06:52+02:00 HAL9000 kwin_wayland[3254]: kwin-xmonad-lite: arrange #36 grund=screenGeometry,screensChanged surfaces=2 mitglieder=0 teilnehmer=0
2026-09-12T12:06:53+02:00 HAL9000 kwin_wayland[3254]: kwin-xmonad-lite: arrange #37 grund=nachlauf500:screenGeometry+screensChanged surfaces=2 mitglieder=0 teilnehmer=0
2026-09-12T12:06:53+02:00 HAL9000 kwin_wayland[3254]: kwin-xmonad-lite: arrange #38 grund=windowAdded surfaces=2 mitglieder=0 teilnehmer=0
2026-09-12T12:06:54+02:00 HAL9000 kwin_wayland[3254]: kwin-xmonad-lite: arrange #39 grund=nachlauf1500:screenGeometry+screensChanged surfaces=2 mitglieder=0 teilnehmer=0
2026-09-12T12:06:57+02:00 HAL9000 kwin_wayland[3254]: kwin-xmonad-lite: arrange #40 grund=windowActivated,windowAdded surfaces=2 mitglieder=1 teilnehmer=1
2026-09-12T12:06:57+02:00 HAL9000 kwin_wayland[3254]: kwin-xmonad-lite: surface a89f5ec2-ab8e-4108-8088-7118500a3aab|89539ae6-e06b-4c76-a057-95df959578a9|DP-3 layout=tall n=1 ratio=0.65 fläche=1920x1050+0+0
2026-09-12T12:06:57+02:00 HAL9000 kwin_wayland[3254]: kwin-xmonad-lite: diagnose a89f5ec2-ab8e-4108-8088-7118500a3aab|89539ae6-e06b-4c76-a057-95df959578a9|DP-3 order={00c4c9f1-166b-46da-94f9-bec977b8d871} teilnehmer={00c4c9f1-166b-46da-94f9-bec977b8d871} float=
2026-09-12T12:06:59+02:00 HAL9000 kwin_wayland[3254]: kwin-xmonad-lite: befehl focusNext surface=a89f5ec2-ab8e-4108-8088-7118500a3aab|89539ae6-e06b-4c76-a057-95df959578a9|DP-3 via=aktiv fokus={00c4c9f1-166b-46da-94f9-bec977b8d871} unverändert
2026-09-12T12:06:59+02:00 HAL9000 kwin_wayland[3254]: kwin-xmonad-lite: aktiviere {00c4c9f1-166b-46da-94f9-bec977b8d871}
2026-09-12T12:07:01+02:00 HAL9000 kwin_wayland[3254]: kwin-xmonad-lite: arrange #41 grund=moveResizeFinished surfaces=2 mitglieder=1 teilnehmer=1
2026-09-12T12:07:01+02:00 HAL9000 kwin_wayland[3254]: kwin-xmonad-lite: surface a89f5ec2-ab8e-4108-8088-7118500a3aab|89539ae6-e06b-4c76-a057-95df959578a9|DP-3 layout=tall n=1 ratio=0.65 fläche=1920x1050+0+0
2026-09-12T12:07:01+02:00 HAL9000 kwin_wayland[3254]: kwin-xmonad-lite: diagnose a89f5ec2-ab8e-4108-8088-7118500a3aab|89539ae6-e06b-4c76-a057-95df959578a9|DP-3 order={00c4c9f1-166b-46da-94f9-bec977b8d871} teilnehmer={00c4c9f1-166b-46da-94f9-bec977b8d871} float=
2026-09-12T12:07:01+02:00 HAL9000 kwin_wayland[3254]: kwin-xmonad-lite: apply {00c4c9f1-166b-46da-94f9-bec977b8d871} soll=1920x1050+0+0
2026-09-12T12:07:43+02:00 HAL9000 kxl-abnahme[7863]: == AP8 Vorprüfung Ende ==
2026-09-12T12:07:44+02:00 HAL9000 kxl-abnahme[7887]: == Fall 26d Anfang ==
2026-09-12T12:07:44+02:00 HAL9000 kwin_wayland[3254]: kwin-xmonad-lite: arrange #42 grund=windowActivated,windowAdded surfaces=2 mitglieder=2 teilnehmer=2
2026-09-12T12:07:44+02:00 HAL9000 kwin_wayland[3254]: kwin-xmonad-lite: surface a89f5ec2-ab8e-4108-8088-7118500a3aab|89539ae6-e06b-4c76-a057-95df959578a9|DP-3 layout=tall n=2 ratio=0.65 fläche=1920x1050+0+0
2026-09-12T12:07:44+02:00 HAL9000 kwin_wayland[3254]: kwin-xmonad-lite: diagnose a89f5ec2-ab8e-4108-8088-7118500a3aab|89539ae6-e06b-4c76-a057-95df959578a9|DP-3 order={985f4025-239f-4476-bac9-fb20ef04f779},{00c4c9f1-166b-46da-94f9-bec977b8d871} teilnehmer={985f4025-239f-4476-bac9-fb20ef04f779},{00c4c9f1-166b-46da-94f9-bec977b8d871} float=
2026-09-12T12:07:44+02:00 HAL9000 kwin_wayland[3254]: kwin-xmonad-lite: apply {985f4025-239f-4476-bac9-fb20ef04f779} soll=1248x1050+0+0
2026-09-12T12:07:44+02:00 HAL9000 kwin_wayland[3254]: kwin-xmonad-lite: apply {00c4c9f1-166b-46da-94f9-bec977b8d871} soll=672x1050+1248+0
2026-09-12T12:07:46+02:00 HAL9000 kwin_wayland[3254]: kwin-xmonad-lite: arrange #43 grund=windowActivated,windowAdded surfaces=2 mitglieder=3 teilnehmer=3
2026-09-12T12:07:46+02:00 HAL9000 kwin_wayland[3254]: kwin-xmonad-lite: surface a89f5ec2-ab8e-4108-8088-7118500a3aab|89539ae6-e06b-4c76-a057-95df959578a9|DP-3 layout=tall n=3 ratio=0.65 fläche=1920x1050+0+0
2026-09-12T12:07:46+02:00 HAL9000 kwin_wayland[3254]: kwin-xmonad-lite: diagnose a89f5ec2-ab8e-4108-8088-7118500a3aab|89539ae6-e06b-4c76-a057-95df959578a9|DP-3 order={61bf689b-2be6-4d6c-a26e-9fbc2d8049f6},{985f4025-239f-4476-bac9-fb20ef04f779},{00c4c9f1-166b-46da-94f9-bec977b8d871} teilnehmer={61bf689b-2be6-4d6c-a26e-9fbc2d8049f6},{985f4025-239f-4476-bac9-fb20ef04f779},{00c4c9f1-166b-46da-94f9-bec977b8d871} float=
2026-09-12T12:07:46+02:00 HAL9000 kwin_wayland[3254]: kwin-xmonad-lite: apply {61bf689b-2be6-4d6c-a26e-9fbc2d8049f6} soll=1248x1050+0+0
2026-09-12T12:07:46+02:00 HAL9000 kwin_wayland[3254]: kwin-xmonad-lite: apply {985f4025-239f-4476-bac9-fb20ef04f779} soll=672x525+1248+0
2026-09-12T12:07:46+02:00 HAL9000 kwin_wayland[3254]: kwin-xmonad-lite: apply {00c4c9f1-166b-46da-94f9-bec977b8d871} soll=672x525+1248+525
2026-09-12T12:07:48+02:00 HAL9000 kwin_wayland[3254]: kwin-xmonad-lite: arrange #44 grund=windowActivated,windowAdded surfaces=2 mitglieder=4 teilnehmer=4
2026-09-12T12:07:48+02:00 HAL9000 kwin_wayland[3254]: kwin-xmonad-lite: surface a89f5ec2-ab8e-4108-8088-7118500a3aab|89539ae6-e06b-4c76-a057-95df959578a9|DP-3 layout=tall n=4 ratio=0.65 fläche=1920x1050+0+0
2026-09-12T12:07:48+02:00 HAL9000 kwin_wayland[3254]: kwin-xmonad-lite: diagnose a89f5ec2-ab8e-4108-8088-7118500a3aab|89539ae6-e06b-4c76-a057-95df959578a9|DP-3 order={36558f12-8b7d-4ecf-ba29-04ee6c5d0fa3},{61bf689b-2be6-4d6c-a26e-9fbc2d8049f6},{985f4025-239f-4476-bac9-fb20ef04f779},{00c4c9f1-166b-46da-94f9-bec977b8d871} teilnehmer={36558f12-8b7d-4ecf-ba29-04ee6c5d0fa3},{61bf689b-2be6-4d6c-a26e-9fbc2d8049f6},{985f4025-239f-4476-bac9-fb20ef04f779},{00c4c9f1-166b-46da-94f9-bec977b8d871} float=
2026-09-12T12:07:48+02:00 HAL9000 kwin_wayland[3254]: kwin-xmonad-lite: apply {36558f12-8b7d-4ecf-ba29-04ee6c5d0fa3} soll=1248x1050+0+0
2026-09-12T12:07:48+02:00 HAL9000 kwin_wayland[3254]: kwin-xmonad-lite: apply {61bf689b-2be6-4d6c-a26e-9fbc2d8049f6} soll=672x350+1248+0
2026-09-12T12:07:48+02:00 HAL9000 kwin_wayland[3254]: kwin-xmonad-lite: apply {985f4025-239f-4476-bac9-fb20ef04f779} soll=672x350+1248+350
2026-09-12T12:07:48+02:00 HAL9000 kwin_wayland[3254]: kwin-xmonad-lite: apply {00c4c9f1-166b-46da-94f9-bec977b8d871} soll=672x350+1248+700
2026-09-12T12:07:50+02:00 HAL9000 kwin_wayland[3254]: kwin-xmonad-lite: arrange #45 grund=windowActivated,windowAdded surfaces=2 mitglieder=5 teilnehmer=5
2026-09-12T12:07:50+02:00 HAL9000 kwin_wayland[3254]: kwin-xmonad-lite: surface a89f5ec2-ab8e-4108-8088-7118500a3aab|89539ae6-e06b-4c76-a057-95df959578a9|DP-3 layout=tall n=5 ratio=0.65 fläche=1920x1050+0+0
2026-09-12T12:07:50+02:00 HAL9000 kwin_wayland[3254]: kwin-xmonad-lite: diagnose a89f5ec2-ab8e-4108-8088-7118500a3aab|89539ae6-e06b-4c76-a057-95df959578a9|DP-3 order={36d65b88-4f0f-41b7-b787-d35bf2e896be},{36558f12-8b7d-4ecf-ba29-04ee6c5d0fa3},{61bf689b-2be6-4d6c-a26e-9fbc2d8049f6},{985f4025-239f-4476-bac9-fb20ef04f779},{00c4c9f1-166b-46da-94f9-bec977b8d871} teilnehmer={36d65b88-4f0f-41b7-b787-d35bf2e896be},{36558f12-8b7d-4ecf-ba29-04ee6c5d0fa3},{61bf689b-2be6-4d6c-a26e-9fbc2d8049f6},{985f4025-239f-4476-bac9-fb20ef04f779},{00c4c9f1-166b-46da-94f9-bec977b8d871} float=
2026-09-12T12:07:50+02:00 HAL9000 kwin_wayland[3254]: kwin-xmonad-lite: apply {36d65b88-4f0f-41b7-b787-d35bf2e896be} soll=1248x1050+0+0
2026-09-12T12:07:50+02:00 HAL9000 kwin_wayland[3254]: kwin-xmonad-lite: apply {36558f12-8b7d-4ecf-ba29-04ee6c5d0fa3} soll=672x263+1248+0
2026-09-12T12:07:50+02:00 HAL9000 kwin_wayland[3254]: kwin-xmonad-lite: apply {61bf689b-2be6-4d6c-a26e-9fbc2d8049f6} soll=672x263+1248+263
2026-09-12T12:07:50+02:00 HAL9000 kwin_wayland[3254]: kwin-xmonad-lite: apply {985f4025-239f-4476-bac9-fb20ef04f779} soll=672x262+1248+526
2026-09-12T12:07:50+02:00 HAL9000 kwin_wayland[3254]: kwin-xmonad-lite: apply {00c4c9f1-166b-46da-94f9-bec977b8d871} soll=672x262+1248+788
2026-09-12T12:07:52+02:00 HAL9000 kwin_wayland[3254]: kwin-xmonad-lite: extern {36d65b88-4f0f-41b7-b787-d35bf2e896be}
2026-09-12T12:07:52+02:00 HAL9000 kwin_wayland[3254]: kwin-xmonad-lite: arrange #46 grund=geometrieExtern,fensterzustand surfaces=2 mitglieder=5 teilnehmer=5
2026-09-12T12:07:52+02:00 HAL9000 kwin_wayland[3254]: kwin-xmonad-lite: surface a89f5ec2-ab8e-4108-8088-7118500a3aab|89539ae6-e06b-4c76-a057-95df959578a9|eDP-1 layout=tall n=1 ratio=0.65 fläche=1280x720+1920+0
2026-09-12T12:07:52+02:00 HAL9000 kwin_wayland[3254]: kwin-xmonad-lite: diagnose a89f5ec2-ab8e-4108-8088-7118500a3aab|89539ae6-e06b-4c76-a057-95df959578a9|eDP-1 order={36d65b88-4f0f-41b7-b787-d35bf2e896be} teilnehmer={36d65b88-4f0f-41b7-b787-d35bf2e896be} float=
2026-09-12T12:07:52+02:00 HAL9000 kwin_wayland[3254]: kwin-xmonad-lite: apply {36d65b88-4f0f-41b7-b787-d35bf2e896be} soll=1280x720+1920+0
2026-09-12T12:07:52+02:00 HAL9000 kwin_wayland[3254]: kwin-xmonad-lite: surface a89f5ec2-ab8e-4108-8088-7118500a3aab|89539ae6-e06b-4c76-a057-95df959578a9|DP-3 layout=tall n=4 ratio=0.65 fläche=1920x1050+0+0
2026-09-12T12:07:52+02:00 HAL9000 kwin_wayland[3254]: kwin-xmonad-lite: diagnose a89f5ec2-ab8e-4108-8088-7118500a3aab|89539ae6-e06b-4c76-a057-95df959578a9|DP-3 order={36558f12-8b7d-4ecf-ba29-04ee6c5d0fa3},{61bf689b-2be6-4d6c-a26e-9fbc2d8049f6},{985f4025-239f-4476-bac9-fb20ef04f779},{00c4c9f1-166b-46da-94f9-bec977b8d871} teilnehmer={36558f12-8b7d-4ecf-ba29-04ee6c5d0fa3},{61bf689b-2be6-4d6c-a26e-9fbc2d8049f6},{985f4025-239f-4476-bac9-fb20ef04f779},{00c4c9f1-166b-46da-94f9-bec977b8d871} float=
2026-09-12T12:07:52+02:00 HAL9000 kwin_wayland[3254]: kwin-xmonad-lite: apply {36558f12-8b7d-4ecf-ba29-04ee6c5d0fa3} soll=1248x1050+0+0
2026-09-12T12:07:52+02:00 HAL9000 kwin_wayland[3254]: kwin-xmonad-lite: apply {61bf689b-2be6-4d6c-a26e-9fbc2d8049f6} soll=672x350+1248+0
2026-09-12T12:07:52+02:00 HAL9000 kwin_wayland[3254]: kwin-xmonad-lite: apply {985f4025-239f-4476-bac9-fb20ef04f779} soll=672x350+1248+350
2026-09-12T12:07:52+02:00 HAL9000 kwin_wayland[3254]: kwin-xmonad-lite: apply {00c4c9f1-166b-46da-94f9-bec977b8d871} soll=672x350+1248+700
2026-09-12T12:07:54+02:00 HAL9000 kwin_wayland[3254]: kwin-xmonad-lite: arrange #47 grund=windowActivated,windowAdded surfaces=2 mitglieder=6 teilnehmer=6
2026-09-12T12:07:54+02:00 HAL9000 kwin_wayland[3254]: kwin-xmonad-lite: surface a89f5ec2-ab8e-4108-8088-7118500a3aab|89539ae6-e06b-4c76-a057-95df959578a9|eDP-1 layout=tall n=2 ratio=0.65 fläche=1280x720+1920+0
2026-09-12T12:07:54+02:00 HAL9000 kwin_wayland[3254]: kwin-xmonad-lite: diagnose a89f5ec2-ab8e-4108-8088-7118500a3aab|89539ae6-e06b-4c76-a057-95df959578a9|eDP-1 order={eaa20b7a-b463-4058-9c8b-1956f3b68db3},{36d65b88-4f0f-41b7-b787-d35bf2e896be} teilnehmer={eaa20b7a-b463-4058-9c8b-1956f3b68db3},{36d65b88-4f0f-41b7-b787-d35bf2e896be} float=
2026-09-12T12:07:54+02:00 HAL9000 kwin_wayland[3254]: kwin-xmonad-lite: apply {eaa20b7a-b463-4058-9c8b-1956f3b68db3} soll=832x720+1920+0
2026-09-12T12:07:54+02:00 HAL9000 kwin_wayland[3254]: kwin-xmonad-lite: apply {36d65b88-4f0f-41b7-b787-d35bf2e896be} soll=448x720+2752+0
2026-09-12T12:07:54+02:00 HAL9000 kwin_wayland[3254]: kwin-xmonad-lite: surface a89f5ec2-ab8e-4108-8088-7118500a3aab|89539ae6-e06b-4c76-a057-95df959578a9|DP-3 layout=tall n=4 ratio=0.65 fläche=1920x1050+0+0
2026-09-12T12:07:54+02:00 HAL9000 kwin_wayland[3254]: kwin-xmonad-lite: diagnose a89f5ec2-ab8e-4108-8088-7118500a3aab|89539ae6-e06b-4c76-a057-95df959578a9|DP-3 order={36558f12-8b7d-4ecf-ba29-04ee6c5d0fa3},{61bf689b-2be6-4d6c-a26e-9fbc2d8049f6},{985f4025-239f-4476-bac9-fb20ef04f779},{00c4c9f1-166b-46da-94f9-bec977b8d871} teilnehmer={36558f12-8b7d-4ecf-ba29-04ee6c5d0fa3},{61bf689b-2be6-4d6c-a26e-9fbc2d8049f6},{985f4025-239f-4476-bac9-fb20ef04f779},{00c4c9f1-166b-46da-94f9-bec977b8d871} float=
2026-09-12T12:07:55+02:00 HAL9000 kwin_wayland[3254]: kwin-xmonad-lite: extern {eaa20b7a-b463-4058-9c8b-1956f3b68db3}
2026-09-12T12:07:55+02:00 HAL9000 kwin_wayland[3254]: kwin-xmonad-lite: arrange #48 grund=geometrieExtern,fensterzustand surfaces=2 mitglieder=6 teilnehmer=6
2026-09-12T12:07:55+02:00 HAL9000 kwin_wayland[3254]: kwin-xmonad-lite: surface a89f5ec2-ab8e-4108-8088-7118500a3aab|89539ae6-e06b-4c76-a057-95df959578a9|eDP-1 layout=tall n=1 ratio=0.65 fläche=1280x720+1920+0
2026-09-12T12:07:55+02:00 HAL9000 kwin_wayland[3254]: kwin-xmonad-lite: diagnose a89f5ec2-ab8e-4108-8088-7118500a3aab|89539ae6-e06b-4c76-a057-95df959578a9|eDP-1 order={36d65b88-4f0f-41b7-b787-d35bf2e896be} teilnehmer={36d65b88-4f0f-41b7-b787-d35bf2e896be} float=
2026-09-12T12:07:55+02:00 HAL9000 kwin_wayland[3254]: kwin-xmonad-lite: apply {36d65b88-4f0f-41b7-b787-d35bf2e896be} soll=1280x720+1920+0
2026-09-12T12:07:55+02:00 HAL9000 kwin_wayland[3254]: kwin-xmonad-lite: surface a89f5ec2-ab8e-4108-8088-7118500a3aab|89539ae6-e06b-4c76-a057-95df959578a9|DP-3 layout=tall n=5 ratio=0.65 fläche=1920x1050+0+0
2026-09-12T12:07:55+02:00 HAL9000 kwin_wayland[3254]: kwin-xmonad-lite: diagnose a89f5ec2-ab8e-4108-8088-7118500a3aab|89539ae6-e06b-4c76-a057-95df959578a9|DP-3 order={eaa20b7a-b463-4058-9c8b-1956f3b68db3},{36558f12-8b7d-4ecf-ba29-04ee6c5d0fa3},{61bf689b-2be6-4d6c-a26e-9fbc2d8049f6},{985f4025-239f-4476-bac9-fb20ef04f779},{00c4c9f1-166b-46da-94f9-bec977b8d871} teilnehmer={eaa20b7a-b463-4058-9c8b-1956f3b68db3},{36558f12-8b7d-4ecf-ba29-04ee6c5d0fa3},{61bf689b-2be6-4d6c-a26e-9fbc2d8049f6},{985f4025-239f-4476-bac9-fb20ef04f779},{00c4c9f1-166b-46da-94f9-bec977b8d871} float=
2026-09-12T12:07:55+02:00 HAL9000 kwin_wayland[3254]: kwin-xmonad-lite: apply {eaa20b7a-b463-4058-9c8b-1956f3b68db3} soll=1248x1050+0+0
2026-09-12T12:07:55+02:00 HAL9000 kwin_wayland[3254]: kwin-xmonad-lite: apply {36558f12-8b7d-4ecf-ba29-04ee6c5d0fa3} soll=672x263+1248+0
2026-09-12T12:07:55+02:00 HAL9000 kwin_wayland[3254]: kwin-xmonad-lite: apply {61bf689b-2be6-4d6c-a26e-9fbc2d8049f6} soll=672x263+1248+263
2026-09-12T12:07:55+02:00 HAL9000 kwin_wayland[3254]: kwin-xmonad-lite: apply {985f4025-239f-4476-bac9-fb20ef04f779} soll=672x262+1248+526
2026-09-12T12:07:55+02:00 HAL9000 kwin_wayland[3254]: kwin-xmonad-lite: apply {00c4c9f1-166b-46da-94f9-bec977b8d871} soll=672x262+1248+788
2026-09-12T12:07:57+02:00 HAL9000 kwin_wayland[3254]: kwin-xmonad-lite: arrange #49 grund=windowActivated,windowAdded surfaces=2 mitglieder=7 teilnehmer=7
2026-09-12T12:07:57+02:00 HAL9000 kwin_wayland[3254]: kwin-xmonad-lite: surface a89f5ec2-ab8e-4108-8088-7118500a3aab|89539ae6-e06b-4c76-a057-95df959578a9|eDP-1 layout=tall n=1 ratio=0.65 fläche=1280x720+1920+0
2026-09-12T12:07:57+02:00 HAL9000 kwin_wayland[3254]: kwin-xmonad-lite: diagnose a89f5ec2-ab8e-4108-8088-7118500a3aab|89539ae6-e06b-4c76-a057-95df959578a9|eDP-1 order={36d65b88-4f0f-41b7-b787-d35bf2e896be} teilnehmer={36d65b88-4f0f-41b7-b787-d35bf2e896be} float=
2026-09-12T12:07:57+02:00 HAL9000 kwin_wayland[3254]: kwin-xmonad-lite: surface a89f5ec2-ab8e-4108-8088-7118500a3aab|89539ae6-e06b-4c76-a057-95df959578a9|DP-3 layout=tall n=6 ratio=0.65 fläche=1920x1050+0+0
2026-09-12T12:07:57+02:00 HAL9000 kwin_wayland[3254]: kwin-xmonad-lite: diagnose a89f5ec2-ab8e-4108-8088-7118500a3aab|89539ae6-e06b-4c76-a057-95df959578a9|DP-3 order={40655bec-beca-427f-91c3-dd69d3ebfb1c},{eaa20b7a-b463-4058-9c8b-1956f3b68db3},{36558f12-8b7d-4ecf-ba29-04ee6c5d0fa3},{61bf689b-2be6-4d6c-a26e-9fbc2d8049f6},{985f4025-239f-4476-bac9-fb20ef04f779},{00c4c9f1-166b-46da-94f9-bec977b8d871} teilnehmer={40655bec-beca-427f-91c3-dd69d3ebfb1c},{eaa20b7a-b463-4058-9c8b-1956f3b68db3},{36558f12-8b7d-4ecf-ba29-04ee6c5d0fa3},{61bf689b-2be6-4d6c-a26e-9fbc2d8049f6},{985f4025-239f-4476-bac9-fb20ef04f779},{00c4c9f1-166b-46da-94f9-bec977b8d871} float=
2026-09-12T12:07:57+02:00 HAL9000 kwin_wayland[3254]: kwin-xmonad-lite: apply {40655bec-beca-427f-91c3-dd69d3ebfb1c} soll=1248x1050+0+0
2026-09-12T12:07:57+02:00 HAL9000 kwin_wayland[3254]: kwin-xmonad-lite: apply {eaa20b7a-b463-4058-9c8b-1956f3b68db3} soll=672x210+1248+0
2026-09-12T12:07:57+02:00 HAL9000 kwin_wayland[3254]: kwin-xmonad-lite: apply {36558f12-8b7d-4ecf-ba29-04ee6c5d0fa3} soll=672x210+1248+210
2026-09-12T12:07:57+02:00 HAL9000 kwin_wayland[3254]: kwin-xmonad-lite: apply {61bf689b-2be6-4d6c-a26e-9fbc2d8049f6} soll=672x210+1248+420
2026-09-12T12:07:57+02:00 HAL9000 kwin_wayland[3254]: kwin-xmonad-lite: apply {985f4025-239f-4476-bac9-fb20ef04f779} soll=672x210+1248+630
2026-09-12T12:07:57+02:00 HAL9000 kwin_wayland[3254]: kwin-xmonad-lite: apply {00c4c9f1-166b-46da-94f9-bec977b8d871} soll=672x210+1248+840
2026-09-12T12:07:59+02:00 HAL9000 kwin_wayland[3254]: kwin-xmonad-lite: extern {40655bec-beca-427f-91c3-dd69d3ebfb1c}
2026-09-12T12:07:59+02:00 HAL9000 kwin_wayland[3254]: kwin-xmonad-lite: arrange #50 grund=geometrieExtern,fensterzustand surfaces=2 mitglieder=7 teilnehmer=7
2026-09-12T12:07:59+02:00 HAL9000 kwin_wayland[3254]: kwin-xmonad-lite: surface a89f5ec2-ab8e-4108-8088-7118500a3aab|89539ae6-e06b-4c76-a057-95df959578a9|eDP-1 layout=tall n=2 ratio=0.65 fläche=1280x720+1920+0
2026-09-12T12:07:59+02:00 HAL9000 kwin_wayland[3254]: kwin-xmonad-lite: diagnose a89f5ec2-ab8e-4108-8088-7118500a3aab|89539ae6-e06b-4c76-a057-95df959578a9|eDP-1 order={40655bec-beca-427f-91c3-dd69d3ebfb1c},{36d65b88-4f0f-41b7-b787-d35bf2e896be} teilnehmer={40655bec-beca-427f-91c3-dd69d3ebfb1c},{36d65b88-4f0f-41b7-b787-d35bf2e896be} float=
2026-09-12T12:07:59+02:00 HAL9000 kwin_wayland[3254]: kwin-xmonad-lite: apply {40655bec-beca-427f-91c3-dd69d3ebfb1c} soll=832x720+1920+0
2026-09-12T12:07:59+02:00 HAL9000 kwin_wayland[3254]: kwin-xmonad-lite: apply {36d65b88-4f0f-41b7-b787-d35bf2e896be} soll=448x720+2752+0
2026-09-12T12:07:59+02:00 HAL9000 kwin_wayland[3254]: kwin-xmonad-lite: surface a89f5ec2-ab8e-4108-8088-7118500a3aab|89539ae6-e06b-4c76-a057-95df959578a9|DP-3 layout=tall n=5 ratio=0.65 fläche=1920x1050+0+0
2026-09-12T12:07:59+02:00 HAL9000 kwin_wayland[3254]: kwin-xmonad-lite: diagnose a89f5ec2-ab8e-4108-8088-7118500a3aab|89539ae6-e06b-4c76-a057-95df959578a9|DP-3 order={eaa20b7a-b463-4058-9c8b-1956f3b68db3},{36558f12-8b7d-4ecf-ba29-04ee6c5d0fa3},{61bf689b-2be6-4d6c-a26e-9fbc2d8049f6},{985f4025-239f-4476-bac9-fb20ef04f779},{00c4c9f1-166b-46da-94f9-bec977b8d871} teilnehmer={eaa20b7a-b463-4058-9c8b-1956f3b68db3},{36558f12-8b7d-4ecf-ba29-04ee6c5d0fa3},{61bf689b-2be6-4d6c-a26e-9fbc2d8049f6},{985f4025-239f-4476-bac9-fb20ef04f779},{00c4c9f1-166b-46da-94f9-bec977b8d871} float=
2026-09-12T12:07:59+02:00 HAL9000 kwin_wayland[3254]: kwin-xmonad-lite: apply {eaa20b7a-b463-4058-9c8b-1956f3b68db3} soll=1248x1050+0+0
2026-09-12T12:07:59+02:00 HAL9000 kwin_wayland[3254]: kwin-xmonad-lite: apply {36558f12-8b7d-4ecf-ba29-04ee6c5d0fa3} soll=672x263+1248+0
2026-09-12T12:07:59+02:00 HAL9000 kwin_wayland[3254]: kwin-xmonad-lite: apply {61bf689b-2be6-4d6c-a26e-9fbc2d8049f6} soll=672x263+1248+263
2026-09-12T12:07:59+02:00 HAL9000 kwin_wayland[3254]: kwin-xmonad-lite: apply {985f4025-239f-4476-bac9-fb20ef04f779} soll=672x262+1248+526
2026-09-12T12:07:59+02:00 HAL9000 kwin_wayland[3254]: kwin-xmonad-lite: apply {00c4c9f1-166b-46da-94f9-bec977b8d871} soll=672x262+1248+788
2026-09-12T12:08:00+02:00 HAL9000 kwin_wayland[3254]: kwin-xmonad-lite: arrange #51 grund=windowActivated surfaces=2 mitglieder=7 teilnehmer=7
2026-09-12T12:08:00+02:00 HAL9000 kwin_wayland[3254]: kwin-xmonad-lite: surface a89f5ec2-ab8e-4108-8088-7118500a3aab|89539ae6-e06b-4c76-a057-95df959578a9|eDP-1 layout=tall n=2 ratio=0.65 fläche=1280x720+1920+0
2026-09-12T12:08:00+02:00 HAL9000 kwin_wayland[3254]: kwin-xmonad-lite: diagnose a89f5ec2-ab8e-4108-8088-7118500a3aab|89539ae6-e06b-4c76-a057-95df959578a9|eDP-1 order={40655bec-beca-427f-91c3-dd69d3ebfb1c},{36d65b88-4f0f-41b7-b787-d35bf2e896be} teilnehmer={40655bec-beca-427f-91c3-dd69d3ebfb1c},{36d65b88-4f0f-41b7-b787-d35bf2e896be} float=
2026-09-12T12:08:00+02:00 HAL9000 kwin_wayland[3254]: kwin-xmonad-lite: surface a89f5ec2-ab8e-4108-8088-7118500a3aab|89539ae6-e06b-4c76-a057-95df959578a9|DP-3 layout=tall n=5 ratio=0.65 fläche=1920x1050+0+0
2026-09-12T12:08:00+02:00 HAL9000 kwin_wayland[3254]: kwin-xmonad-lite: diagnose a89f5ec2-ab8e-4108-8088-7118500a3aab|89539ae6-e06b-4c76-a057-95df959578a9|DP-3 order={eaa20b7a-b463-4058-9c8b-1956f3b68db3},{36558f12-8b7d-4ecf-ba29-04ee6c5d0fa3},{61bf689b-2be6-4d6c-a26e-9fbc2d8049f6},{985f4025-239f-4476-bac9-fb20ef04f779},{00c4c9f1-166b-46da-94f9-bec977b8d871} teilnehmer={eaa20b7a-b463-4058-9c8b-1956f3b68db3},{36558f12-8b7d-4ecf-ba29-04ee6c5d0fa3},{61bf689b-2be6-4d6c-a26e-9fbc2d8049f6},{985f4025-239f-4476-bac9-fb20ef04f779},{00c4c9f1-166b-46da-94f9-bec977b8d871} float=
2026-09-12T12:08:01+02:00 HAL9000 kwin_wayland[3254]: kwin-xmonad-lite: befehl shrink surface=a89f5ec2-ab8e-4108-8088-7118500a3aab|89539ae6-e06b-4c76-a057-95df959578a9|DP-3 via=aktiv ratio=0.6
2026-09-12T12:08:01+02:00 HAL9000 kwin_wayland[3254]: kwin-xmonad-lite: arrange #52 grund=shortcut:shrink surfaces=2 mitglieder=7 teilnehmer=7
2026-09-12T12:08:01+02:00 HAL9000 kwin_wayland[3254]: kwin-xmonad-lite: surface a89f5ec2-ab8e-4108-8088-7118500a3aab|89539ae6-e06b-4c76-a057-95df959578a9|eDP-1 layout=tall n=2 ratio=0.65 fläche=1280x720+1920+0
2026-09-12T12:08:01+02:00 HAL9000 kwin_wayland[3254]: kwin-xmonad-lite: diagnose a89f5ec2-ab8e-4108-8088-7118500a3aab|89539ae6-e06b-4c76-a057-95df959578a9|eDP-1 order={40655bec-beca-427f-91c3-dd69d3ebfb1c},{36d65b88-4f0f-41b7-b787-d35bf2e896be} teilnehmer={40655bec-beca-427f-91c3-dd69d3ebfb1c},{36d65b88-4f0f-41b7-b787-d35bf2e896be} float=
2026-09-12T12:08:01+02:00 HAL9000 kwin_wayland[3254]: kwin-xmonad-lite: surface a89f5ec2-ab8e-4108-8088-7118500a3aab|89539ae6-e06b-4c76-a057-95df959578a9|DP-3 layout=tall n=5 ratio=0.6 fläche=1920x1050+0+0
2026-09-12T12:08:01+02:00 HAL9000 kwin_wayland[3254]: kwin-xmonad-lite: diagnose a89f5ec2-ab8e-4108-8088-7118500a3aab|89539ae6-e06b-4c76-a057-95df959578a9|DP-3 order={eaa20b7a-b463-4058-9c8b-1956f3b68db3},{36558f12-8b7d-4ecf-ba29-04ee6c5d0fa3},{61bf689b-2be6-4d6c-a26e-9fbc2d8049f6},{985f4025-239f-4476-bac9-fb20ef04f779},{00c4c9f1-166b-46da-94f9-bec977b8d871} teilnehmer={eaa20b7a-b463-4058-9c8b-1956f3b68db3},{36558f12-8b7d-4ecf-ba29-04ee6c5d0fa3},{61bf689b-2be6-4d6c-a26e-9fbc2d8049f6},{985f4025-239f-4476-bac9-fb20ef04f779},{00c4c9f1-166b-46da-94f9-bec977b8d871} float=
2026-09-12T12:08:01+02:00 HAL9000 kwin_wayland[3254]: kwin-xmonad-lite: apply {eaa20b7a-b463-4058-9c8b-1956f3b68db3} soll=1152x1050+0+0
2026-09-12T12:08:01+02:00 HAL9000 kwin_wayland[3254]: kwin-xmonad-lite: apply {36558f12-8b7d-4ecf-ba29-04ee6c5d0fa3} soll=768x263+1152+0
2026-09-12T12:08:01+02:00 HAL9000 kwin_wayland[3254]: kwin-xmonad-lite: apply {61bf689b-2be6-4d6c-a26e-9fbc2d8049f6} soll=768x263+1152+263
2026-09-12T12:08:01+02:00 HAL9000 kwin_wayland[3254]: kwin-xmonad-lite: apply {985f4025-239f-4476-bac9-fb20ef04f779} soll=768x262+1152+526
2026-09-12T12:08:01+02:00 HAL9000 kwin_wayland[3254]: kwin-xmonad-lite: apply {00c4c9f1-166b-46da-94f9-bec977b8d871} soll=768x262+1152+788
2026-09-12T12:08:02+02:00 HAL9000 kwin_wayland[3254]: kwin-xmonad-lite: befehl shrink surface=a89f5ec2-ab8e-4108-8088-7118500a3aab|89539ae6-e06b-4c76-a057-95df959578a9|DP-3 via=aktiv ratio=0.55
2026-09-12T12:08:02+02:00 HAL9000 kwin_wayland[3254]: kwin-xmonad-lite: arrange #53 grund=shortcut:shrink surfaces=2 mitglieder=7 teilnehmer=7
2026-09-12T12:08:02+02:00 HAL9000 kwin_wayland[3254]: kwin-xmonad-lite: surface a89f5ec2-ab8e-4108-8088-7118500a3aab|89539ae6-e06b-4c76-a057-95df959578a9|eDP-1 layout=tall n=2 ratio=0.65 fläche=1280x720+1920+0
2026-09-12T12:08:02+02:00 HAL9000 kwin_wayland[3254]: kwin-xmonad-lite: diagnose a89f5ec2-ab8e-4108-8088-7118500a3aab|89539ae6-e06b-4c76-a057-95df959578a9|eDP-1 order={40655bec-beca-427f-91c3-dd69d3ebfb1c},{36d65b88-4f0f-41b7-b787-d35bf2e896be} teilnehmer={40655bec-beca-427f-91c3-dd69d3ebfb1c},{36d65b88-4f0f-41b7-b787-d35bf2e896be} float=
2026-09-12T12:08:02+02:00 HAL9000 kwin_wayland[3254]: kwin-xmonad-lite: surface a89f5ec2-ab8e-4108-8088-7118500a3aab|89539ae6-e06b-4c76-a057-95df959578a9|DP-3 layout=tall n=5 ratio=0.55 fläche=1920x1050+0+0
2026-09-12T12:08:02+02:00 HAL9000 kwin_wayland[3254]: kwin-xmonad-lite: diagnose a89f5ec2-ab8e-4108-8088-7118500a3aab|89539ae6-e06b-4c76-a057-95df959578a9|DP-3 order={eaa20b7a-b463-4058-9c8b-1956f3b68db3},{36558f12-8b7d-4ecf-ba29-04ee6c5d0fa3},{61bf689b-2be6-4d6c-a26e-9fbc2d8049f6},{985f4025-239f-4476-bac9-fb20ef04f779},{00c4c9f1-166b-46da-94f9-bec977b8d871} teilnehmer={eaa20b7a-b463-4058-9c8b-1956f3b68db3},{36558f12-8b7d-4ecf-ba29-04ee6c5d0fa3},{61bf689b-2be6-4d6c-a26e-9fbc2d8049f6},{985f4025-239f-4476-bac9-fb20ef04f779},{00c4c9f1-166b-46da-94f9-bec977b8d871} float=
2026-09-12T12:08:02+02:00 HAL9000 kwin_wayland[3254]: kwin-xmonad-lite: apply {eaa20b7a-b463-4058-9c8b-1956f3b68db3} soll=1056x1050+0+0
2026-09-12T12:08:02+02:00 HAL9000 kwin_wayland[3254]: kwin-xmonad-lite: apply {36558f12-8b7d-4ecf-ba29-04ee6c5d0fa3} soll=864x263+1056+0
2026-09-12T12:08:02+02:00 HAL9000 kwin_wayland[3254]: kwin-xmonad-lite: apply {61bf689b-2be6-4d6c-a26e-9fbc2d8049f6} soll=864x263+1056+263
2026-09-12T12:08:02+02:00 HAL9000 kwin_wayland[3254]: kwin-xmonad-lite: apply {985f4025-239f-4476-bac9-fb20ef04f779} soll=864x262+1056+526
2026-09-12T12:08:02+02:00 HAL9000 kwin_wayland[3254]: kwin-xmonad-lite: apply {00c4c9f1-166b-46da-94f9-bec977b8d871} soll=864x262+1056+788
2026-09-12T12:08:03+02:00 HAL9000 kwin_wayland[3254]: kwin-xmonad-lite: arrange #54 grund=windowActivated surfaces=2 mitglieder=7 teilnehmer=7
2026-09-12T12:08:03+02:00 HAL9000 kwin_wayland[3254]: kwin-xmonad-lite: surface a89f5ec2-ab8e-4108-8088-7118500a3aab|89539ae6-e06b-4c76-a057-95df959578a9|eDP-1 layout=tall n=2 ratio=0.65 fläche=1280x720+1920+0
2026-09-12T12:08:03+02:00 HAL9000 kwin_wayland[3254]: kwin-xmonad-lite: diagnose a89f5ec2-ab8e-4108-8088-7118500a3aab|89539ae6-e06b-4c76-a057-95df959578a9|eDP-1 order={40655bec-beca-427f-91c3-dd69d3ebfb1c},{36d65b88-4f0f-41b7-b787-d35bf2e896be} teilnehmer={40655bec-beca-427f-91c3-dd69d3ebfb1c},{36d65b88-4f0f-41b7-b787-d35bf2e896be} float=
2026-09-12T12:08:03+02:00 HAL9000 kwin_wayland[3254]: kwin-xmonad-lite: surface a89f5ec2-ab8e-4108-8088-7118500a3aab|89539ae6-e06b-4c76-a057-95df959578a9|DP-3 layout=tall n=5 ratio=0.55 fläche=1920x1050+0+0
2026-09-12T12:08:03+02:00 HAL9000 kwin_wayland[3254]: kwin-xmonad-lite: diagnose a89f5ec2-ab8e-4108-8088-7118500a3aab|89539ae6-e06b-4c76-a057-95df959578a9|DP-3 order={eaa20b7a-b463-4058-9c8b-1956f3b68db3},{36558f12-8b7d-4ecf-ba29-04ee6c5d0fa3},{61bf689b-2be6-4d6c-a26e-9fbc2d8049f6},{985f4025-239f-4476-bac9-fb20ef04f779},{00c4c9f1-166b-46da-94f9-bec977b8d871} teilnehmer={eaa20b7a-b463-4058-9c8b-1956f3b68db3},{36558f12-8b7d-4ecf-ba29-04ee6c5d0fa3},{61bf689b-2be6-4d6c-a26e-9fbc2d8049f6},{985f4025-239f-4476-bac9-fb20ef04f779},{00c4c9f1-166b-46da-94f9-bec977b8d871} float=
2026-09-12T12:08:04+02:00 HAL9000 kwin_wayland[3254]: kwin-xmonad-lite: befehl focusNext surface=a89f5ec2-ab8e-4108-8088-7118500a3aab|89539ae6-e06b-4c76-a057-95df959578a9|eDP-1 via=aktiv fokus={36d65b88-4f0f-41b7-b787-d35bf2e896be}
2026-09-12T12:08:04+02:00 HAL9000 kwin_wayland[3254]: kwin-xmonad-lite: aktiviere {36d65b88-4f0f-41b7-b787-d35bf2e896be}
2026-09-12T12:08:04+02:00 HAL9000 kwin_wayland[3254]: kwin-xmonad-lite: arrange #55 grund=windowActivated,shortcut:focusNext surfaces=2 mitglieder=7 teilnehmer=7
2026-09-12T12:08:04+02:00 HAL9000 kwin_wayland[3254]: kwin-xmonad-lite: surface a89f5ec2-ab8e-4108-8088-7118500a3aab|89539ae6-e06b-4c76-a057-95df959578a9|eDP-1 layout=tall n=2 ratio=0.65 fläche=1280x720+1920+0
2026-09-12T12:08:04+02:00 HAL9000 kwin_wayland[3254]: kwin-xmonad-lite: diagnose a89f5ec2-ab8e-4108-8088-7118500a3aab|89539ae6-e06b-4c76-a057-95df959578a9|eDP-1 order={40655bec-beca-427f-91c3-dd69d3ebfb1c},{36d65b88-4f0f-41b7-b787-d35bf2e896be} teilnehmer={40655bec-beca-427f-91c3-dd69d3ebfb1c},{36d65b88-4f0f-41b7-b787-d35bf2e896be} float=
2026-09-12T12:08:04+02:00 HAL9000 kwin_wayland[3254]: kwin-xmonad-lite: surface a89f5ec2-ab8e-4108-8088-7118500a3aab|89539ae6-e06b-4c76-a057-95df959578a9|DP-3 layout=tall n=5 ratio=0.55 fläche=1920x1050+0+0
2026-09-12T12:08:04+02:00 HAL9000 kwin_wayland[3254]: kwin-xmonad-lite: diagnose a89f5ec2-ab8e-4108-8088-7118500a3aab|89539ae6-e06b-4c76-a057-95df959578a9|DP-3 order={eaa20b7a-b463-4058-9c8b-1956f3b68db3},{36558f12-8b7d-4ecf-ba29-04ee6c5d0fa3},{61bf689b-2be6-4d6c-a26e-9fbc2d8049f6},{985f4025-239f-4476-bac9-fb20ef04f779},{00c4c9f1-166b-46da-94f9-bec977b8d871} teilnehmer={eaa20b7a-b463-4058-9c8b-1956f3b68db3},{36558f12-8b7d-4ecf-ba29-04ee6c5d0fa3},{61bf689b-2be6-4d6c-a26e-9fbc2d8049f6},{985f4025-239f-4476-bac9-fb20ef04f779},{00c4c9f1-166b-46da-94f9-bec977b8d871} float=
2026-09-12T12:08:05+02:00 HAL9000 kxl-abnahme[7976]: == Fall 26d Zustand gesetzt ==
2026-09-12T12:08:23+02:00 HAL9000 kwin_wayland[3254]: kwin-xmonad-lite: arrange #56 grund=windowActivated surfaces=2 mitglieder=7 teilnehmer=7
2026-09-12T12:08:23+02:00 HAL9000 kwin_wayland[3254]: kwin-xmonad-lite: surface a89f5ec2-ab8e-4108-8088-7118500a3aab|89539ae6-e06b-4c76-a057-95df959578a9|eDP-1 layout=tall n=2 ratio=0.65 fläche=1280x720+1920+0
2026-09-12T12:08:23+02:00 HAL9000 kwin_wayland[3254]: kwin-xmonad-lite: diagnose a89f5ec2-ab8e-4108-8088-7118500a3aab|89539ae6-e06b-4c76-a057-95df959578a9|eDP-1 order={40655bec-beca-427f-91c3-dd69d3ebfb1c},{36d65b88-4f0f-41b7-b787-d35bf2e896be} teilnehmer={40655bec-beca-427f-91c3-dd69d3ebfb1c},{36d65b88-4f0f-41b7-b787-d35bf2e896be} float=
2026-09-12T12:08:23+02:00 HAL9000 kwin_wayland[3254]: kwin-xmonad-lite: surface a89f5ec2-ab8e-4108-8088-7118500a3aab|89539ae6-e06b-4c76-a057-95df959578a9|DP-3 layout=tall n=5 ratio=0.55 fläche=1920x1050+0+0
2026-09-12T12:08:23+02:00 HAL9000 kwin_wayland[3254]: kwin-xmonad-lite: diagnose a89f5ec2-ab8e-4108-8088-7118500a3aab|89539ae6-e06b-4c76-a057-95df959578a9|DP-3 order={eaa20b7a-b463-4058-9c8b-1956f3b68db3},{36558f12-8b7d-4ecf-ba29-04ee6c5d0fa3},{61bf689b-2be6-4d6c-a26e-9fbc2d8049f6},{985f4025-239f-4476-bac9-fb20ef04f779},{00c4c9f1-166b-46da-94f9-bec977b8d871} teilnehmer={eaa20b7a-b463-4058-9c8b-1956f3b68db3},{36558f12-8b7d-4ecf-ba29-04ee6c5d0fa3},{61bf689b-2be6-4d6c-a26e-9fbc2d8049f6},{985f4025-239f-4476-bac9-fb20ef04f779},{00c4c9f1-166b-46da-94f9-bec977b8d871} float=
2026-09-12T12:08:24+02:00 HAL9000 kwin_wayland[3254]: kwin-xmonad-lite: extern {eaa20b7a-b463-4058-9c8b-1956f3b68db3}
2026-09-12T12:08:24+02:00 HAL9000 kwin_wayland[3254]: kwin-xmonad-lite: arrange #57 grund=geometrieExtern,fensterzustand surfaces=2 mitglieder=7 teilnehmer=7
2026-09-12T12:08:24+02:00 HAL9000 kwin_wayland[3254]: kwin-xmonad-lite: surface a89f5ec2-ab8e-4108-8088-7118500a3aab|89539ae6-e06b-4c76-a057-95df959578a9|eDP-1 layout=tall n=3 ratio=0.65 fläche=1280x720+1920+0
2026-09-12T12:08:24+02:00 HAL9000 kwin_wayland[3254]: kwin-xmonad-lite: diagnose a89f5ec2-ab8e-4108-8088-7118500a3aab|89539ae6-e06b-4c76-a057-95df959578a9|eDP-1 order={40655bec-beca-427f-91c3-dd69d3ebfb1c},{eaa20b7a-b463-4058-9c8b-1956f3b68db3},{36d65b88-4f0f-41b7-b787-d35bf2e896be} teilnehmer={40655bec-beca-427f-91c3-dd69d3ebfb1c},{eaa20b7a-b463-4058-9c8b-1956f3b68db3},{36d65b88-4f0f-41b7-b787-d35bf2e896be} float=
2026-09-12T12:08:24+02:00 HAL9000 kwin_wayland[3254]: kwin-xmonad-lite: apply {eaa20b7a-b463-4058-9c8b-1956f3b68db3} soll=448x360+2752+0
2026-09-12T12:08:24+02:00 HAL9000 kwin_wayland[3254]: kwin-xmonad-lite: apply {36d65b88-4f0f-41b7-b787-d35bf2e896be} soll=448x360+2752+360
2026-09-12T12:08:24+02:00 HAL9000 kwin_wayland[3254]: kwin-xmonad-lite: surface a89f5ec2-ab8e-4108-8088-7118500a3aab|89539ae6-e06b-4c76-a057-95df959578a9|DP-3 layout=tall n=4 ratio=0.55 fläche=1920x1050+0+0
2026-09-12T12:08:24+02:00 HAL9000 kwin_wayland[3254]: kwin-xmonad-lite: diagnose a89f5ec2-ab8e-4108-8088-7118500a3aab|89539ae6-e06b-4c76-a057-95df959578a9|DP-3 order={36558f12-8b7d-4ecf-ba29-04ee6c5d0fa3},{61bf689b-2be6-4d6c-a26e-9fbc2d8049f6},{985f4025-239f-4476-bac9-fb20ef04f779},{00c4c9f1-166b-46da-94f9-bec977b8d871} teilnehmer={36558f12-8b7d-4ecf-ba29-04ee6c5d0fa3},{61bf689b-2be6-4d6c-a26e-9fbc2d8049f6},{985f4025-239f-4476-bac9-fb20ef04f779},{00c4c9f1-166b-46da-94f9-bec977b8d871} float=
2026-09-12T12:08:24+02:00 HAL9000 kwin_wayland[3254]: kwin-xmonad-lite: apply {36558f12-8b7d-4ecf-ba29-04ee6c5d0fa3} soll=1056x1050+0+0
2026-09-12T12:08:24+02:00 HAL9000 kwin_wayland[3254]: kwin-xmonad-lite: apply {61bf689b-2be6-4d6c-a26e-9fbc2d8049f6} soll=864x350+1056+0
2026-09-12T12:08:24+02:00 HAL9000 kwin_wayland[3254]: kwin-xmonad-lite: apply {985f4025-239f-4476-bac9-fb20ef04f779} soll=864x350+1056+350
2026-09-12T12:08:24+02:00 HAL9000 kwin_wayland[3254]: kwin-xmonad-lite: apply {00c4c9f1-166b-46da-94f9-bec977b8d871} soll=864x350+1056+700
2026-09-12T12:08:26+02:00 HAL9000 kwin_wayland[3254]: kwin-xmonad-lite: arrange #58 grund=windowActivated surfaces=2 mitglieder=7 teilnehmer=7
2026-09-12T12:08:26+02:00 HAL9000 kwin_wayland[3254]: kwin-xmonad-lite: surface a89f5ec2-ab8e-4108-8088-7118500a3aab|89539ae6-e06b-4c76-a057-95df959578a9|eDP-1 layout=tall n=3 ratio=0.65 fläche=1280x720+1920+0
2026-09-12T12:08:26+02:00 HAL9000 kwin_wayland[3254]: kwin-xmonad-lite: diagnose a89f5ec2-ab8e-4108-8088-7118500a3aab|89539ae6-e06b-4c76-a057-95df959578a9|eDP-1 order={40655bec-beca-427f-91c3-dd69d3ebfb1c},{eaa20b7a-b463-4058-9c8b-1956f3b68db3},{36d65b88-4f0f-41b7-b787-d35bf2e896be} teilnehmer={40655bec-beca-427f-91c3-dd69d3ebfb1c},{eaa20b7a-b463-4058-9c8b-1956f3b68db3},{36d65b88-4f0f-41b7-b787-d35bf2e896be} float=
2026-09-12T12:08:26+02:00 HAL9000 kwin_wayland[3254]: kwin-xmonad-lite: surface a89f5ec2-ab8e-4108-8088-7118500a3aab|89539ae6-e06b-4c76-a057-95df959578a9|DP-3 layout=tall n=4 ratio=0.55 fläche=1920x1050+0+0
2026-09-12T12:08:26+02:00 HAL9000 kwin_wayland[3254]: kwin-xmonad-lite: diagnose a89f5ec2-ab8e-4108-8088-7118500a3aab|89539ae6-e06b-4c76-a057-95df959578a9|DP-3 order={36558f12-8b7d-4ecf-ba29-04ee6c5d0fa3},{61bf689b-2be6-4d6c-a26e-9fbc2d8049f6},{985f4025-239f-4476-bac9-fb20ef04f779},{00c4c9f1-166b-46da-94f9-bec977b8d871} teilnehmer={36558f12-8b7d-4ecf-ba29-04ee6c5d0fa3},{61bf689b-2be6-4d6c-a26e-9fbc2d8049f6},{985f4025-239f-4476-bac9-fb20ef04f779},{00c4c9f1-166b-46da-94f9-bec977b8d871} float=
2026-09-12T12:08:27+02:00 HAL9000 kwin_wayland[3254]: kwin-xmonad-lite: gc #59 fenster=1 surfaces=0
2026-09-12T12:08:27+02:00 HAL9000 kwin_wayland[3254]: kwin-xmonad-lite: arrange #59 grund=closed,windowActivated,windowRemoved surfaces=2 mitglieder=6 teilnehmer=6
2026-09-12T12:08:27+02:00 HAL9000 kwin_wayland[3254]: kwin-xmonad-lite: surface a89f5ec2-ab8e-4108-8088-7118500a3aab|89539ae6-e06b-4c76-a057-95df959578a9|eDP-1 layout=tall n=3 ratio=0.65 fläche=1280x720+1920+0
2026-09-12T12:08:27+02:00 HAL9000 kwin_wayland[3254]: kwin-xmonad-lite: diagnose a89f5ec2-ab8e-4108-8088-7118500a3aab|89539ae6-e06b-4c76-a057-95df959578a9|eDP-1 order={40655bec-beca-427f-91c3-dd69d3ebfb1c},{eaa20b7a-b463-4058-9c8b-1956f3b68db3},{36d65b88-4f0f-41b7-b787-d35bf2e896be} teilnehmer={40655bec-beca-427f-91c3-dd69d3ebfb1c},{eaa20b7a-b463-4058-9c8b-1956f3b68db3},{36d65b88-4f0f-41b7-b787-d35bf2e896be} float=
2026-09-12T12:08:27+02:00 HAL9000 kwin_wayland[3254]: kwin-xmonad-lite: surface a89f5ec2-ab8e-4108-8088-7118500a3aab|89539ae6-e06b-4c76-a057-95df959578a9|DP-3 layout=tall n=3 ratio=0.55 fläche=1920x1050+0+0
2026-09-12T12:08:27+02:00 HAL9000 kwin_wayland[3254]: kwin-xmonad-lite: diagnose a89f5ec2-ab8e-4108-8088-7118500a3aab|89539ae6-e06b-4c76-a057-95df959578a9|DP-3 order={61bf689b-2be6-4d6c-a26e-9fbc2d8049f6},{985f4025-239f-4476-bac9-fb20ef04f779},{00c4c9f1-166b-46da-94f9-bec977b8d871} teilnehmer={61bf689b-2be6-4d6c-a26e-9fbc2d8049f6},{985f4025-239f-4476-bac9-fb20ef04f779},{00c4c9f1-166b-46da-94f9-bec977b8d871} float=
2026-09-12T12:08:27+02:00 HAL9000 kwin_wayland[3254]: kwin-xmonad-lite: apply {61bf689b-2be6-4d6c-a26e-9fbc2d8049f6} soll=1056x1050+0+0
2026-09-12T12:08:27+02:00 HAL9000 kwin_wayland[3254]: kwin-xmonad-lite: apply {985f4025-239f-4476-bac9-fb20ef04f779} soll=864x525+1056+0
2026-09-12T12:08:27+02:00 HAL9000 kwin_wayland[3254]: kwin-xmonad-lite: apply {00c4c9f1-166b-46da-94f9-bec977b8d871} soll=864x525+1056+525
2026-09-12T12:08:30+02:00 HAL9000 kxl-abnahme[8004]: == Fall 26d Zustand gesetzt ==
2026-09-12T12:08:58+02:00 HAL9000 kwin_wayland[3254]: KXLGEO1 {"k":"meta","tag":"KXLGEO1","start":1789207738463,"perOutputDesktops":false,"outputs":2,"samples":[0,500,1500,3000],"titlePrefix":"kxl-","r":1789207738463,"n":0,"ms":0}
2026-09-12T12:08:58+02:00 HAL9000 kwin_wayland[3254]: KXLGEO1 {"k":"view","s":0,"key":"a89f5ec2-ab8e-4108-8088-7118500a3aab|89539ae6-e06b-4c76-a057-95df959578a9|eDP-1","activity":"a89f5ec2-ab8e-4108-8088-7118500a3aab","desktop":"89539ae6-e06b-4c76-a057-95df959578a9","output":"eDP-1","area":{"x":1920,"y":0,"w":1280,"h":720,"exakt":true},"r":1789207738463,"n":1,"ms":0}
2026-09-12T12:08:58+02:00 HAL9000 kwin_wayland[3254]: KXLGEO1 {"k":"view","s":0,"key":"a89f5ec2-ab8e-4108-8088-7118500a3aab|89539ae6-e06b-4c76-a057-95df959578a9|DP-3","activity":"a89f5ec2-ab8e-4108-8088-7118500a3aab","desktop":"89539ae6-e06b-4c76-a057-95df959578a9","output":"DP-3","area":{"x":0,"y":0,"w":1920,"h":1050,"exakt":true},"r":1789207738463,"n":2,"ms":0}
2026-09-12T12:08:58+02:00 HAL9000 kwin_wayland[3254]: KXLGEO1 {"k":"active","s":0,"activeId":"{61bf689b-2be6-4d6c-a26e-9fbc2d8049f6}","r":1789207738463,"n":3,"ms":0}
2026-09-12T12:08:58+02:00 HAL9000 kwin_wayland[3254]: KXLGEO1 {"k":"win","s":0,"id":"{f403026b-f5d1-4d06-9dc6-e27caeb600ad}","cls":"plasmashell","caption":"<Titel entfernt>","output":"DP-3","desktops":[],"activities":[],"onAllDesktops":true,"geo":{"x":0,"y":0,"w":1920,"h":1080,"exakt":true},"min":{"w":0,"h":0},"max":{"w":2147483647,"h":2147483647},"fullScreen":false,"minimized":false,"maximizeMode":0,"moveable":false,"resizeable":false,"move":false,"resize":false,"managed":true,"deleted":false,"normalWindow":false,"specialWindow":true,"popupWindow":false,"dialog":false,"utility":false,"splash":false,"dock":false,"transient":false,"modal":false,"transientFor":null,"r":1789207738463,"n":4,"ms":0}
2026-09-12T12:08:58+02:00 HAL9000 kwin_wayland[3254]: KXLGEO1 {"k":"win","s":0,"id":"{ec21bef1-b673-49b3-8924-0a25eed97369}","cls":"plasmashell","caption":"<Titel entfernt>","output":"DP-3","desktops":[],"activities":[],"onAllDesktops":true,"geo":{"x":0,"y":1050,"w":1920,"h":30,"exakt":true},"min":{"w":0,"h":0},"max":{"w":2147483647,"h":2147483647},"fullScreen":false,"minimized":false,"maximizeMode":0,"moveable":false,"resizeable":false,"move":false,"resize":false,"managed":true,"deleted":false,"normalWindow":false,"specialWindow":true,"popupWindow":false,"dialog":false,"utility":false,"splash":false,"dock":true,"transient":false,"modal":false,"transientFor":null,"r":1789207738463,"n":5,"ms":0}
2026-09-12T12:08:58+02:00 HAL9000 kwin_wayland[3254]: KXLGEO1 {"k":"win","s":0,"id":"{e9ae64c6-e271-4f0e-9390-a0f42df9a31b}","cls":"plasmashell","caption":"<Titel entfernt>","output":"eDP-1","desktops":[],"activities":[],"onAllDesktops":true,"geo":{"x":1920,"y":0,"w":1280,"h":720,"exakt":true},"min":{"w":0,"h":0},"max":{"w":2147483647,"h":2147483647},"fullScreen":false,"minimized":false,"maximizeMode":0,"moveable":false,"resizeable":false,"move":false,"resize":false,"managed":true,"deleted":false,"normalWindow":false,"specialWindow":true,"popupWindow":false,"dialog":false,"utility":false,"splash":false,"dock":false,"transient":false,"modal":false,"transientFor":null,"r":1789207738463,"n":6,"ms":0}
2026-09-12T12:08:58+02:00 HAL9000 kwin_wayland[3254]: KXLGEO1 {"k":"win","s":0,"id":"{00c4c9f1-166b-46da-94f9-bec977b8d871}","cls":"org.kde.kwrite","caption":"kxl-t1.txt — KWrite","output":"DP-3","desktops":["89539ae6-e06b-4c76-a057-95df959578a9"],"activities":["a89f5ec2-ab8e-4108-8088-7118500a3aab"],"onAllDesktops":false,"geo":{"x":1056,"y":525,"w":864,"h":525,"exakt":true},"min":{"w":157,"h":150},"max":{"w":2147483647,"h":2147483647},"fullScreen":false,"minimized":false,"maximizeMode":0,"moveable":true,"resizeable":true,"move":false,"resize":false,"managed":true,"deleted":false,"normalWindow":true,"specialWindow":false,"popupWindow":false,"dialog":false,"utility":false,"splash":false,"dock":false,"transient":false,"modal":false,"transientFor":null,"r":1789207738463,"n":7,"ms":0}
2026-09-12T12:08:58+02:00 HAL9000 kwin_wayland[3254]: KXLGEO1 {"k":"win","s":0,"id":"{985f4025-239f-4476-bac9-fb20ef04f779}","cls":"org.kde.kwrite","caption":"kxl-a1.txt — KWrite","output":"DP-3","desktops":["89539ae6-e06b-4c76-a057-95df959578a9"],"activities":["a89f5ec2-ab8e-4108-8088-7118500a3aab"],"onAllDesktops":false,"geo":{"x":1056,"y":0,"w":864,"h":525,"exakt":true},"min":{"w":157,"h":150},"max":{"w":2147483647,"h":2147483647},"fullScreen":false,"minimized":false,"maximizeMode":0,"moveable":true,"resizeable":true,"move":false,"resize":false,"managed":true,"deleted":false,"normalWindow":true,"specialWindow":false,"popupWindow":false,"dialog":false,"utility":false,"splash":false,"dock":false,"transient":false,"modal":false,"transientFor":null,"r":1789207738463,"n":8,"ms":0}
2026-09-12T12:08:58+02:00 HAL9000 kwin_wayland[3254]: KXLGEO1 {"k":"win","s":0,"id":"{61bf689b-2be6-4d6c-a26e-9fbc2d8049f6}","cls":"org.kde.kwrite","caption":"kxl-a2.txt — KWrite","output":"DP-3","desktops":["89539ae6-e06b-4c76-a057-95df959578a9"],"activities":["a89f5ec2-ab8e-4108-8088-7118500a3aab"],"onAllDesktops":false,"geo":{"x":0,"y":0,"w":1056,"h":1050,"exakt":true},"min":{"w":157,"h":150},"max":{"w":2147483647,"h":2147483647},"fullScreen":false,"minimized":false,"maximizeMode":0,"moveable":true,"resizeable":true,"move":false,"resize":false,"managed":true,"deleted":false,"normalWindow":true,"specialWindow":false,"popupWindow":false,"dialog":false,"utility":false,"splash":false,"dock":false,"transient":false,"modal":false,"transientFor":null,"r":1789207738463,"n":9,"ms":0}
2026-09-12T12:08:58+02:00 HAL9000 kwin_wayland[3254]: KXLGEO1 {"k":"win","s":0,"id":"{36d65b88-4f0f-41b7-b787-d35bf2e896be}","cls":"org.kde.kwrite","caption":"kxl-b1.txt — KWrite","output":"eDP-1","desktops":["89539ae6-e06b-4c76-a057-95df959578a9"],"activities":["a89f5ec2-ab8e-4108-8088-7118500a3aab"],"onAllDesktops":false,"geo":{"x":2752,"y":360,"w":448,"h":360,"exakt":true},"min":{"w":157,"h":150},"max":{"w":2147483647,"h":2147483647},"fullScreen":false,"minimized":false,"maximizeMode":0,"moveable":true,"resizeable":true,"move":false,"resize":false,"managed":true,"deleted":false,"normalWindow":true,"specialWindow":false,"popupWindow":false,"dialog":false,"utility":false,"splash":false,"dock":false,"transient":false,"modal":false,"transientFor":null,"r":1789207738463,"n":10,"ms":0}
2026-09-12T12:08:58+02:00 HAL9000 kwin_wayland[3254]: KXLGEO1 {"k":"win","s":0,"id":"{eaa20b7a-b463-4058-9c8b-1956f3b68db3}","cls":"org.kde.kwrite","caption":"kxl-b2.txt — KWrite","output":"eDP-1","desktops":["89539ae6-e06b-4c76-a057-95df959578a9"],"activities":["a89f5ec2-ab8e-4108-8088-7118500a3aab"],"onAllDesktops":false,"geo":{"x":2752,"y":0,"w":448,"h":360,"exakt":true},"min":{"w":157,"h":150},"max":{"w":2147483647,"h":2147483647},"fullScreen":false,"minimized":false,"maximizeMode":0,"moveable":true,"resizeable":true,"move":false,"resize":false,"managed":true,"deleted":false,"normalWindow":true,"specialWindow":false,"popupWindow":false,"dialog":false,"utility":false,"splash":false,"dock":false,"transient":false,"modal":false,"transientFor":null,"r":1789207738463,"n":11,"ms":1}
2026-09-12T12:08:58+02:00 HAL9000 kwin_wayland[3254]: KXLGEO1 {"k":"win","s":0,"id":"{40655bec-beca-427f-91c3-dd69d3ebfb1c}","cls":"org.kde.kwrite","caption":"kxl-b3.txt — KWrite","output":"eDP-1","desktops":["89539ae6-e06b-4c76-a057-95df959578a9"],"activities":["a89f5ec2-ab8e-4108-8088-7118500a3aab"],"onAllDesktops":false,"geo":{"x":1920,"y":0,"w":832,"h":720,"exakt":true},"min":{"w":157,"h":150},"max":{"w":2147483647,"h":2147483647},"fullScreen":false,"minimized":false,"maximizeMode":0,"moveable":true,"resizeable":true,"move":false,"resize":false,"managed":true,"deleted":false,"normalWindow":true,"specialWindow":false,"popupWindow":false,"dialog":false,"utility":false,"splash":false,"dock":false,"transient":false,"modal":false,"transientFor":null,"r":1789207738463,"n":12,"ms":1}
2026-09-12T12:08:58+02:00 HAL9000 kwin_wayland[3254]: KXLGEO1 {"k":"view","s":1,"key":"a89f5ec2-ab8e-4108-8088-7118500a3aab|89539ae6-e06b-4c76-a057-95df959578a9|eDP-1","activity":"a89f5ec2-ab8e-4108-8088-7118500a3aab","desktop":"89539ae6-e06b-4c76-a057-95df959578a9","output":"eDP-1","area":{"x":1920,"y":0,"w":1280,"h":720,"exakt":true},"r":1789207738463,"n":13,"ms":526}
2026-09-12T12:08:58+02:00 HAL9000 kwin_wayland[3254]: KXLGEO1 {"k":"view","s":1,"key":"a89f5ec2-ab8e-4108-8088-7118500a3aab|89539ae6-e06b-4c76-a057-95df959578a9|DP-3","activity":"a89f5ec2-ab8e-4108-8088-7118500a3aab","desktop":"89539ae6-e06b-4c76-a057-95df959578a9","output":"DP-3","area":{"x":0,"y":0,"w":1920,"h":1050,"exakt":true},"r":1789207738463,"n":14,"ms":526}
2026-09-12T12:08:58+02:00 HAL9000 kwin_wayland[3254]: KXLGEO1 {"k":"active","s":1,"activeId":"{61bf689b-2be6-4d6c-a26e-9fbc2d8049f6}","r":1789207738463,"n":15,"ms":527}
2026-09-12T12:08:58+02:00 HAL9000 kwin_wayland[3254]: KXLGEO1 {"k":"win","s":1,"id":"{f403026b-f5d1-4d06-9dc6-e27caeb600ad}","cls":"plasmashell","caption":"<Titel entfernt>","output":"DP-3","desktops":[],"activities":[],"onAllDesktops":true,"geo":{"x":0,"y":0,"w":1920,"h":1080,"exakt":true},"min":{"w":0,"h":0},"max":{"w":2147483647,"h":2147483647},"fullScreen":false,"minimized":false,"maximizeMode":0,"moveable":false,"resizeable":false,"move":false,"resize":false,"managed":true,"deleted":false,"normalWindow":false,"specialWindow":true,"popupWindow":false,"dialog":false,"utility":false,"splash":false,"dock":false,"transient":false,"modal":false,"transientFor":null,"r":1789207738463,"n":16,"ms":527}
2026-09-12T12:08:58+02:00 HAL9000 kwin_wayland[3254]: KXLGEO1 {"k":"win","s":1,"id":"{ec21bef1-b673-49b3-8924-0a25eed97369}","cls":"plasmashell","caption":"<Titel entfernt>","output":"DP-3","desktops":[],"activities":[],"onAllDesktops":true,"geo":{"x":0,"y":1050,"w":1920,"h":30,"exakt":true},"min":{"w":0,"h":0},"max":{"w":2147483647,"h":2147483647},"fullScreen":false,"minimized":false,"maximizeMode":0,"moveable":false,"resizeable":false,"move":false,"resize":false,"managed":true,"deleted":false,"normalWindow":false,"specialWindow":true,"popupWindow":false,"dialog":false,"utility":false,"splash":false,"dock":true,"transient":false,"modal":false,"transientFor":null,"r":1789207738463,"n":17,"ms":527}
2026-09-12T12:08:58+02:00 HAL9000 kwin_wayland[3254]: KXLGEO1 {"k":"win","s":1,"id":"{e9ae64c6-e271-4f0e-9390-a0f42df9a31b}","cls":"plasmashell","caption":"<Titel entfernt>","output":"eDP-1","desktops":[],"activities":[],"onAllDesktops":true,"geo":{"x":1920,"y":0,"w":1280,"h":720,"exakt":true},"min":{"w":0,"h":0},"max":{"w":2147483647,"h":2147483647},"fullScreen":false,"minimized":false,"maximizeMode":0,"moveable":false,"resizeable":false,"move":false,"resize":false,"managed":true,"deleted":false,"normalWindow":false,"specialWindow":true,"popupWindow":false,"dialog":false,"utility":false,"splash":false,"dock":false,"transient":false,"modal":false,"transientFor":null,"r":1789207738463,"n":18,"ms":527}
2026-09-12T12:08:58+02:00 HAL9000 kwin_wayland[3254]: KXLGEO1 {"k":"win","s":1,"id":"{00c4c9f1-166b-46da-94f9-bec977b8d871}","cls":"org.kde.kwrite","caption":"kxl-t1.txt — KWrite","output":"DP-3","desktops":["89539ae6-e06b-4c76-a057-95df959578a9"],"activities":["a89f5ec2-ab8e-4108-8088-7118500a3aab"],"onAllDesktops":false,"geo":{"x":1056,"y":525,"w":864,"h":525,"exakt":true},"min":{"w":157,"h":150},"max":{"w":2147483647,"h":2147483647},"fullScreen":false,"minimized":false,"maximizeMode":0,"moveable":true,"resizeable":true,"move":false,"resize":false,"managed":true,"deleted":false,"normalWindow":true,"specialWindow":false,"popupWindow":false,"dialog":false,"utility":false,"splash":false,"dock":false,"transient":false,"modal":false,"transientFor":null,"r":1789207738463,"n":19,"ms":528}
2026-09-12T12:08:58+02:00 HAL9000 kwin_wayland[3254]: KXLGEO1 {"k":"win","s":1,"id":"{985f4025-239f-4476-bac9-fb20ef04f779}","cls":"org.kde.kwrite","caption":"kxl-a1.txt — KWrite","output":"DP-3","desktops":["89539ae6-e06b-4c76-a057-95df959578a9"],"activities":["a89f5ec2-ab8e-4108-8088-7118500a3aab"],"onAllDesktops":false,"geo":{"x":1056,"y":0,"w":864,"h":525,"exakt":true},"min":{"w":157,"h":150},"max":{"w":2147483647,"h":2147483647},"fullScreen":false,"minimized":false,"maximizeMode":0,"moveable":true,"resizeable":true,"move":false,"resize":false,"managed":true,"deleted":false,"normalWindow":true,"specialWindow":false,"popupWindow":false,"dialog":false,"utility":false,"splash":false,"dock":false,"transient":false,"modal":false,"transientFor":null,"r":1789207738463,"n":20,"ms":528}
2026-09-12T12:08:58+02:00 HAL9000 kwin_wayland[3254]: KXLGEO1 {"k":"win","s":1,"id":"{61bf689b-2be6-4d6c-a26e-9fbc2d8049f6}","cls":"org.kde.kwrite","caption":"kxl-a2.txt — KWrite","output":"DP-3","desktops":["89539ae6-e06b-4c76-a057-95df959578a9"],"activities":["a89f5ec2-ab8e-4108-8088-7118500a3aab"],"onAllDesktops":false,"geo":{"x":0,"y":0,"w":1056,"h":1050,"exakt":true},"min":{"w":157,"h":150},"max":{"w":2147483647,"h":2147483647},"fullScreen":false,"minimized":false,"maximizeMode":0,"moveable":true,"resizeable":true,"move":false,"resize":false,"managed":true,"deleted":false,"normalWindow":true,"specialWindow":false,"popupWindow":false,"dialog":false,"utility":false,"splash":false,"dock":false,"transient":false,"modal":false,"transientFor":null,"r":1789207738463,"n":21,"ms":528}
2026-09-12T12:08:58+02:00 HAL9000 kwin_wayland[3254]: KXLGEO1 {"k":"win","s":1,"id":"{36d65b88-4f0f-41b7-b787-d35bf2e896be}","cls":"org.kde.kwrite","caption":"kxl-b1.txt — KWrite","output":"eDP-1","desktops":["89539ae6-e06b-4c76-a057-95df959578a9"],"activities":["a89f5ec2-ab8e-4108-8088-7118500a3aab"],"onAllDesktops":false,"geo":{"x":2752,"y":360,"w":448,"h":360,"exakt":true},"min":{"w":157,"h":150},"max":{"w":2147483647,"h":2147483647},"fullScreen":false,"minimized":false,"maximizeMode":0,"moveable":true,"resizeable":true,"move":false,"resize":false,"managed":true,"deleted":false,"normalWindow":true,"specialWindow":false,"popupWindow":false,"dialog":false,"utility":false,"splash":false,"dock":false,"transient":false,"modal":false,"transientFor":null,"r":1789207738463,"n":22,"ms":529}
2026-09-12T12:08:58+02:00 HAL9000 kwin_wayland[3254]: KXLGEO1 {"k":"win","s":1,"id":"{eaa20b7a-b463-4058-9c8b-1956f3b68db3}","cls":"org.kde.kwrite","caption":"kxl-b2.txt — KWrite","output":"eDP-1","desktops":["89539ae6-e06b-4c76-a057-95df959578a9"],"activities":["a89f5ec2-ab8e-4108-8088-7118500a3aab"],"onAllDesktops":false,"geo":{"x":2752,"y":0,"w":448,"h":360,"exakt":true},"min":{"w":157,"h":150},"max":{"w":2147483647,"h":2147483647},"fullScreen":false,"minimized":false,"maximizeMode":0,"moveable":true,"resizeable":true,"move":false,"resize":false,"managed":true,"deleted":false,"normalWindow":true,"specialWindow":false,"popupWindow":false,"dialog":false,"utility":false,"splash":false,"dock":false,"transient":false,"modal":false,"transientFor":null,"r":1789207738463,"n":23,"ms":529}
2026-09-12T12:08:58+02:00 HAL9000 kwin_wayland[3254]: KXLGEO1 {"k":"win","s":1,"id":"{40655bec-beca-427f-91c3-dd69d3ebfb1c}","cls":"org.kde.kwrite","caption":"kxl-b3.txt — KWrite","output":"eDP-1","desktops":["89539ae6-e06b-4c76-a057-95df959578a9"],"activities":["a89f5ec2-ab8e-4108-8088-7118500a3aab"],"onAllDesktops":false,"geo":{"x":1920,"y":0,"w":832,"h":720,"exakt":true},"min":{"w":157,"h":150},"max":{"w":2147483647,"h":2147483647},"fullScreen":false,"minimized":false,"maximizeMode":0,"moveable":true,"resizeable":true,"move":false,"resize":false,"managed":true,"deleted":false,"normalWindow":true,"specialWindow":false,"popupWindow":false,"dialog":false,"utility":false,"splash":false,"dock":false,"transient":false,"modal":false,"transientFor":null,"r":1789207738463,"n":24,"ms":529}
2026-09-12T12:09:00+02:00 HAL9000 kwin_wayland[3254]: KXLGEO1 {"k":"view","s":2,"key":"a89f5ec2-ab8e-4108-8088-7118500a3aab|89539ae6-e06b-4c76-a057-95df959578a9|eDP-1","activity":"a89f5ec2-ab8e-4108-8088-7118500a3aab","desktop":"89539ae6-e06b-4c76-a057-95df959578a9","output":"eDP-1","area":{"x":1920,"y":0,"w":1280,"h":720,"exakt":true},"r":1789207738463,"n":25,"ms":1576}
2026-09-12T12:09:00+02:00 HAL9000 kwin_wayland[3254]: KXLGEO1 {"k":"view","s":2,"key":"a89f5ec2-ab8e-4108-8088-7118500a3aab|89539ae6-e06b-4c76-a057-95df959578a9|DP-3","activity":"a89f5ec2-ab8e-4108-8088-7118500a3aab","desktop":"89539ae6-e06b-4c76-a057-95df959578a9","output":"DP-3","area":{"x":0,"y":0,"w":1920,"h":1050,"exakt":true},"r":1789207738463,"n":26,"ms":1577}
2026-09-12T12:09:00+02:00 HAL9000 kwin_wayland[3254]: KXLGEO1 {"k":"active","s":2,"activeId":"{61bf689b-2be6-4d6c-a26e-9fbc2d8049f6}","r":1789207738463,"n":27,"ms":1577}
2026-09-12T12:09:00+02:00 HAL9000 kwin_wayland[3254]: KXLGEO1 {"k":"win","s":2,"id":"{f403026b-f5d1-4d06-9dc6-e27caeb600ad}","cls":"plasmashell","caption":"<Titel entfernt>","output":"DP-3","desktops":[],"activities":[],"onAllDesktops":true,"geo":{"x":0,"y":0,"w":1920,"h":1080,"exakt":true},"min":{"w":0,"h":0},"max":{"w":2147483647,"h":2147483647},"fullScreen":false,"minimized":false,"maximizeMode":0,"moveable":false,"resizeable":false,"move":false,"resize":false,"managed":true,"deleted":false,"normalWindow":false,"specialWindow":true,"popupWindow":false,"dialog":false,"utility":false,"splash":false,"dock":false,"transient":false,"modal":false,"transientFor":null,"r":1789207738463,"n":28,"ms":1577}
2026-09-12T12:09:00+02:00 HAL9000 kwin_wayland[3254]: KXLGEO1 {"k":"win","s":2,"id":"{ec21bef1-b673-49b3-8924-0a25eed97369}","cls":"plasmashell","caption":"<Titel entfernt>","output":"DP-3","desktops":[],"activities":[],"onAllDesktops":true,"geo":{"x":0,"y":1050,"w":1920,"h":30,"exakt":true},"min":{"w":0,"h":0},"max":{"w":2147483647,"h":2147483647},"fullScreen":false,"minimized":false,"maximizeMode":0,"moveable":false,"resizeable":false,"move":false,"resize":false,"managed":true,"deleted":false,"normalWindow":false,"specialWindow":true,"popupWindow":false,"dialog":false,"utility":false,"splash":false,"dock":true,"transient":false,"modal":false,"transientFor":null,"r":1789207738463,"n":29,"ms":1577}
2026-09-12T12:09:00+02:00 HAL9000 kwin_wayland[3254]: KXLGEO1 {"k":"win","s":2,"id":"{e9ae64c6-e271-4f0e-9390-a0f42df9a31b}","cls":"plasmashell","caption":"<Titel entfernt>","output":"eDP-1","desktops":[],"activities":[],"onAllDesktops":true,"geo":{"x":1920,"y":0,"w":1280,"h":720,"exakt":true},"min":{"w":0,"h":0},"max":{"w":2147483647,"h":2147483647},"fullScreen":false,"minimized":false,"maximizeMode":0,"moveable":false,"resizeable":false,"move":false,"resize":false,"managed":true,"deleted":false,"normalWindow":false,"specialWindow":true,"popupWindow":false,"dialog":false,"utility":false,"splash":false,"dock":false,"transient":false,"modal":false,"transientFor":null,"r":1789207738463,"n":30,"ms":1578}
2026-09-12T12:09:00+02:00 HAL9000 kwin_wayland[3254]: KXLGEO1 {"k":"win","s":2,"id":"{00c4c9f1-166b-46da-94f9-bec977b8d871}","cls":"org.kde.kwrite","caption":"kxl-t1.txt — KWrite","output":"DP-3","desktops":["89539ae6-e06b-4c76-a057-95df959578a9"],"activities":["a89f5ec2-ab8e-4108-8088-7118500a3aab"],"onAllDesktops":false,"geo":{"x":1056,"y":525,"w":864,"h":525,"exakt":true},"min":{"w":157,"h":150},"max":{"w":2147483647,"h":2147483647},"fullScreen":false,"minimized":false,"maximizeMode":0,"moveable":true,"resizeable":true,"move":false,"resize":false,"managed":true,"deleted":false,"normalWindow":true,"specialWindow":false,"popupWindow":false,"dialog":false,"utility":false,"splash":false,"dock":false,"transient":false,"modal":false,"transientFor":null,"r":1789207738463,"n":31,"ms":1578}
2026-09-12T12:09:00+02:00 HAL9000 kwin_wayland[3254]: KXLGEO1 {"k":"win","s":2,"id":"{985f4025-239f-4476-bac9-fb20ef04f779}","cls":"org.kde.kwrite","caption":"kxl-a1.txt — KWrite","output":"DP-3","desktops":["89539ae6-e06b-4c76-a057-95df959578a9"],"activities":["a89f5ec2-ab8e-4108-8088-7118500a3aab"],"onAllDesktops":false,"geo":{"x":1056,"y":0,"w":864,"h":525,"exakt":true},"min":{"w":157,"h":150},"max":{"w":2147483647,"h":2147483647},"fullScreen":false,"minimized":false,"maximizeMode":0,"moveable":true,"resizeable":true,"move":false,"resize":false,"managed":true,"deleted":false,"normalWindow":true,"specialWindow":false,"popupWindow":false,"dialog":false,"utility":false,"splash":false,"dock":false,"transient":false,"modal":false,"transientFor":null,"r":1789207738463,"n":32,"ms":1578}
2026-09-12T12:09:00+02:00 HAL9000 kwin_wayland[3254]: KXLGEO1 {"k":"win","s":2,"id":"{61bf689b-2be6-4d6c-a26e-9fbc2d8049f6}","cls":"org.kde.kwrite","caption":"kxl-a2.txt — KWrite","output":"DP-3","desktops":["89539ae6-e06b-4c76-a057-95df959578a9"],"activities":["a89f5ec2-ab8e-4108-8088-7118500a3aab"],"onAllDesktops":false,"geo":{"x":0,"y":0,"w":1056,"h":1050,"exakt":true},"min":{"w":157,"h":150},"max":{"w":2147483647,"h":2147483647},"fullScreen":false,"minimized":false,"maximizeMode":0,"moveable":true,"resizeable":true,"move":false,"resize":false,"managed":true,"deleted":false,"normalWindow":true,"specialWindow":false,"popupWindow":false,"dialog":false,"utility":false,"splash":false,"dock":false,"transient":false,"modal":false,"transientFor":null,"r":1789207738463,"n":33,"ms":1578}
2026-09-12T12:09:00+02:00 HAL9000 kwin_wayland[3254]: KXLGEO1 {"k":"win","s":2,"id":"{36d65b88-4f0f-41b7-b787-d35bf2e896be}","cls":"org.kde.kwrite","caption":"kxl-b1.txt — KWrite","output":"eDP-1","desktops":["89539ae6-e06b-4c76-a057-95df959578a9"],"activities":["a89f5ec2-ab8e-4108-8088-7118500a3aab"],"onAllDesktops":false,"geo":{"x":2752,"y":360,"w":448,"h":360,"exakt":true},"min":{"w":157,"h":150},"max":{"w":2147483647,"h":2147483647},"fullScreen":false,"minimized":false,"maximizeMode":0,"moveable":true,"resizeable":true,"move":false,"resize":false,"managed":true,"deleted":false,"normalWindow":true,"specialWindow":false,"popupWindow":false,"dialog":false,"utility":false,"splash":false,"dock":false,"transient":false,"modal":false,"transientFor":null,"r":1789207738463,"n":34,"ms":1579}
2026-09-12T12:09:00+02:00 HAL9000 kwin_wayland[3254]: KXLGEO1 {"k":"win","s":2,"id":"{eaa20b7a-b463-4058-9c8b-1956f3b68db3}","cls":"org.kde.kwrite","caption":"kxl-b2.txt — KWrite","output":"eDP-1","desktops":["89539ae6-e06b-4c76-a057-95df959578a9"],"activities":["a89f5ec2-ab8e-4108-8088-7118500a3aab"],"onAllDesktops":false,"geo":{"x":2752,"y":0,"w":448,"h":360,"exakt":true},"min":{"w":157,"h":150},"max":{"w":2147483647,"h":2147483647},"fullScreen":false,"minimized":false,"maximizeMode":0,"moveable":true,"resizeable":true,"move":false,"resize":false,"managed":true,"deleted":false,"normalWindow":true,"specialWindow":false,"popupWindow":false,"dialog":false,"utility":false,"splash":false,"dock":false,"transient":false,"modal":false,"transientFor":null,"r":1789207738463,"n":35,"ms":1579}
2026-09-12T12:09:00+02:00 HAL9000 kwin_wayland[3254]: KXLGEO1 {"k":"win","s":2,"id":"{40655bec-beca-427f-91c3-dd69d3ebfb1c}","cls":"org.kde.kwrite","caption":"kxl-b3.txt — KWrite","output":"eDP-1","desktops":["89539ae6-e06b-4c76-a057-95df959578a9"],"activities":["a89f5ec2-ab8e-4108-8088-7118500a3aab"],"onAllDesktops":false,"geo":{"x":1920,"y":0,"w":832,"h":720,"exakt":true},"min":{"w":157,"h":150},"max":{"w":2147483647,"h":2147483647},"fullScreen":false,"minimized":false,"maximizeMode":0,"moveable":true,"resizeable":true,"move":false,"resize":false,"managed":true,"deleted":false,"normalWindow":true,"specialWindow":false,"popupWindow":false,"dialog":false,"utility":false,"splash":false,"dock":false,"transient":false,"modal":false,"transientFor":null,"r":1789207738463,"n":36,"ms":1579}
2026-09-12T12:09:01+02:00 HAL9000 kwin_wayland[3254]: KXLGEO1 {"k":"view","s":3,"key":"a89f5ec2-ab8e-4108-8088-7118500a3aab|89539ae6-e06b-4c76-a057-95df959578a9|eDP-1","activity":"a89f5ec2-ab8e-4108-8088-7118500a3aab","desktop":"89539ae6-e06b-4c76-a057-95df959578a9","output":"eDP-1","area":{"x":1920,"y":0,"w":1280,"h":720,"exakt":true},"r":1789207738463,"n":37,"ms":3152}
2026-09-12T12:09:01+02:00 HAL9000 kwin_wayland[3254]: KXLGEO1 {"k":"view","s":3,"key":"a89f5ec2-ab8e-4108-8088-7118500a3aab|89539ae6-e06b-4c76-a057-95df959578a9|DP-3","activity":"a89f5ec2-ab8e-4108-8088-7118500a3aab","desktop":"89539ae6-e06b-4c76-a057-95df959578a9","output":"DP-3","area":{"x":0,"y":0,"w":1920,"h":1050,"exakt":true},"r":1789207738463,"n":38,"ms":3152}
2026-09-12T12:09:01+02:00 HAL9000 kwin_wayland[3254]: KXLGEO1 {"k":"active","s":3,"activeId":"{61bf689b-2be6-4d6c-a26e-9fbc2d8049f6}","r":1789207738463,"n":39,"ms":3152}
2026-09-12T12:09:01+02:00 HAL9000 kwin_wayland[3254]: KXLGEO1 {"k":"win","s":3,"id":"{f403026b-f5d1-4d06-9dc6-e27caeb600ad}","cls":"plasmashell","caption":"<Titel entfernt>","output":"DP-3","desktops":[],"activities":[],"onAllDesktops":true,"geo":{"x":0,"y":0,"w":1920,"h":1080,"exakt":true},"min":{"w":0,"h":0},"max":{"w":2147483647,"h":2147483647},"fullScreen":false,"minimized":false,"maximizeMode":0,"moveable":false,"resizeable":false,"move":false,"resize":false,"managed":true,"deleted":false,"normalWindow":false,"specialWindow":true,"popupWindow":false,"dialog":false,"utility":false,"splash":false,"dock":false,"transient":false,"modal":false,"transientFor":null,"r":1789207738463,"n":40,"ms":3152}
2026-09-12T12:09:01+02:00 HAL9000 kwin_wayland[3254]: KXLGEO1 {"k":"win","s":3,"id":"{ec21bef1-b673-49b3-8924-0a25eed97369}","cls":"plasmashell","caption":"<Titel entfernt>","output":"DP-3","desktops":[],"activities":[],"onAllDesktops":true,"geo":{"x":0,"y":1050,"w":1920,"h":30,"exakt":true},"min":{"w":0,"h":0},"max":{"w":2147483647,"h":2147483647},"fullScreen":false,"minimized":false,"maximizeMode":0,"moveable":false,"resizeable":false,"move":false,"resize":false,"managed":true,"deleted":false,"normalWindow":false,"specialWindow":true,"popupWindow":false,"dialog":false,"utility":false,"splash":false,"dock":true,"transient":false,"modal":false,"transientFor":null,"r":1789207738463,"n":41,"ms":3153}
2026-09-12T12:09:01+02:00 HAL9000 kwin_wayland[3254]: KXLGEO1 {"k":"win","s":3,"id":"{e9ae64c6-e271-4f0e-9390-a0f42df9a31b}","cls":"plasmashell","caption":"<Titel entfernt>","output":"eDP-1","desktops":[],"activities":[],"onAllDesktops":true,"geo":{"x":1920,"y":0,"w":1280,"h":720,"exakt":true},"min":{"w":0,"h":0},"max":{"w":2147483647,"h":2147483647},"fullScreen":false,"minimized":false,"maximizeMode":0,"moveable":false,"resizeable":false,"move":false,"resize":false,"managed":true,"deleted":false,"normalWindow":false,"specialWindow":true,"popupWindow":false,"dialog":false,"utility":false,"splash":false,"dock":false,"transient":false,"modal":false,"transientFor":null,"r":1789207738463,"n":42,"ms":3153}
2026-09-12T12:09:01+02:00 HAL9000 kwin_wayland[3254]: KXLGEO1 {"k":"win","s":3,"id":"{00c4c9f1-166b-46da-94f9-bec977b8d871}","cls":"org.kde.kwrite","caption":"kxl-t1.txt — KWrite","output":"DP-3","desktops":["89539ae6-e06b-4c76-a057-95df959578a9"],"activities":["a89f5ec2-ab8e-4108-8088-7118500a3aab"],"onAllDesktops":false,"geo":{"x":1056,"y":525,"w":864,"h":525,"exakt":true},"min":{"w":157,"h":150},"max":{"w":2147483647,"h":2147483647},"fullScreen":false,"minimized":false,"maximizeMode":0,"moveable":true,"resizeable":true,"move":false,"resize":false,"managed":true,"deleted":false,"normalWindow":true,"specialWindow":false,"popupWindow":false,"dialog":false,"utility":false,"splash":false,"dock":false,"transient":false,"modal":false,"transientFor":null,"r":1789207738463,"n":43,"ms":3153}
2026-09-12T12:09:01+02:00 HAL9000 kwin_wayland[3254]: KXLGEO1 {"k":"win","s":3,"id":"{985f4025-239f-4476-bac9-fb20ef04f779}","cls":"org.kde.kwrite","caption":"kxl-a1.txt — KWrite","output":"DP-3","desktops":["89539ae6-e06b-4c76-a057-95df959578a9"],"activities":["a89f5ec2-ab8e-4108-8088-7118500a3aab"],"onAllDesktops":false,"geo":{"x":1056,"y":0,"w":864,"h":525,"exakt":true},"min":{"w":157,"h":150},"max":{"w":2147483647,"h":2147483647},"fullScreen":false,"minimized":false,"maximizeMode":0,"moveable":true,"resizeable":true,"move":false,"resize":false,"managed":true,"deleted":false,"normalWindow":true,"specialWindow":false,"popupWindow":false,"dialog":false,"utility":false,"splash":false,"dock":false,"transient":false,"modal":false,"transientFor":null,"r":1789207738463,"n":44,"ms":3153}
2026-09-12T12:09:01+02:00 HAL9000 kwin_wayland[3254]: KXLGEO1 {"k":"win","s":3,"id":"{61bf689b-2be6-4d6c-a26e-9fbc2d8049f6}","cls":"org.kde.kwrite","caption":"kxl-a2.txt — KWrite","output":"DP-3","desktops":["89539ae6-e06b-4c76-a057-95df959578a9"],"activities":["a89f5ec2-ab8e-4108-8088-7118500a3aab"],"onAllDesktops":false,"geo":{"x":0,"y":0,"w":1056,"h":1050,"exakt":true},"min":{"w":157,"h":150},"max":{"w":2147483647,"h":2147483647},"fullScreen":false,"minimized":false,"maximizeMode":0,"moveable":true,"resizeable":true,"move":false,"resize":false,"managed":true,"deleted":false,"normalWindow":true,"specialWindow":false,"popupWindow":false,"dialog":false,"utility":false,"splash":false,"dock":false,"transient":false,"modal":false,"transientFor":null,"r":1789207738463,"n":45,"ms":3154}
2026-09-12T12:09:01+02:00 HAL9000 kwin_wayland[3254]: KXLGEO1 {"k":"win","s":3,"id":"{36d65b88-4f0f-41b7-b787-d35bf2e896be}","cls":"org.kde.kwrite","caption":"kxl-b1.txt — KWrite","output":"eDP-1","desktops":["89539ae6-e06b-4c76-a057-95df959578a9"],"activities":["a89f5ec2-ab8e-4108-8088-7118500a3aab"],"onAllDesktops":false,"geo":{"x":2752,"y":360,"w":448,"h":360,"exakt":true},"min":{"w":157,"h":150},"max":{"w":2147483647,"h":2147483647},"fullScreen":false,"minimized":false,"maximizeMode":0,"moveable":true,"resizeable":true,"move":false,"resize":false,"managed":true,"deleted":false,"normalWindow":true,"specialWindow":false,"popupWindow":false,"dialog":false,"utility":false,"splash":false,"dock":false,"transient":false,"modal":false,"transientFor":null,"r":1789207738463,"n":46,"ms":3154}
2026-09-12T12:09:01+02:00 HAL9000 kwin_wayland[3254]: KXLGEO1 {"k":"win","s":3,"id":"{eaa20b7a-b463-4058-9c8b-1956f3b68db3}","cls":"org.kde.kwrite","caption":"kxl-b2.txt — KWrite","output":"eDP-1","desktops":["89539ae6-e06b-4c76-a057-95df959578a9"],"activities":["a89f5ec2-ab8e-4108-8088-7118500a3aab"],"onAllDesktops":false,"geo":{"x":2752,"y":0,"w":448,"h":360,"exakt":true},"min":{"w":157,"h":150},"max":{"w":2147483647,"h":2147483647},"fullScreen":false,"minimized":false,"maximizeMode":0,"moveable":true,"resizeable":true,"move":false,"resize":false,"managed":true,"deleted":false,"normalWindow":true,"specialWindow":false,"popupWindow":false,"dialog":false,"utility":false,"splash":false,"dock":false,"transient":false,"modal":false,"transientFor":null,"r":1789207738463,"n":47,"ms":3154}
2026-09-12T12:09:01+02:00 HAL9000 kwin_wayland[3254]: KXLGEO1 {"k":"win","s":3,"id":"{40655bec-beca-427f-91c3-dd69d3ebfb1c}","cls":"org.kde.kwrite","caption":"kxl-b3.txt — KWrite","output":"eDP-1","desktops":["89539ae6-e06b-4c76-a057-95df959578a9"],"activities":["a89f5ec2-ab8e-4108-8088-7118500a3aab"],"onAllDesktops":false,"geo":{"x":1920,"y":0,"w":832,"h":720,"exakt":true},"min":{"w":157,"h":150},"max":{"w":2147483647,"h":2147483647},"fullScreen":false,"minimized":false,"maximizeMode":0,"moveable":true,"resizeable":true,"move":false,"resize":false,"managed":true,"deleted":false,"normalWindow":true,"specialWindow":false,"popupWindow":false,"dialog":false,"utility":false,"splash":false,"dock":false,"transient":false,"modal":false,"transientFor":null,"r":1789207738463,"n":48,"ms":3155}
2026-09-12T12:09:01+02:00 HAL9000 kwin_wayland[3254]: KXLGEO1 {"k":"end","st":"ok","total":49,"samples":4,"fehler":0,"timer_aktiv":0,"r":1789207738463,"n":49,"ms":3155}
2026-09-12T12:09:06+02:00 HAL9000 kwin_wayland[3254]: KXLGEO1 {"k":"meta","tag":"KXLGEO1","start":1789207746461,"perOutputDesktops":false,"outputs":2,"samples":[0,500,1500,3000],"titlePrefix":"kxl-","r":1789207746461,"n":0,"ms":0}
2026-09-12T12:09:06+02:00 HAL9000 kwin_wayland[3254]: KXLGEO1 {"k":"view","s":0,"key":"a89f5ec2-ab8e-4108-8088-7118500a3aab|89539ae6-e06b-4c76-a057-95df959578a9|eDP-1","activity":"a89f5ec2-ab8e-4108-8088-7118500a3aab","desktop":"89539ae6-e06b-4c76-a057-95df959578a9","output":"eDP-1","area":{"x":1920,"y":0,"w":1280,"h":720,"exakt":true},"r":1789207746461,"n":1,"ms":0}
2026-09-12T12:09:06+02:00 HAL9000 kwin_wayland[3254]: KXLGEO1 {"k":"view","s":0,"key":"a89f5ec2-ab8e-4108-8088-7118500a3aab|89539ae6-e06b-4c76-a057-95df959578a9|DP-3","activity":"a89f5ec2-ab8e-4108-8088-7118500a3aab","desktop":"89539ae6-e06b-4c76-a057-95df959578a9","output":"DP-3","area":{"x":0,"y":0,"w":1920,"h":1050,"exakt":true},"r":1789207746461,"n":2,"ms":0}
2026-09-12T12:09:06+02:00 HAL9000 kwin_wayland[3254]: KXLGEO1 {"k":"active","s":0,"activeId":"{61bf689b-2be6-4d6c-a26e-9fbc2d8049f6}","r":1789207746461,"n":3,"ms":0}
2026-09-12T12:09:06+02:00 HAL9000 kwin_wayland[3254]: KXLGEO1 {"k":"win","s":0,"id":"{f403026b-f5d1-4d06-9dc6-e27caeb600ad}","cls":"plasmashell","caption":"<Titel entfernt>","output":"DP-3","desktops":[],"activities":[],"onAllDesktops":true,"geo":{"x":0,"y":0,"w":1920,"h":1080,"exakt":true},"min":{"w":0,"h":0},"max":{"w":2147483647,"h":2147483647},"fullScreen":false,"minimized":false,"maximizeMode":0,"moveable":false,"resizeable":false,"move":false,"resize":false,"managed":true,"deleted":false,"normalWindow":false,"specialWindow":true,"popupWindow":false,"dialog":false,"utility":false,"splash":false,"dock":false,"transient":false,"modal":false,"transientFor":null,"r":1789207746461,"n":4,"ms":0}
2026-09-12T12:09:06+02:00 HAL9000 kwin_wayland[3254]: KXLGEO1 {"k":"win","s":0,"id":"{ec21bef1-b673-49b3-8924-0a25eed97369}","cls":"plasmashell","caption":"<Titel entfernt>","output":"DP-3","desktops":[],"activities":[],"onAllDesktops":true,"geo":{"x":0,"y":1050,"w":1920,"h":30,"exakt":true},"min":{"w":0,"h":0},"max":{"w":2147483647,"h":2147483647},"fullScreen":false,"minimized":false,"maximizeMode":0,"moveable":false,"resizeable":false,"move":false,"resize":false,"managed":true,"deleted":false,"normalWindow":false,"specialWindow":true,"popupWindow":false,"dialog":false,"utility":false,"splash":false,"dock":true,"transient":false,"modal":false,"transientFor":null,"r":1789207746461,"n":5,"ms":0}
2026-09-12T12:09:06+02:00 HAL9000 kwin_wayland[3254]: KXLGEO1 {"k":"win","s":0,"id":"{e9ae64c6-e271-4f0e-9390-a0f42df9a31b}","cls":"plasmashell","caption":"<Titel entfernt>","output":"eDP-1","desktops":[],"activities":[],"onAllDesktops":true,"geo":{"x":1920,"y":0,"w":1280,"h":720,"exakt":true},"min":{"w":0,"h":0},"max":{"w":2147483647,"h":2147483647},"fullScreen":false,"minimized":false,"maximizeMode":0,"moveable":false,"resizeable":false,"move":false,"resize":false,"managed":true,"deleted":false,"normalWindow":false,"specialWindow":true,"popupWindow":false,"dialog":false,"utility":false,"splash":false,"dock":false,"transient":false,"modal":false,"transientFor":null,"r":1789207746461,"n":6,"ms":0}
2026-09-12T12:09:06+02:00 HAL9000 kwin_wayland[3254]: KXLGEO1 {"k":"win","s":0,"id":"{00c4c9f1-166b-46da-94f9-bec977b8d871}","cls":"org.kde.kwrite","caption":"kxl-t1.txt — KWrite","output":"DP-3","desktops":["89539ae6-e06b-4c76-a057-95df959578a9"],"activities":["a89f5ec2-ab8e-4108-8088-7118500a3aab"],"onAllDesktops":false,"geo":{"x":1056,"y":525,"w":864,"h":525,"exakt":true},"min":{"w":157,"h":150},"max":{"w":2147483647,"h":2147483647},"fullScreen":false,"minimized":false,"maximizeMode":0,"moveable":true,"resizeable":true,"move":false,"resize":false,"managed":true,"deleted":false,"normalWindow":true,"specialWindow":false,"popupWindow":false,"dialog":false,"utility":false,"splash":false,"dock":false,"transient":false,"modal":false,"transientFor":null,"r":1789207746461,"n":7,"ms":1}
2026-09-12T12:09:06+02:00 HAL9000 kwin_wayland[3254]: KXLGEO1 {"k":"win","s":0,"id":"{985f4025-239f-4476-bac9-fb20ef04f779}","cls":"org.kde.kwrite","caption":"kxl-a1.txt — KWrite","output":"DP-3","desktops":["89539ae6-e06b-4c76-a057-95df959578a9"],"activities":["a89f5ec2-ab8e-4108-8088-7118500a3aab"],"onAllDesktops":false,"geo":{"x":1056,"y":0,"w":864,"h":525,"exakt":true},"min":{"w":157,"h":150},"max":{"w":2147483647,"h":2147483647},"fullScreen":false,"minimized":false,"maximizeMode":0,"moveable":true,"resizeable":true,"move":false,"resize":false,"managed":true,"deleted":false,"normalWindow":true,"specialWindow":false,"popupWindow":false,"dialog":false,"utility":false,"splash":false,"dock":false,"transient":false,"modal":false,"transientFor":null,"r":1789207746461,"n":8,"ms":1}
2026-09-12T12:09:06+02:00 HAL9000 kwin_wayland[3254]: KXLGEO1 {"k":"win","s":0,"id":"{61bf689b-2be6-4d6c-a26e-9fbc2d8049f6}","cls":"org.kde.kwrite","caption":"kxl-a2.txt — KWrite","output":"DP-3","desktops":["89539ae6-e06b-4c76-a057-95df959578a9"],"activities":["a89f5ec2-ab8e-4108-8088-7118500a3aab"],"onAllDesktops":false,"geo":{"x":0,"y":0,"w":1056,"h":1050,"exakt":true},"min":{"w":157,"h":150},"max":{"w":2147483647,"h":2147483647},"fullScreen":false,"minimized":false,"maximizeMode":0,"moveable":true,"resizeable":true,"move":false,"resize":false,"managed":true,"deleted":false,"normalWindow":true,"specialWindow":false,"popupWindow":false,"dialog":false,"utility":false,"splash":false,"dock":false,"transient":false,"modal":false,"transientFor":null,"r":1789207746461,"n":9,"ms":1}
2026-09-12T12:09:06+02:00 HAL9000 kwin_wayland[3254]: KXLGEO1 {"k":"win","s":0,"id":"{36d65b88-4f0f-41b7-b787-d35bf2e896be}","cls":"org.kde.kwrite","caption":"kxl-b1.txt — KWrite","output":"eDP-1","desktops":["89539ae6-e06b-4c76-a057-95df959578a9"],"activities":["a89f5ec2-ab8e-4108-8088-7118500a3aab"],"onAllDesktops":false,"geo":{"x":2752,"y":360,"w":448,"h":360,"exakt":true},"min":{"w":157,"h":150},"max":{"w":2147483647,"h":2147483647},"fullScreen":false,"minimized":false,"maximizeMode":0,"moveable":true,"resizeable":true,"move":false,"resize":false,"managed":true,"deleted":false,"normalWindow":true,"specialWindow":false,"popupWindow":false,"dialog":false,"utility":false,"splash":false,"dock":false,"transient":false,"modal":false,"transientFor":null,"r":1789207746461,"n":10,"ms":1}
2026-09-12T12:09:06+02:00 HAL9000 kwin_wayland[3254]: KXLGEO1 {"k":"win","s":0,"id":"{eaa20b7a-b463-4058-9c8b-1956f3b68db3}","cls":"org.kde.kwrite","caption":"kxl-b2.txt — KWrite","output":"eDP-1","desktops":["89539ae6-e06b-4c76-a057-95df959578a9"],"activities":["a89f5ec2-ab8e-4108-8088-7118500a3aab"],"onAllDesktops":false,"geo":{"x":2752,"y":0,"w":448,"h":360,"exakt":true},"min":{"w":157,"h":150},"max":{"w":2147483647,"h":2147483647},"fullScreen":false,"minimized":false,"maximizeMode":0,"moveable":true,"resizeable":true,"move":false,"resize":false,"managed":true,"deleted":false,"normalWindow":true,"specialWindow":false,"popupWindow":false,"dialog":false,"utility":false,"splash":false,"dock":false,"transient":false,"modal":false,"transientFor":null,"r":1789207746461,"n":11,"ms":1}
2026-09-12T12:09:06+02:00 HAL9000 kwin_wayland[3254]: KXLGEO1 {"k":"win","s":0,"id":"{40655bec-beca-427f-91c3-dd69d3ebfb1c}","cls":"org.kde.kwrite","caption":"kxl-b3.txt — KWrite","output":"eDP-1","desktops":["89539ae6-e06b-4c76-a057-95df959578a9"],"activities":["a89f5ec2-ab8e-4108-8088-7118500a3aab"],"onAllDesktops":false,"geo":{"x":1920,"y":0,"w":832,"h":720,"exakt":true},"min":{"w":157,"h":150},"max":{"w":2147483647,"h":2147483647},"fullScreen":false,"minimized":false,"maximizeMode":0,"moveable":true,"resizeable":true,"move":false,"resize":false,"managed":true,"deleted":false,"normalWindow":true,"specialWindow":false,"popupWindow":false,"dialog":false,"utility":false,"splash":false,"dock":false,"transient":false,"modal":false,"transientFor":null,"r":1789207746461,"n":12,"ms":1}
2026-09-12T12:09:06+02:00 HAL9000 kwin_wayland[3254]: KXLGEO1 {"k":"view","s":1,"key":"a89f5ec2-ab8e-4108-8088-7118500a3aab|89539ae6-e06b-4c76-a057-95df959578a9|eDP-1","activity":"a89f5ec2-ab8e-4108-8088-7118500a3aab","desktop":"89539ae6-e06b-4c76-a057-95df959578a9","output":"eDP-1","area":{"x":1920,"y":0,"w":1280,"h":720,"exakt":true},"r":1789207746461,"n":13,"ms":527}
2026-09-12T12:09:06+02:00 HAL9000 kwin_wayland[3254]: KXLGEO1 {"k":"view","s":1,"key":"a89f5ec2-ab8e-4108-8088-7118500a3aab|89539ae6-e06b-4c76-a057-95df959578a9|DP-3","activity":"a89f5ec2-ab8e-4108-8088-7118500a3aab","desktop":"89539ae6-e06b-4c76-a057-95df959578a9","output":"DP-3","area":{"x":0,"y":0,"w":1920,"h":1050,"exakt":true},"r":1789207746461,"n":14,"ms":527}
2026-09-12T12:09:06+02:00 HAL9000 kwin_wayland[3254]: KXLGEO1 {"k":"active","s":1,"activeId":"{61bf689b-2be6-4d6c-a26e-9fbc2d8049f6}","r":1789207746461,"n":15,"ms":527}
2026-09-12T12:09:06+02:00 HAL9000 kwin_wayland[3254]: KXLGEO1 {"k":"win","s":1,"id":"{f403026b-f5d1-4d06-9dc6-e27caeb600ad}","cls":"plasmashell","caption":"<Titel entfernt>","output":"DP-3","desktops":[],"activities":[],"onAllDesktops":true,"geo":{"x":0,"y":0,"w":1920,"h":1080,"exakt":true},"min":{"w":0,"h":0},"max":{"w":2147483647,"h":2147483647},"fullScreen":false,"minimized":false,"maximizeMode":0,"moveable":false,"resizeable":false,"move":false,"resize":false,"managed":true,"deleted":false,"normalWindow":false,"specialWindow":true,"popupWindow":false,"dialog":false,"utility":false,"splash":false,"dock":false,"transient":false,"modal":false,"transientFor":null,"r":1789207746461,"n":16,"ms":528}
2026-09-12T12:09:06+02:00 HAL9000 kwin_wayland[3254]: KXLGEO1 {"k":"win","s":1,"id":"{ec21bef1-b673-49b3-8924-0a25eed97369}","cls":"plasmashell","caption":"<Titel entfernt>","output":"DP-3","desktops":[],"activities":[],"onAllDesktops":true,"geo":{"x":0,"y":1050,"w":1920,"h":30,"exakt":true},"min":{"w":0,"h":0},"max":{"w":2147483647,"h":2147483647},"fullScreen":false,"minimized":false,"maximizeMode":0,"moveable":false,"resizeable":false,"move":false,"resize":false,"managed":true,"deleted":false,"normalWindow":false,"specialWindow":true,"popupWindow":false,"dialog":false,"utility":false,"splash":false,"dock":true,"transient":false,"modal":false,"transientFor":null,"r":1789207746461,"n":17,"ms":528}
2026-09-12T12:09:06+02:00 HAL9000 kwin_wayland[3254]: KXLGEO1 {"k":"win","s":1,"id":"{e9ae64c6-e271-4f0e-9390-a0f42df9a31b}","cls":"plasmashell","caption":"<Titel entfernt>","output":"eDP-1","desktops":[],"activities":[],"onAllDesktops":true,"geo":{"x":1920,"y":0,"w":1280,"h":720,"exakt":true},"min":{"w":0,"h":0},"max":{"w":2147483647,"h":2147483647},"fullScreen":false,"minimized":false,"maximizeMode":0,"moveable":false,"resizeable":false,"move":false,"resize":false,"managed":true,"deleted":false,"normalWindow":false,"specialWindow":true,"popupWindow":false,"dialog":false,"utility":false,"splash":false,"dock":false,"transient":false,"modal":false,"transientFor":null,"r":1789207746461,"n":18,"ms":528}
2026-09-12T12:09:06+02:00 HAL9000 kwin_wayland[3254]: KXLGEO1 {"k":"win","s":1,"id":"{00c4c9f1-166b-46da-94f9-bec977b8d871}","cls":"org.kde.kwrite","caption":"kxl-t1.txt — KWrite","output":"DP-3","desktops":["89539ae6-e06b-4c76-a057-95df959578a9"],"activities":["a89f5ec2-ab8e-4108-8088-7118500a3aab"],"onAllDesktops":false,"geo":{"x":1056,"y":525,"w":864,"h":525,"exakt":true},"min":{"w":157,"h":150},"max":{"w":2147483647,"h":2147483647},"fullScreen":false,"minimized":false,"maximizeMode":0,"moveable":true,"resizeable":true,"move":false,"resize":false,"managed":true,"deleted":false,"normalWindow":true,"specialWindow":false,"popupWindow":false,"dialog":false,"utility":false,"splash":false,"dock":false,"transient":false,"modal":false,"transientFor":null,"r":1789207746461,"n":19,"ms":528}
2026-09-12T12:09:06+02:00 HAL9000 kwin_wayland[3254]: KXLGEO1 {"k":"win","s":1,"id":"{985f4025-239f-4476-bac9-fb20ef04f779}","cls":"org.kde.kwrite","caption":"kxl-a1.txt — KWrite","output":"DP-3","desktops":["89539ae6-e06b-4c76-a057-95df959578a9"],"activities":["a89f5ec2-ab8e-4108-8088-7118500a3aab"],"onAllDesktops":false,"geo":{"x":1056,"y":0,"w":864,"h":525,"exakt":true},"min":{"w":157,"h":150},"max":{"w":2147483647,"h":2147483647},"fullScreen":false,"minimized":false,"maximizeMode":0,"moveable":true,"resizeable":true,"move":false,"resize":false,"managed":true,"deleted":false,"normalWindow":true,"specialWindow":false,"popupWindow":false,"dialog":false,"utility":false,"splash":false,"dock":false,"transient":false,"modal":false,"transientFor":null,"r":1789207746461,"n":20,"ms":529}
2026-09-12T12:09:06+02:00 HAL9000 kwin_wayland[3254]: KXLGEO1 {"k":"win","s":1,"id":"{61bf689b-2be6-4d6c-a26e-9fbc2d8049f6}","cls":"org.kde.kwrite","caption":"kxl-a2.txt — KWrite","output":"DP-3","desktops":["89539ae6-e06b-4c76-a057-95df959578a9"],"activities":["a89f5ec2-ab8e-4108-8088-7118500a3aab"],"onAllDesktops":false,"geo":{"x":0,"y":0,"w":1056,"h":1050,"exakt":true},"min":{"w":157,"h":150},"max":{"w":2147483647,"h":2147483647},"fullScreen":false,"minimized":false,"maximizeMode":0,"moveable":true,"resizeable":true,"move":false,"resize":false,"managed":true,"deleted":false,"normalWindow":true,"specialWindow":false,"popupWindow":false,"dialog":false,"utility":false,"splash":false,"dock":false,"transient":false,"modal":false,"transientFor":null,"r":1789207746461,"n":21,"ms":529}
2026-09-12T12:09:06+02:00 HAL9000 kwin_wayland[3254]: KXLGEO1 {"k":"win","s":1,"id":"{36d65b88-4f0f-41b7-b787-d35bf2e896be}","cls":"org.kde.kwrite","caption":"kxl-b1.txt — KWrite","output":"eDP-1","desktops":["89539ae6-e06b-4c76-a057-95df959578a9"],"activities":["a89f5ec2-ab8e-4108-8088-7118500a3aab"],"onAllDesktops":false,"geo":{"x":2752,"y":360,"w":448,"h":360,"exakt":true},"min":{"w":157,"h":150},"max":{"w":2147483647,"h":2147483647},"fullScreen":false,"minimized":false,"maximizeMode":0,"moveable":true,"resizeable":true,"move":false,"resize":false,"managed":true,"deleted":false,"normalWindow":true,"specialWindow":false,"popupWindow":false,"dialog":false,"utility":false,"splash":false,"dock":false,"transient":false,"modal":false,"transientFor":null,"r":1789207746461,"n":22,"ms":529}
2026-09-12T12:09:06+02:00 HAL9000 kwin_wayland[3254]: KXLGEO1 {"k":"win","s":1,"id":"{eaa20b7a-b463-4058-9c8b-1956f3b68db3}","cls":"org.kde.kwrite","caption":"kxl-b2.txt — KWrite","output":"eDP-1","desktops":["89539ae6-e06b-4c76-a057-95df959578a9"],"activities":["a89f5ec2-ab8e-4108-8088-7118500a3aab"],"onAllDesktops":false,"geo":{"x":2752,"y":0,"w":448,"h":360,"exakt":true},"min":{"w":157,"h":150},"max":{"w":2147483647,"h":2147483647},"fullScreen":false,"minimized":false,"maximizeMode":0,"moveable":true,"resizeable":true,"move":false,"resize":false,"managed":true,"deleted":false,"normalWindow":true,"specialWindow":false,"popupWindow":false,"dialog":false,"utility":false,"splash":false,"dock":false,"transient":false,"modal":false,"transientFor":null,"r":1789207746461,"n":23,"ms":529}
2026-09-12T12:09:06+02:00 HAL9000 kwin_wayland[3254]: KXLGEO1 {"k":"win","s":1,"id":"{40655bec-beca-427f-91c3-dd69d3ebfb1c}","cls":"org.kde.kwrite","caption":"kxl-b3.txt — KWrite","output":"eDP-1","desktops":["89539ae6-e06b-4c76-a057-95df959578a9"],"activities":["a89f5ec2-ab8e-4108-8088-7118500a3aab"],"onAllDesktops":false,"geo":{"x":1920,"y":0,"w":832,"h":720,"exakt":true},"min":{"w":157,"h":150},"max":{"w":2147483647,"h":2147483647},"fullScreen":false,"minimized":false,"maximizeMode":0,"moveable":true,"resizeable":true,"move":false,"resize":false,"managed":true,"deleted":false,"normalWindow":true,"specialWindow":false,"popupWindow":false,"dialog":false,"utility":false,"splash":false,"dock":false,"transient":false,"modal":false,"transientFor":null,"r":1789207746461,"n":24,"ms":530}
2026-09-12T12:09:08+02:00 HAL9000 kwin_wayland[3254]: KXLGEO1 {"k":"view","s":2,"key":"a89f5ec2-ab8e-4108-8088-7118500a3aab|89539ae6-e06b-4c76-a057-95df959578a9|eDP-1","activity":"a89f5ec2-ab8e-4108-8088-7118500a3aab","desktop":"89539ae6-e06b-4c76-a057-95df959578a9","output":"eDP-1","area":{"x":1920,"y":0,"w":1280,"h":720,"exakt":true},"r":1789207746461,"n":25,"ms":1577}
2026-09-12T12:09:08+02:00 HAL9000 kwin_wayland[3254]: KXLGEO1 {"k":"view","s":2,"key":"a89f5ec2-ab8e-4108-8088-7118500a3aab|89539ae6-e06b-4c76-a057-95df959578a9|DP-3","activity":"a89f5ec2-ab8e-4108-8088-7118500a3aab","desktop":"89539ae6-e06b-4c76-a057-95df959578a9","output":"DP-3","area":{"x":0,"y":0,"w":1920,"h":1050,"exakt":true},"r":1789207746461,"n":26,"ms":1577}
2026-09-12T12:09:08+02:00 HAL9000 kwin_wayland[3254]: KXLGEO1 {"k":"active","s":2,"activeId":"{61bf689b-2be6-4d6c-a26e-9fbc2d8049f6}","r":1789207746461,"n":27,"ms":1577}
2026-09-12T12:09:08+02:00 HAL9000 kwin_wayland[3254]: KXLGEO1 {"k":"win","s":2,"id":"{f403026b-f5d1-4d06-9dc6-e27caeb600ad}","cls":"plasmashell","caption":"<Titel entfernt>","output":"DP-3","desktops":[],"activities":[],"onAllDesktops":true,"geo":{"x":0,"y":0,"w":1920,"h":1080,"exakt":true},"min":{"w":0,"h":0},"max":{"w":2147483647,"h":2147483647},"fullScreen":false,"minimized":false,"maximizeMode":0,"moveable":false,"resizeable":false,"move":false,"resize":false,"managed":true,"deleted":false,"normalWindow":false,"specialWindow":true,"popupWindow":false,"dialog":false,"utility":false,"splash":false,"dock":false,"transient":false,"modal":false,"transientFor":null,"r":1789207746461,"n":28,"ms":1577}
2026-09-12T12:09:08+02:00 HAL9000 kwin_wayland[3254]: KXLGEO1 {"k":"win","s":2,"id":"{ec21bef1-b673-49b3-8924-0a25eed97369}","cls":"plasmashell","caption":"<Titel entfernt>","output":"DP-3","desktops":[],"activities":[],"onAllDesktops":true,"geo":{"x":0,"y":1050,"w":1920,"h":30,"exakt":true},"min":{"w":0,"h":0},"max":{"w":2147483647,"h":2147483647},"fullScreen":false,"minimized":false,"maximizeMode":0,"moveable":false,"resizeable":false,"move":false,"resize":false,"managed":true,"deleted":false,"normalWindow":false,"specialWindow":true,"popupWindow":false,"dialog":false,"utility":false,"splash":false,"dock":true,"transient":false,"modal":false,"transientFor":null,"r":1789207746461,"n":29,"ms":1578}
2026-09-12T12:09:08+02:00 HAL9000 kwin_wayland[3254]: KXLGEO1 {"k":"win","s":2,"id":"{e9ae64c6-e271-4f0e-9390-a0f42df9a31b}","cls":"plasmashell","caption":"<Titel entfernt>","output":"eDP-1","desktops":[],"activities":[],"onAllDesktops":true,"geo":{"x":1920,"y":0,"w":1280,"h":720,"exakt":true},"min":{"w":0,"h":0},"max":{"w":2147483647,"h":2147483647},"fullScreen":false,"minimized":false,"maximizeMode":0,"moveable":false,"resizeable":false,"move":false,"resize":false,"managed":true,"deleted":false,"normalWindow":false,"specialWindow":true,"popupWindow":false,"dialog":false,"utility":false,"splash":false,"dock":false,"transient":false,"modal":false,"transientFor":null,"r":1789207746461,"n":30,"ms":1578}
2026-09-12T12:09:08+02:00 HAL9000 kwin_wayland[3254]: KXLGEO1 {"k":"win","s":2,"id":"{00c4c9f1-166b-46da-94f9-bec977b8d871}","cls":"org.kde.kwrite","caption":"kxl-t1.txt — KWrite","output":"DP-3","desktops":["89539ae6-e06b-4c76-a057-95df959578a9"],"activities":["a89f5ec2-ab8e-4108-8088-7118500a3aab"],"onAllDesktops":false,"geo":{"x":1056,"y":525,"w":864,"h":525,"exakt":true},"min":{"w":157,"h":150},"max":{"w":2147483647,"h":2147483647},"fullScreen":false,"minimized":false,"maximizeMode":0,"moveable":true,"resizeable":true,"move":false,"resize":false,"managed":true,"deleted":false,"normalWindow":true,"specialWindow":false,"popupWindow":false,"dialog":false,"utility":false,"splash":false,"dock":false,"transient":false,"modal":false,"transientFor":null,"r":1789207746461,"n":31,"ms":1578}
2026-09-12T12:09:08+02:00 HAL9000 kwin_wayland[3254]: KXLGEO1 {"k":"win","s":2,"id":"{985f4025-239f-4476-bac9-fb20ef04f779}","cls":"org.kde.kwrite","caption":"kxl-a1.txt — KWrite","output":"DP-3","desktops":["89539ae6-e06b-4c76-a057-95df959578a9"],"activities":["a89f5ec2-ab8e-4108-8088-7118500a3aab"],"onAllDesktops":false,"geo":{"x":1056,"y":0,"w":864,"h":525,"exakt":true},"min":{"w":157,"h":150},"max":{"w":2147483647,"h":2147483647},"fullScreen":false,"minimized":false,"maximizeMode":0,"moveable":true,"resizeable":true,"move":false,"resize":false,"managed":true,"deleted":false,"normalWindow":true,"specialWindow":false,"popupWindow":false,"dialog":false,"utility":false,"splash":false,"dock":false,"transient":false,"modal":false,"transientFor":null,"r":1789207746461,"n":32,"ms":1579}
2026-09-12T12:09:08+02:00 HAL9000 kwin_wayland[3254]: KXLGEO1 {"k":"win","s":2,"id":"{61bf689b-2be6-4d6c-a26e-9fbc2d8049f6}","cls":"org.kde.kwrite","caption":"kxl-a2.txt — KWrite","output":"DP-3","desktops":["89539ae6-e06b-4c76-a057-95df959578a9"],"activities":["a89f5ec2-ab8e-4108-8088-7118500a3aab"],"onAllDesktops":false,"geo":{"x":0,"y":0,"w":1056,"h":1050,"exakt":true},"min":{"w":157,"h":150},"max":{"w":2147483647,"h":2147483647},"fullScreen":false,"minimized":false,"maximizeMode":0,"moveable":true,"resizeable":true,"move":false,"resize":false,"managed":true,"deleted":false,"normalWindow":true,"specialWindow":false,"popupWindow":false,"dialog":false,"utility":false,"splash":false,"dock":false,"transient":false,"modal":false,"transientFor":null,"r":1789207746461,"n":33,"ms":1579}
2026-09-12T12:09:08+02:00 HAL9000 kwin_wayland[3254]: KXLGEO1 {"k":"win","s":2,"id":"{36d65b88-4f0f-41b7-b787-d35bf2e896be}","cls":"org.kde.kwrite","caption":"kxl-b1.txt — KWrite","output":"eDP-1","desktops":["89539ae6-e06b-4c76-a057-95df959578a9"],"activities":["a89f5ec2-ab8e-4108-8088-7118500a3aab"],"onAllDesktops":false,"geo":{"x":2752,"y":360,"w":448,"h":360,"exakt":true},"min":{"w":157,"h":150},"max":{"w":2147483647,"h":2147483647},"fullScreen":false,"minimized":false,"maximizeMode":0,"moveable":true,"resizeable":true,"move":false,"resize":false,"managed":true,"deleted":false,"normalWindow":true,"specialWindow":false,"popupWindow":false,"dialog":false,"utility":false,"splash":false,"dock":false,"transient":false,"modal":false,"transientFor":null,"r":1789207746461,"n":34,"ms":1579}
2026-09-12T12:09:08+02:00 HAL9000 kwin_wayland[3254]: KXLGEO1 {"k":"win","s":2,"id":"{eaa20b7a-b463-4058-9c8b-1956f3b68db3}","cls":"org.kde.kwrite","caption":"kxl-b2.txt — KWrite","output":"eDP-1","desktops":["89539ae6-e06b-4c76-a057-95df959578a9"],"activities":["a89f5ec2-ab8e-4108-8088-7118500a3aab"],"onAllDesktops":false,"geo":{"x":2752,"y":0,"w":448,"h":360,"exakt":true},"min":{"w":157,"h":150},"max":{"w":2147483647,"h":2147483647},"fullScreen":false,"minimized":false,"maximizeMode":0,"moveable":true,"resizeable":true,"move":false,"resize":false,"managed":true,"deleted":false,"normalWindow":true,"specialWindow":false,"popupWindow":false,"dialog":false,"utility":false,"splash":false,"dock":false,"transient":false,"modal":false,"transientFor":null,"r":1789207746461,"n":35,"ms":1579}
2026-09-12T12:09:08+02:00 HAL9000 kwin_wayland[3254]: KXLGEO1 {"k":"win","s":2,"id":"{40655bec-beca-427f-91c3-dd69d3ebfb1c}","cls":"org.kde.kwrite","caption":"kxl-b3.txt — KWrite","output":"eDP-1","desktops":["89539ae6-e06b-4c76-a057-95df959578a9"],"activities":["a89f5ec2-ab8e-4108-8088-7118500a3aab"],"onAllDesktops":false,"geo":{"x":1920,"y":0,"w":832,"h":720,"exakt":true},"min":{"w":157,"h":150},"max":{"w":2147483647,"h":2147483647},"fullScreen":false,"minimized":false,"maximizeMode":0,"moveable":true,"resizeable":true,"move":false,"resize":false,"managed":true,"deleted":false,"normalWindow":true,"specialWindow":false,"popupWindow":false,"dialog":false,"utility":false,"splash":false,"dock":false,"transient":false,"modal":false,"transientFor":null,"r":1789207746461,"n":36,"ms":1580}
2026-09-12T12:09:09+02:00 HAL9000 kwin_wayland[3254]: KXLGEO1 {"k":"view","s":3,"key":"a89f5ec2-ab8e-4108-8088-7118500a3aab|89539ae6-e06b-4c76-a057-95df959578a9|eDP-1","activity":"a89f5ec2-ab8e-4108-8088-7118500a3aab","desktop":"89539ae6-e06b-4c76-a057-95df959578a9","output":"eDP-1","area":{"x":1920,"y":0,"w":1280,"h":720,"exakt":true},"r":1789207746461,"n":37,"ms":3152}
2026-09-12T12:09:09+02:00 HAL9000 kwin_wayland[3254]: KXLGEO1 {"k":"view","s":3,"key":"a89f5ec2-ab8e-4108-8088-7118500a3aab|89539ae6-e06b-4c76-a057-95df959578a9|DP-3","activity":"a89f5ec2-ab8e-4108-8088-7118500a3aab","desktop":"89539ae6-e06b-4c76-a057-95df959578a9","output":"DP-3","area":{"x":0,"y":0,"w":1920,"h":1050,"exakt":true},"r":1789207746461,"n":38,"ms":3152}
2026-09-12T12:09:09+02:00 HAL9000 kwin_wayland[3254]: KXLGEO1 {"k":"active","s":3,"activeId":"{61bf689b-2be6-4d6c-a26e-9fbc2d8049f6}","r":1789207746461,"n":39,"ms":3152}
2026-09-12T12:09:09+02:00 HAL9000 kwin_wayland[3254]: KXLGEO1 {"k":"win","s":3,"id":"{f403026b-f5d1-4d06-9dc6-e27caeb600ad}","cls":"plasmashell","caption":"<Titel entfernt>","output":"DP-3","desktops":[],"activities":[],"onAllDesktops":true,"geo":{"x":0,"y":0,"w":1920,"h":1080,"exakt":true},"min":{"w":0,"h":0},"max":{"w":2147483647,"h":2147483647},"fullScreen":false,"minimized":false,"maximizeMode":0,"moveable":false,"resizeable":false,"move":false,"resize":false,"managed":true,"deleted":false,"normalWindow":false,"specialWindow":true,"popupWindow":false,"dialog":false,"utility":false,"splash":false,"dock":false,"transient":false,"modal":false,"transientFor":null,"r":1789207746461,"n":40,"ms":3153}
2026-09-12T12:09:09+02:00 HAL9000 kwin_wayland[3254]: KXLGEO1 {"k":"win","s":3,"id":"{ec21bef1-b673-49b3-8924-0a25eed97369}","cls":"plasmashell","caption":"<Titel entfernt>","output":"DP-3","desktops":[],"activities":[],"onAllDesktops":true,"geo":{"x":0,"y":1050,"w":1920,"h":30,"exakt":true},"min":{"w":0,"h":0},"max":{"w":2147483647,"h":2147483647},"fullScreen":false,"minimized":false,"maximizeMode":0,"moveable":false,"resizeable":false,"move":false,"resize":false,"managed":true,"deleted":false,"normalWindow":false,"specialWindow":true,"popupWindow":false,"dialog":false,"utility":false,"splash":false,"dock":true,"transient":false,"modal":false,"transientFor":null,"r":1789207746461,"n":41,"ms":3153}
2026-09-12T12:09:09+02:00 HAL9000 kwin_wayland[3254]: KXLGEO1 {"k":"win","s":3,"id":"{e9ae64c6-e271-4f0e-9390-a0f42df9a31b}","cls":"plasmashell","caption":"<Titel entfernt>","output":"eDP-1","desktops":[],"activities":[],"onAllDesktops":true,"geo":{"x":1920,"y":0,"w":1280,"h":720,"exakt":true},"min":{"w":0,"h":0},"max":{"w":2147483647,"h":2147483647},"fullScreen":false,"minimized":false,"maximizeMode":0,"moveable":false,"resizeable":false,"move":false,"resize":false,"managed":true,"deleted":false,"normalWindow":false,"specialWindow":true,"popupWindow":false,"dialog":false,"utility":false,"splash":false,"dock":false,"transient":false,"modal":false,"transientFor":null,"r":1789207746461,"n":42,"ms":3154}
2026-09-12T12:09:09+02:00 HAL9000 kwin_wayland[3254]: KXLGEO1 {"k":"win","s":3,"id":"{00c4c9f1-166b-46da-94f9-bec977b8d871}","cls":"org.kde.kwrite","caption":"kxl-t1.txt — KWrite","output":"DP-3","desktops":["89539ae6-e06b-4c76-a057-95df959578a9"],"activities":["a89f5ec2-ab8e-4108-8088-7118500a3aab"],"onAllDesktops":false,"geo":{"x":1056,"y":525,"w":864,"h":525,"exakt":true},"min":{"w":157,"h":150},"max":{"w":2147483647,"h":2147483647},"fullScreen":false,"minimized":false,"maximizeMode":0,"moveable":true,"resizeable":true,"move":false,"resize":false,"managed":true,"deleted":false,"normalWindow":true,"specialWindow":false,"popupWindow":false,"dialog":false,"utility":false,"splash":false,"dock":false,"transient":false,"modal":false,"transientFor":null,"r":1789207746461,"n":43,"ms":3154}
2026-09-12T12:09:09+02:00 HAL9000 kwin_wayland[3254]: KXLGEO1 {"k":"win","s":3,"id":"{985f4025-239f-4476-bac9-fb20ef04f779}","cls":"org.kde.kwrite","caption":"kxl-a1.txt — KWrite","output":"DP-3","desktops":["89539ae6-e06b-4c76-a057-95df959578a9"],"activities":["a89f5ec2-ab8e-4108-8088-7118500a3aab"],"onAllDesktops":false,"geo":{"x":1056,"y":0,"w":864,"h":525,"exakt":true},"min":{"w":157,"h":150},"max":{"w":2147483647,"h":2147483647},"fullScreen":false,"minimized":false,"maximizeMode":0,"moveable":true,"resizeable":true,"move":false,"resize":false,"managed":true,"deleted":false,"normalWindow":true,"specialWindow":false,"popupWindow":false,"dialog":false,"utility":false,"splash":false,"dock":false,"transient":false,"modal":false,"transientFor":null,"r":1789207746461,"n":44,"ms":3154}
2026-09-12T12:09:09+02:00 HAL9000 kwin_wayland[3254]: KXLGEO1 {"k":"win","s":3,"id":"{61bf689b-2be6-4d6c-a26e-9fbc2d8049f6}","cls":"org.kde.kwrite","caption":"kxl-a2.txt — KWrite","output":"DP-3","desktops":["89539ae6-e06b-4c76-a057-95df959578a9"],"activities":["a89f5ec2-ab8e-4108-8088-7118500a3aab"],"onAllDesktops":false,"geo":{"x":0,"y":0,"w":1056,"h":1050,"exakt":true},"min":{"w":157,"h":150},"max":{"w":2147483647,"h":2147483647},"fullScreen":false,"minimized":false,"maximizeMode":0,"moveable":true,"resizeable":true,"move":false,"resize":false,"managed":true,"deleted":false,"normalWindow":true,"specialWindow":false,"popupWindow":false,"dialog":false,"utility":false,"splash":false,"dock":false,"transient":false,"modal":false,"transientFor":null,"r":1789207746461,"n":45,"ms":3155}
2026-09-12T12:09:09+02:00 HAL9000 kwin_wayland[3254]: KXLGEO1 {"k":"win","s":3,"id":"{36d65b88-4f0f-41b7-b787-d35bf2e896be}","cls":"org.kde.kwrite","caption":"kxl-b1.txt — KWrite","output":"eDP-1","desktops":["89539ae6-e06b-4c76-a057-95df959578a9"],"activities":["a89f5ec2-ab8e-4108-8088-7118500a3aab"],"onAllDesktops":false,"geo":{"x":2752,"y":360,"w":448,"h":360,"exakt":true},"min":{"w":157,"h":150},"max":{"w":2147483647,"h":2147483647},"fullScreen":false,"minimized":false,"maximizeMode":0,"moveable":true,"resizeable":true,"move":false,"resize":false,"managed":true,"deleted":false,"normalWindow":true,"specialWindow":false,"popupWindow":false,"dialog":false,"utility":false,"splash":false,"dock":false,"transient":false,"modal":false,"transientFor":null,"r":1789207746461,"n":46,"ms":3155}
2026-09-12T12:09:09+02:00 HAL9000 kwin_wayland[3254]: KXLGEO1 {"k":"win","s":3,"id":"{eaa20b7a-b463-4058-9c8b-1956f3b68db3}","cls":"org.kde.kwrite","caption":"kxl-b2.txt — KWrite","output":"eDP-1","desktops":["89539ae6-e06b-4c76-a057-95df959578a9"],"activities":["a89f5ec2-ab8e-4108-8088-7118500a3aab"],"onAllDesktops":false,"geo":{"x":2752,"y":0,"w":448,"h":360,"exakt":true},"min":{"w":157,"h":150},"max":{"w":2147483647,"h":2147483647},"fullScreen":false,"minimized":false,"maximizeMode":0,"moveable":true,"resizeable":true,"move":false,"resize":false,"managed":true,"deleted":false,"normalWindow":true,"specialWindow":false,"popupWindow":false,"dialog":false,"utility":false,"splash":false,"dock":false,"transient":false,"modal":false,"transientFor":null,"r":1789207746461,"n":47,"ms":3156}
2026-09-12T12:09:09+02:00 HAL9000 kwin_wayland[3254]: KXLGEO1 {"k":"win","s":3,"id":"{40655bec-beca-427f-91c3-dd69d3ebfb1c}","cls":"org.kde.kwrite","caption":"kxl-b3.txt — KWrite","output":"eDP-1","desktops":["89539ae6-e06b-4c76-a057-95df959578a9"],"activities":["a89f5ec2-ab8e-4108-8088-7118500a3aab"],"onAllDesktops":false,"geo":{"x":1920,"y":0,"w":832,"h":720,"exakt":true},"min":{"w":157,"h":150},"max":{"w":2147483647,"h":2147483647},"fullScreen":false,"minimized":false,"maximizeMode":0,"moveable":true,"resizeable":true,"move":false,"resize":false,"managed":true,"deleted":false,"normalWindow":true,"specialWindow":false,"popupWindow":false,"dialog":false,"utility":false,"splash":false,"dock":false,"transient":false,"modal":false,"transientFor":null,"r":1789207746461,"n":48,"ms":3156}
2026-09-12T12:09:09+02:00 HAL9000 kwin_wayland[3254]: KXLGEO1 {"k":"end","st":"ok","total":49,"samples":4,"fehler":0,"timer_aktiv":0,"r":1789207746461,"n":49,"ms":3156}
2026-09-12T12:09:10+02:00 HAL9000 kxl-abnahme[8238]: == Fall 26d Ende ==
2026-09-12T12:09:35+02:00 HAL9000 kxl-abnahme[8274]: == Fall 27b Anfang ==
2026-09-12T12:09:35+02:00 HAL9000 kxl-last[8279]: == Fall 27b Last beginnt, Dauer 3900s, maus=1 tasten=1 ==
2026-09-12T12:09:35+02:00 HAL9000 kxl-last[8289]: hotplug: eDP-1 aus
2026-09-12T12:09:35+02:00 HAL9000 kwin_wayland[3254]: kwin-xmonad-lite: extern {36d65b88-4f0f-41b7-b787-d35bf2e896be}
2026-09-12T12:09:35+02:00 HAL9000 kwin_wayland[3254]: kwin-xmonad-lite: extern {eaa20b7a-b463-4058-9c8b-1956f3b68db3}
2026-09-12T12:09:35+02:00 HAL9000 kwin_wayland[3254]: kwin-xmonad-lite: extern {40655bec-beca-427f-91c3-dd69d3ebfb1c}
2026-09-12T12:09:35+02:00 HAL9000 kwin_wayland[3254]: kwin-xmonad-lite: arrange #60 grund=closed,windowRemoved,geometrieExtern,fensterzustand,screenGeometry,screensChanged surfaces=1 mitglieder=6 teilnehmer=6
2026-09-12T12:09:35+02:00 HAL9000 kwin_wayland[3254]: kwin-xmonad-lite: surface a89f5ec2-ab8e-4108-8088-7118500a3aab|89539ae6-e06b-4c76-a057-95df959578a9|DP-3 layout=tall n=6 ratio=0.55 fläche=1920x1050+0+0
2026-09-12T12:09:35+02:00 HAL9000 kwin_wayland[3254]: kwin-xmonad-lite: diagnose a89f5ec2-ab8e-4108-8088-7118500a3aab|89539ae6-e06b-4c76-a057-95df959578a9|DP-3 order={40655bec-beca-427f-91c3-dd69d3ebfb1c},{eaa20b7a-b463-4058-9c8b-1956f3b68db3},{36d65b88-4f0f-41b7-b787-d35bf2e896be},{61bf689b-2be6-4d6c-a26e-9fbc2d8049f6},{985f4025-239f-4476-bac9-fb20ef04f779},{00c4c9f1-166b-46da-94f9-bec977b8d871} teilnehmer={40655bec-beca-427f-91c3-dd69d3ebfb1c},{eaa20b7a-b463-4058-9c8b-1956f3b68db3},{36d65b88-4f0f-41b7-b787-d35bf2e896be},{61bf689b-2be6-4d6c-a26e-9fbc2d8049f6},{985f4025-239f-4476-bac9-fb20ef04f779},{00c4c9f1-166b-46da-94f9-bec977b8d871} float=
2026-09-12T12:09:35+02:00 HAL9000 kwin_wayland[3254]: kwin-xmonad-lite: apply {40655bec-beca-427f-91c3-dd69d3ebfb1c} soll=1056x1050+0+0
2026-09-12T12:09:35+02:00 HAL9000 kwin_wayland[3254]: kwin-xmonad-lite: apply {eaa20b7a-b463-4058-9c8b-1956f3b68db3} soll=864x210+1056+0
2026-09-12T12:09:35+02:00 HAL9000 kwin_wayland[3254]: kwin-xmonad-lite: apply {36d65b88-4f0f-41b7-b787-d35bf2e896be} soll=864x210+1056+210
2026-09-12T12:09:35+02:00 HAL9000 kwin_wayland[3254]: kwin-xmonad-lite: apply {61bf689b-2be6-4d6c-a26e-9fbc2d8049f6} soll=864x210+1056+420
2026-09-12T12:09:35+02:00 HAL9000 kwin_wayland[3254]: kwin-xmonad-lite: apply {985f4025-239f-4476-bac9-fb20ef04f779} soll=864x210+1056+630
2026-09-12T12:09:35+02:00 HAL9000 kwin_wayland[3254]: kwin-xmonad-lite: apply {00c4c9f1-166b-46da-94f9-bec977b8d871} soll=864x210+1056+840
2026-09-12T12:09:36+02:00 HAL9000 kwin_wayland[3254]: kwin-xmonad-lite: nachbessern {40655bec-beca-427f-91c3-dd69d3ebfb1c} versuch=1 ist=832x720+0+330 soll=1056x1050+0+0
2026-09-12T12:09:36+02:00 HAL9000 kwin_wayland[3254]: kwin-xmonad-lite: nachbessern {eaa20b7a-b463-4058-9c8b-1956f3b68db3} versuch=1 ist=448x360+1472+0 soll=864x210+1056+0
2026-09-12T12:09:36+02:00 HAL9000 kwin_wayland[3254]: kwin-xmonad-lite: nachbessern {36d65b88-4f0f-41b7-b787-d35bf2e896be} versuch=1 ist=448x360+1472+690 soll=864x210+1056+210
2026-09-12T12:09:36+02:00 HAL9000 kwin_wayland[3254]: kwin-xmonad-lite: nachbessern {61bf689b-2be6-4d6c-a26e-9fbc2d8049f6} versuch=1 ist=1056x1050+0+0 soll=864x210+1056+420
2026-09-12T12:09:36+02:00 HAL9000 kwin_wayland[3254]: kwin-xmonad-lite: nachbessern {985f4025-239f-4476-bac9-fb20ef04f779} versuch=1 ist=864x525+1056+0 soll=864x210+1056+630
2026-09-12T12:09:36+02:00 HAL9000 kwin_wayland[3254]: kwin-xmonad-lite: nachbessern {00c4c9f1-166b-46da-94f9-bec977b8d871} versuch=1 ist=864x525+1056+525 soll=864x210+1056+840
2026-09-12T12:09:36+02:00 HAL9000 kwin_wayland[3254]: kwin-xmonad-lite: arrange #61 grund=nachlauf500:screenGeometry+screensChanged surfaces=1 mitglieder=6 teilnehmer=6
2026-09-12T12:09:36+02:00 HAL9000 kwin_wayland[3254]: kwin-xmonad-lite: surface a89f5ec2-ab8e-4108-8088-7118500a3aab|89539ae6-e06b-4c76-a057-95df959578a9|DP-3 layout=tall n=6 ratio=0.55 fläche=1920x1050+0+0
2026-09-12T12:09:36+02:00 HAL9000 kwin_wayland[3254]: kwin-xmonad-lite: diagnose a89f5ec2-ab8e-4108-8088-7118500a3aab|89539ae6-e06b-4c76-a057-95df959578a9|DP-3 order={40655bec-beca-427f-91c3-dd69d3ebfb1c},{eaa20b7a-b463-4058-9c8b-1956f3b68db3},{36d65b88-4f0f-41b7-b787-d35bf2e896be},{61bf689b-2be6-4d6c-a26e-9fbc2d8049f6},{985f4025-239f-4476-bac9-fb20ef04f779},{00c4c9f1-166b-46da-94f9-bec977b8d871} teilnehmer={40655bec-beca-427f-91c3-dd69d3ebfb1c},{eaa20b7a-b463-4058-9c8b-1956f3b68db3},{36d65b88-4f0f-41b7-b787-d35bf2e896be},{61bf689b-2be6-4d6c-a26e-9fbc2d8049f6},{985f4025-239f-4476-bac9-fb20ef04f779},{00c4c9f1-166b-46da-94f9-bec977b8d871} float=
2026-09-12T12:09:37+02:00 HAL9000 kwin_wayland[3254]: kwin-xmonad-lite: arrange #62 grund=nachlauf1500:screenGeometry+screensChanged surfaces=1 mitglieder=6 teilnehmer=6
2026-09-12T12:09:37+02:00 HAL9000 kwin_wayland[3254]: kwin-xmonad-lite: surface a89f5ec2-ab8e-4108-8088-7118500a3aab|89539ae6-e06b-4c76-a057-95df959578a9|DP-3 layout=tall n=6 ratio=0.55 fläche=1920x1050+0+0
2026-09-12T12:09:37+02:00 HAL9000 kwin_wayland[3254]: kwin-xmonad-lite: diagnose a89f5ec2-ab8e-4108-8088-7118500a3aab|89539ae6-e06b-4c76-a057-95df959578a9|DP-3 order={40655bec-beca-427f-91c3-dd69d3ebfb1c},{eaa20b7a-b463-4058-9c8b-1956f3b68db3},{36d65b88-4f0f-41b7-b787-d35bf2e896be},{61bf689b-2be6-4d6c-a26e-9fbc2d8049f6},{985f4025-239f-4476-bac9-fb20ef04f779},{00c4c9f1-166b-46da-94f9-bec977b8d871} teilnehmer={40655bec-beca-427f-91c3-dd69d3ebfb1c},{eaa20b7a-b463-4058-9c8b-1956f3b68db3},{36d65b88-4f0f-41b7-b787-d35bf2e896be},{61bf689b-2be6-4d6c-a26e-9fbc2d8049f6},{985f4025-239f-4476-bac9-fb20ef04f779},{00c4c9f1-166b-46da-94f9-bec977b8d871} float=
2026-09-12T12:09:47+02:00 HAL9000 kxl-last[8372]: ziehen tastatur: 6x rechts+unten
2026-09-12T12:09:48+02:00 HAL9000 kwin_wayland[3254]: kwin-xmonad-lite: arrange #63 grund=moveResizeFinished surfaces=1 mitglieder=6 teilnehmer=6
2026-09-12T12:09:48+02:00 HAL9000 kwin_wayland[3254]: kwin-xmonad-lite: surface a89f5ec2-ab8e-4108-8088-7118500a3aab|89539ae6-e06b-4c76-a057-95df959578a9|DP-3 layout=tall n=6 ratio=0.55 fläche=1920x1050+0+0
2026-09-12T12:09:48+02:00 HAL9000 kwin_wayland[3254]: kwin-xmonad-lite: diagnose a89f5ec2-ab8e-4108-8088-7118500a3aab|89539ae6-e06b-4c76-a057-95df959578a9|DP-3 order={40655bec-beca-427f-91c3-dd69d3ebfb1c},{eaa20b7a-b463-4058-9c8b-1956f3b68db3},{36d65b88-4f0f-41b7-b787-d35bf2e896be},{61bf689b-2be6-4d6c-a26e-9fbc2d8049f6},{985f4025-239f-4476-bac9-fb20ef04f779},{00c4c9f1-166b-46da-94f9-bec977b8d871} teilnehmer={40655bec-beca-427f-91c3-dd69d3ebfb1c},{eaa20b7a-b463-4058-9c8b-1956f3b68db3},{36d65b88-4f0f-41b7-b787-d35bf2e896be},{61bf689b-2be6-4d6c-a26e-9fbc2d8049f6},{985f4025-239f-4476-bac9-fb20ef04f779},{00c4c9f1-166b-46da-94f9-bec977b8d871} float=
2026-09-12T12:09:48+02:00 HAL9000 kwin_wayland[3254]: kwin-xmonad-lite: apply {61bf689b-2be6-4d6c-a26e-9fbc2d8049f6} soll=864x210+1056+420
2026-09-12T12:10:19+02:00 HAL9000 kwin_wayland[3254]: kwin-xmonad-lite: arrange #64 grund=windowAdded surfaces=1 mitglieder=6 teilnehmer=6
2026-09-12T12:10:19+02:00 HAL9000 kwin_wayland[3254]: kwin-xmonad-lite: surface a89f5ec2-ab8e-4108-8088-7118500a3aab|89539ae6-e06b-4c76-a057-95df959578a9|DP-3 layout=tall n=6 ratio=0.55 fläche=1920x1050+0+0
2026-09-12T12:10:19+02:00 HAL9000 kwin_wayland[3254]: kwin-xmonad-lite: diagnose a89f5ec2-ab8e-4108-8088-7118500a3aab|89539ae6-e06b-4c76-a057-95df959578a9|DP-3 order={40655bec-beca-427f-91c3-dd69d3ebfb1c},{eaa20b7a-b463-4058-9c8b-1956f3b68db3},{36d65b88-4f0f-41b7-b787-d35bf2e896be},{61bf689b-2be6-4d6c-a26e-9fbc2d8049f6},{985f4025-239f-4476-bac9-fb20ef04f779},{00c4c9f1-166b-46da-94f9-bec977b8d871} teilnehmer={40655bec-beca-427f-91c3-dd69d3ebfb1c},{eaa20b7a-b463-4058-9c8b-1956f3b68db3},{36d65b88-4f0f-41b7-b787-d35bf2e896be},{61bf689b-2be6-4d6c-a26e-9fbc2d8049f6},{985f4025-239f-4476-bac9-fb20ef04f779},{00c4c9f1-166b-46da-94f9-bec977b8d871} float=
2026-09-12T12:10:24+02:00 HAL9000 kwin_wayland[3254]: kwin-xmonad-lite: arrange #65 grund=closed,windowRemoved surfaces=1 mitglieder=6 teilnehmer=6
2026-09-12T12:10:24+02:00 HAL9000 kwin_wayland[3254]: kwin-xmonad-lite: surface a89f5ec2-ab8e-4108-8088-7118500a3aab|89539ae6-e06b-4c76-a057-95df959578a9|DP-3 layout=tall n=6 ratio=0.55 fläche=1920x1050+0+0
2026-09-12T12:10:24+02:00 HAL9000 kwin_wayland[3254]: kwin-xmonad-lite: diagnose a89f5ec2-ab8e-4108-8088-7118500a3aab|89539ae6-e06b-4c76-a057-95df959578a9|DP-3 order={40655bec-beca-427f-91c3-dd69d3ebfb1c},{eaa20b7a-b463-4058-9c8b-1956f3b68db3},{36d65b88-4f0f-41b7-b787-d35bf2e896be},{61bf689b-2be6-4d6c-a26e-9fbc2d8049f6},{985f4025-239f-4476-bac9-fb20ef04f779},{00c4c9f1-166b-46da-94f9-bec977b8d871} teilnehmer={40655bec-beca-427f-91c3-dd69d3ebfb1c},{eaa20b7a-b463-4058-9c8b-1956f3b68db3},{36d65b88-4f0f-41b7-b787-d35bf2e896be},{61bf689b-2be6-4d6c-a26e-9fbc2d8049f6},{985f4025-239f-4476-bac9-fb20ef04f779},{00c4c9f1-166b-46da-94f9-bec977b8d871} float=
2026-09-12T12:10:46+02:00 HAL9000 kxl-last[8451]: aktion: kurz 'Switch to Desktop 3'
2026-09-12T12:10:46+02:00 HAL9000 kwin_wayland[3254]: kwin-xmonad-lite: arrange #66 grund=windowActivated,desktopChanged surfaces=1 mitglieder=0 teilnehmer=0
2026-09-12T12:11:27+02:00 HAL9000 kwin_wayland[3254]: kwin-xmonad-lite: befehl swapPrev surface=a89f5ec2-ab8e-4108-8088-7118500a3aab|30c27d93-fa7d-452a-ad6a-53201edcdca1|DP-3 via=ausgabe master=- unverändert
2026-09-12T12:11:27+02:00 HAL9000 kxl-last[8463]: aktion: kurz xml-swap-prev
2026-09-12T12:12:20+02:00 HAL9000 kwin_wayland[3254]: kwin-xmonad-lite: befehl focusNext surface=a89f5ec2-ab8e-4108-8088-7118500a3aab|30c27d93-fa7d-452a-ad6a-53201edcdca1|DP-3 via=ausgabe ohne Fokusziel unverändert
2026-09-12T12:12:20+02:00 HAL9000 kxl-last[8538]: aktion: kurz xml-focus-next
2026-09-12T12:12:47+02:00 HAL9000 kxl-last[8574]: aktion: kurz 'Window One Screen to the Left'
2026-09-12T12:13:31+02:00 HAL9000 kxl-last[8584]: aktion: kurz 'Switch to Desktop 3'
2026-09-12T12:14:26+02:00 HAL9000 kwin_wayland[3254]: kwin-xmonad-lite: befehl focusPrev surface=a89f5ec2-ab8e-4108-8088-7118500a3aab|30c27d93-fa7d-452a-ad6a-53201edcdca1|DP-3 via=ausgabe ohne Fokusziel unverändert
2026-09-12T12:14:26+02:00 HAL9000 kxl-last[8619]: aktion: kurz xml-focus-prev
2026-09-12T12:15:13+02:00 HAL9000 kxl-last[8662]: hotplug: eDP-1 an
2026-09-12T12:15:13+02:00 HAL9000 kwin_wayland[3254]: kwin-xmonad-lite: arrange #67 grund=screenGeometry,screensChanged surfaces=2 mitglieder=0 teilnehmer=0
2026-09-12T12:15:14+02:00 HAL9000 kwin_wayland[3254]: kwin-xmonad-lite: arrange #68 grund=fensterzustand surfaces=2 mitglieder=0 teilnehmer=0
2026-09-12T12:15:14+02:00 HAL9000 kwin_wayland[3254]: kwin-xmonad-lite: arrange #69 grund=nachlauf500:screenGeometry+screensChanged surfaces=2 mitglieder=0 teilnehmer=0
2026-09-12T12:15:14+02:00 HAL9000 kwin_wayland[3254]: kwin-xmonad-lite: arrange #70 grund=windowAdded surfaces=2 mitglieder=0 teilnehmer=0
2026-09-12T12:15:15+02:00 HAL9000 kwin_wayland[3254]: kwin-xmonad-lite: arrange #71 grund=nachlauf1500:screenGeometry+screensChanged surfaces=2 mitglieder=0 teilnehmer=0
2026-09-12T12:15:46+02:00 HAL9000 kxl-last[8753]: hotplug: eDP-1 aus
2026-09-12T12:15:46+02:00 HAL9000 kwin_wayland[3254]: kwin-xmonad-lite: arrange #72 grund=closed,windowRemoved,fensterzustand,screenGeometry,screensChanged surfaces=1 mitglieder=0 teilnehmer=0
2026-09-12T12:15:46+02:00 HAL9000 kwin_wayland[3254]: kwin-xmonad-lite: arrange #73 grund=nachlauf500:screenGeometry+screensChanged surfaces=1 mitglieder=0 teilnehmer=0
2026-09-12T12:15:47+02:00 HAL9000 kwin_wayland[3254]: kwin-xmonad-lite: arrange #74 grund=nachlauf1500:screenGeometry+screensChanged surfaces=1 mitglieder=0 teilnehmer=0
2026-09-12T12:16:42+02:00 HAL9000 kxl-last[8811]: panelhöhe: 48
2026-09-12T12:16:42+02:00 HAL9000 kwin_wayland[3254]: kwin-xmonad-lite: dockGeometrie {ec21bef1-b673-49b3-8924-0a25eed97369}
2026-09-12T12:16:42+02:00 HAL9000 kwin_wayland[3254]: kwin-xmonad-lite: arrange #75 grund=dockGeometrie surfaces=1 mitglieder=0 teilnehmer=0
2026-09-12T12:16:42+02:00 HAL9000 kwin_wayland[3254]: kwin-xmonad-lite: dockGeometrie {ec21bef1-b673-49b3-8924-0a25eed97369}
2026-09-12T12:16:42+02:00 HAL9000 kwin_wayland[3254]: kwin-xmonad-lite: arrange #76 grund=dockGeometrie surfaces=1 mitglieder=0 teilnehmer=0
2026-09-12T12:16:42+02:00 HAL9000 kwin_wayland[3254]: kwin-xmonad-lite: arrange #77 grund=nachlauf500:dockGeometrie surfaces=1 mitglieder=0 teilnehmer=0
2026-09-12T12:16:43+02:00 HAL9000 kwin_wayland[3254]: kwin-xmonad-lite: arrange #78 grund=nachlauf1500:dockGeometrie surfaces=1 mitglieder=0 teilnehmer=0
2026-09-12T12:17:07+02:00 HAL9000 kxl-last[8821]: ziehen tastatur: 3x rechts+unten
2026-09-12T12:17:37+02:00 HAL9000 kwin_wayland[3254]: kwin-xmonad-lite: befehl swapNext surface=a89f5ec2-ab8e-4108-8088-7118500a3aab|30c27d93-fa7d-452a-ad6a-53201edcdca1|DP-3 via=ausgabe master=- unverändert
2026-09-12T12:17:37+02:00 HAL9000 kxl-last[8868]: aktion: kurz xml-swap-next
2026-09-12T12:18:13+02:00 HAL9000 kxl-last[8873]: panelhöhe: 30
2026-09-12T12:18:13+02:00 HAL9000 kwin_wayland[3254]: kwin-xmonad-lite: dockGeometrie {ec21bef1-b673-49b3-8924-0a25eed97369}
2026-09-12T12:18:13+02:00 HAL9000 kwin_wayland[3254]: kwin-xmonad-lite: arrange #79 grund=dockGeometrie surfaces=1 mitglieder=0 teilnehmer=0
2026-09-12T12:18:13+02:00 HAL9000 kwin_wayland[3254]: kwin-xmonad-lite: dockGeometrie {ec21bef1-b673-49b3-8924-0a25eed97369}
2026-09-12T12:18:13+02:00 HAL9000 kwin_wayland[3254]: kwin-xmonad-lite: arrange #80 grund=dockGeometrie surfaces=1 mitglieder=0 teilnehmer=0
2026-09-12T12:18:13+02:00 HAL9000 kwin_wayland[3254]: kwin-xmonad-lite: arrange #81 grund=nachlauf500:dockGeometrie surfaces=1 mitglieder=0 teilnehmer=0
2026-09-12T12:18:14+02:00 HAL9000 kwin_wayland[3254]: kwin-xmonad-lite: arrange #82 grund=nachlauf1500:dockGeometrie surfaces=1 mitglieder=0 teilnehmer=0
2026-09-12T12:19:03+02:00 HAL9000 kwin_wayland[3254]: kwin-xmonad-lite: befehl resetLayout surface=a89f5ec2-ab8e-4108-8088-7118500a3aab|30c27d93-fa7d-452a-ad6a-53201edcdca1|DP-3 via=ausgabe layout=tall unverändert
2026-09-12T12:19:03+02:00 HAL9000 kxl-last[8923]: aktion: kurz xml-reset-layout
2026-09-12T12:19:35+02:00 HAL9000 kwin_wayland[3254]: kwin-xmonad-lite: befehl expand surface=a89f5ec2-ab8e-4108-8088-7118500a3aab|30c27d93-fa7d-452a-ad6a-53201edcdca1|DP-3 via=ausgabe ratio=0.7
2026-09-12T12:19:35+02:00 HAL9000 kxl-last[8952]: aktion: kurz xml-expand
2026-09-12T12:19:35+02:00 HAL9000 kwin_wayland[3254]: kwin-xmonad-lite: arrange #83 grund=shortcut:expand surfaces=1 mitglieder=0 teilnehmer=0
2026-09-12T12:20:17+02:00 HAL9000 kwin_wayland[3254]: kwin-xmonad-lite: befehl shrink surface=a89f5ec2-ab8e-4108-8088-7118500a3aab|30c27d93-fa7d-452a-ad6a-53201edcdca1|DP-3 via=ausgabe ratio=0.65
2026-09-12T12:20:17+02:00 HAL9000 kxl-last[8966]: aktion: kurz xml-shrink
2026-09-12T12:20:17+02:00 HAL9000 kwin_wayland[3254]: kwin-xmonad-lite: arrange #84 grund=shortcut:shrink surfaces=1 mitglieder=0 teilnehmer=0
2026-09-12T12:20:29+02:00 HAL9000 kwin_wayland[3254]: kwin-xmonad-lite: arrange #85 grund=windowAdded surfaces=1 mitglieder=0 teilnehmer=0
2026-09-12T12:20:33+02:00 HAL9000 kwin_wayland[3254]: kwin-xmonad-lite: arrange #86 grund=windowActivated,windowAdded surfaces=1 mitglieder=0 teilnehmer=0
2026-09-12T12:20:33+02:00 HAL9000 kwin_wayland[3254]: kwin-xmonad-lite: arrange #87 grund=closed,windowRemoved surfaces=1 mitglieder=0 teilnehmer=0
2026-09-12T12:20:44+02:00 HAL9000 kxl-last[9020]: aktion: kurz 'Window One Screen to the Right'
2026-09-12T12:20:44+02:00 HAL9000 kwin_wayland[3254]: kwin-xmonad-lite: arrange #88 grund=closed,windowActivated,windowRemoved surfaces=1 mitglieder=0 teilnehmer=0
2026-09-12T12:20:46+02:00 HAL9000 kwin_wayland[3254]: kwin-xmonad-lite: arrange #89 grund=windowActivated,windowAdded surfaces=1 mitglieder=0 teilnehmer=0
2026-09-12T12:20:46+02:00 HAL9000 kwin_wayland[3254]: kwin-xmonad-lite: arrange #90 grund=windowAdded surfaces=1 mitglieder=0 teilnehmer=0
2026-09-12T12:20:47+02:00 HAL9000 kwin_wayland[3254]: kwin-xmonad-lite: arrange #91 grund=closed,windowRemoved surfaces=1 mitglieder=0 teilnehmer=0
2026-09-12T12:20:49+02:00 HAL9000 kwin_wayland[3254]: kwin-xmonad-lite: arrange #92 grund=windowAdded surfaces=1 mitglieder=0 teilnehmer=0
2026-09-12T12:20:50+02:00 HAL9000 kwin_wayland[3254]: kwin-xmonad-lite: arrange #93 grund=closed,windowRemoved surfaces=1 mitglieder=0 teilnehmer=0
2026-09-12T12:20:58+02:00 HAL9000 kwin_wayland[3254]: kwin-xmonad-lite: arrange #94 grund=windowAdded surfaces=1 mitglieder=0 teilnehmer=0
2026-09-12T12:20:59+02:00 HAL9000 kwin_wayland[3254]: kwin-xmonad-lite: arrange #95 grund=closed,windowRemoved surfaces=1 mitglieder=0 teilnehmer=0
2026-09-12T12:21:06+02:00 HAL9000 kwin_wayland[3254]: kwin-xmonad-lite: arrange #96 grund=closed,windowActivated,windowRemoved surfaces=1 mitglieder=0 teilnehmer=0
2026-09-12T12:21:09+02:00 HAL9000 kwin_wayland[3254]: kwin-xmonad-lite: arrange #97 grund=windowAdded surfaces=1 mitglieder=0 teilnehmer=0
2026-09-12T12:21:10+02:00 HAL9000 kwin_wayland[3254]: kwin-xmonad-lite: arrange #98 grund=closed,windowRemoved,windowAdded surfaces=1 mitglieder=0 teilnehmer=0
2026-09-12T12:21:13+02:00 HAL9000 kwin_wayland[3254]: kwin-xmonad-lite: arrange #99 grund=closed,windowRemoved surfaces=1 mitglieder=0 teilnehmer=0
2026-09-12T12:21:14+02:00 HAL9000 kwin_wayland[3254]: kwin-xmonad-lite: arrange #100 grund=windowActivated,windowAdded surfaces=1 mitglieder=1 teilnehmer=0
2026-09-12T12:21:14+02:00 HAL9000 kwin_wayland[3254]: kwin-xmonad-lite: surface a89f5ec2-ab8e-4108-8088-7118500a3aab|30c27d93-fa7d-452a-ad6a-53201edcdca1|DP-3 layout=tall n=0 ratio=0.65 fläche=1920x1050+0+0
2026-09-12T12:21:14+02:00 HAL9000 kwin_wayland[3254]: kwin-xmonad-lite: diagnose a89f5ec2-ab8e-4108-8088-7118500a3aab|30c27d93-fa7d-452a-ad6a-53201edcdca1|DP-3 order={d40d93ce-1d01-429e-8073-99da651430d2} teilnehmer= float=
2026-09-12T12:21:17+02:00 HAL9000 kwin_wayland[3254]: kwin-xmonad-lite: arrange #101 grund=windowActivated,windowAdded surfaces=1 mitglieder=1 teilnehmer=0
2026-09-12T12:21:17+02:00 HAL9000 kwin_wayland[3254]: kwin-xmonad-lite: surface a89f5ec2-ab8e-4108-8088-7118500a3aab|30c27d93-fa7d-452a-ad6a-53201edcdca1|DP-3 layout=tall n=0 ratio=0.65 fläche=1920x1050+0+0
2026-09-12T12:21:17+02:00 HAL9000 kwin_wayland[3254]: kwin-xmonad-lite: diagnose a89f5ec2-ab8e-4108-8088-7118500a3aab|30c27d93-fa7d-452a-ad6a-53201edcdca1|DP-3 order={d40d93ce-1d01-429e-8073-99da651430d2} teilnehmer= float=
2026-09-12T12:21:18+02:00 HAL9000 kwin_wayland[3254]: kwin-xmonad-lite: arrange #102 grund=closed,windowActivated,windowRemoved surfaces=1 mitglieder=1 teilnehmer=0
2026-09-12T12:21:18+02:00 HAL9000 kwin_wayland[3254]: kwin-xmonad-lite: surface a89f5ec2-ab8e-4108-8088-7118500a3aab|30c27d93-fa7d-452a-ad6a-53201edcdca1|DP-3 layout=tall n=0 ratio=0.65 fläche=1920x1050+0+0
2026-09-12T12:21:18+02:00 HAL9000 kwin_wayland[3254]: kwin-xmonad-lite: diagnose a89f5ec2-ab8e-4108-8088-7118500a3aab|30c27d93-fa7d-452a-ad6a-53201edcdca1|DP-3 order={d40d93ce-1d01-429e-8073-99da651430d2} teilnehmer= float=
2026-09-12T12:21:20+02:00 HAL9000 kwin_wayland[3254]: kwin-xmonad-lite: gc #103 fenster=1 surfaces=0
2026-09-12T12:21:20+02:00 HAL9000 kwin_wayland[3254]: kwin-xmonad-lite: arrange #103 grund=closed,windowActivated,windowRemoved surfaces=1 mitglieder=0 teilnehmer=0
2026-09-12T12:21:33+02:00 HAL9000 kwin_wayland[3254]: kwin-xmonad-lite: befehl focusMaster surface=a89f5ec2-ab8e-4108-8088-7118500a3aab|30c27d93-fa7d-452a-ad6a-53201edcdca1|DP-3 via=ausgabe ohne Fokusziel unverändert
2026-09-12T12:21:33+02:00 HAL9000 kxl-last[9089]: aktion: kurz xml-focus-master
2026-09-12T12:22:06+02:00 HAL9000 kwin_wayland[3254]: kwin-xmonad-lite: befehl promote surface=a89f5ec2-ab8e-4108-8088-7118500a3aab|30c27d93-fa7d-452a-ad6a-53201edcdca1|DP-3 via=ausgabe master=- unverändert
2026-09-12T12:22:06+02:00 HAL9000 kxl-last[9105]: aktion: kurz xml-promote
2026-09-12T12:22:26+02:00 HAL9000 kwin_wayland[3254]: kwin-xmonad-lite: befehl toggleFloat surface=a89f5ec2-ab8e-4108-8088-7118500a3aab|30c27d93-fa7d-452a-ad6a-53201edcdca1|DP-3 via=ausgabe fenster={f403026b-f5d1-4d06-9dc6-e27caeb600ad} → keinMitglied
2026-09-12T12:22:26+02:00 HAL9000 kxl-last[9132]: aktion: kurz xml-toggle-float
2026-09-12T12:23:26+02:00 HAL9000 kwin_wayland[3254]: kwin-xmonad-lite: befehl focusNext surface=a89f5ec2-ab8e-4108-8088-7118500a3aab|30c27d93-fa7d-452a-ad6a-53201edcdca1|DP-3 via=ausgabe ohne Fokusziel unverändert
2026-09-12T12:23:26+02:00 HAL9000 kxl-last[9171]: aktion: kurz xml-focus-next
2026-09-12T12:23:41+02:00 HAL9000 kxl-last[9190]: aktion: fenster_auf
2026-09-12T12:23:41+02:00 HAL9000 kwin_wayland[3254]: kwin-xmonad-lite: arrange #104 grund=windowActivated,windowAdded surfaces=1 mitglieder=1 teilnehmer=1
2026-09-12T12:23:41+02:00 HAL9000 kwin_wayland[3254]: kwin-xmonad-lite: surface a89f5ec2-ab8e-4108-8088-7118500a3aab|30c27d93-fa7d-452a-ad6a-53201edcdca1|DP-3 layout=tall n=1 ratio=0.65 fläche=1920x1050+0+0
2026-09-12T12:23:41+02:00 HAL9000 kwin_wayland[3254]: kwin-xmonad-lite: diagnose a89f5ec2-ab8e-4108-8088-7118500a3aab|30c27d93-fa7d-452a-ad6a-53201edcdca1|DP-3 order={1903e9f0-10cb-48c1-b480-115935764657} teilnehmer={1903e9f0-10cb-48c1-b480-115935764657} float=
2026-09-12T12:23:41+02:00 HAL9000 kwin_wayland[3254]: kwin-xmonad-lite: apply {1903e9f0-10cb-48c1-b480-115935764657} soll=1920x1050+0+0
2026-09-12T12:23:54+02:00 HAL9000 kxl-last[9208]: aktion: kurz 'Switch to Desktop 3'
2026-09-12T12:24:48+02:00 HAL9000 kxl-last[9243]: panelhöhe: 48
2026-09-12T12:24:48+02:00 HAL9000 kwin_wayland[3254]: kwin-xmonad-lite: dockGeometrie {ec21bef1-b673-49b3-8924-0a25eed97369}
2026-09-12T12:24:48+02:00 HAL9000 kwin_wayland[3254]: kwin-xmonad-lite: arrange #105 grund=dockGeometrie surfaces=1 mitglieder=1 teilnehmer=1
2026-09-12T12:24:48+02:00 HAL9000 kwin_wayland[3254]: kwin-xmonad-lite: surface a89f5ec2-ab8e-4108-8088-7118500a3aab|30c27d93-fa7d-452a-ad6a-53201edcdca1|DP-3 layout=tall n=1 ratio=0.65 fläche=1920x1050+0+0
2026-09-12T12:24:48+02:00 HAL9000 kwin_wayland[3254]: kwin-xmonad-lite: diagnose a89f5ec2-ab8e-4108-8088-7118500a3aab|30c27d93-fa7d-452a-ad6a-53201edcdca1|DP-3 order={1903e9f0-10cb-48c1-b480-115935764657} teilnehmer={1903e9f0-10cb-48c1-b480-115935764657} float=
2026-09-12T12:24:48+02:00 HAL9000 kwin_wayland[3254]: kwin-xmonad-lite: dockGeometrie {ec21bef1-b673-49b3-8924-0a25eed97369}
2026-09-12T12:24:48+02:00 HAL9000 kwin_wayland[3254]: kwin-xmonad-lite: arrange #106 grund=dockGeometrie surfaces=1 mitglieder=1 teilnehmer=1
2026-09-12T12:24:48+02:00 HAL9000 kwin_wayland[3254]: kwin-xmonad-lite: surface a89f5ec2-ab8e-4108-8088-7118500a3aab|30c27d93-fa7d-452a-ad6a-53201edcdca1|DP-3 layout=tall n=1 ratio=0.65 fläche=1920x1050+0+0
2026-09-12T12:24:48+02:00 HAL9000 kwin_wayland[3254]: kwin-xmonad-lite: diagnose a89f5ec2-ab8e-4108-8088-7118500a3aab|30c27d93-fa7d-452a-ad6a-53201edcdca1|DP-3 order={1903e9f0-10cb-48c1-b480-115935764657} teilnehmer={1903e9f0-10cb-48c1-b480-115935764657} float=
2026-09-12T12:24:48+02:00 HAL9000 kwin_wayland[3254]: kwin-xmonad-lite: extern {1903e9f0-10cb-48c1-b480-115935764657}
2026-09-12T12:24:48+02:00 HAL9000 kwin_wayland[3254]: kwin-xmonad-lite: arrange #107 grund=geometrieExtern surfaces=1 mitglieder=1 teilnehmer=1
2026-09-12T12:24:48+02:00 HAL9000 kwin_wayland[3254]: kwin-xmonad-lite: surface a89f5ec2-ab8e-4108-8088-7118500a3aab|30c27d93-fa7d-452a-ad6a-53201edcdca1|DP-3 layout=tall n=1 ratio=0.65 fläche=1920x1032+0+0
2026-09-12T12:24:48+02:00 HAL9000 kwin_wayland[3254]: kwin-xmonad-lite: diagnose a89f5ec2-ab8e-4108-8088-7118500a3aab|30c27d93-fa7d-452a-ad6a-53201edcdca1|DP-3 order={1903e9f0-10cb-48c1-b480-115935764657} teilnehmer={1903e9f0-10cb-48c1-b480-115935764657} float=
2026-09-12T12:24:49+02:00 HAL9000 kwin_wayland[3254]: kwin-xmonad-lite: arrange #108 grund=nachlauf500:dockGeometrie surfaces=1 mitglieder=1 teilnehmer=1
2026-09-12T12:24:49+02:00 HAL9000 kwin_wayland[3254]: kwin-xmonad-lite: surface a89f5ec2-ab8e-4108-8088-7118500a3aab|30c27d93-fa7d-452a-ad6a-53201edcdca1|DP-3 layout=tall n=1 ratio=0.65 fläche=1920x1032+0+0
2026-09-12T12:24:49+02:00 HAL9000 kwin_wayland[3254]: kwin-xmonad-lite: diagnose a89f5ec2-ab8e-4108-8088-7118500a3aab|30c27d93-fa7d-452a-ad6a-53201edcdca1|DP-3 order={1903e9f0-10cb-48c1-b480-115935764657} teilnehmer={1903e9f0-10cb-48c1-b480-115935764657} float=
2026-09-12T12:24:50+02:00 HAL9000 kwin_wayland[3254]: kwin-xmonad-lite: arrange #109 grund=nachlauf1500:dockGeometrie surfaces=1 mitglieder=1 teilnehmer=1
2026-09-12T12:24:50+02:00 HAL9000 kwin_wayland[3254]: kwin-xmonad-lite: surface a89f5ec2-ab8e-4108-8088-7118500a3aab|30c27d93-fa7d-452a-ad6a-53201edcdca1|DP-3 layout=tall n=1 ratio=0.65 fläche=1920x1032+0+0
2026-09-12T12:24:50+02:00 HAL9000 kwin_wayland[3254]: kwin-xmonad-lite: diagnose a89f5ec2-ab8e-4108-8088-7118500a3aab|30c27d93-fa7d-452a-ad6a-53201edcdca1|DP-3 order={1903e9f0-10cb-48c1-b480-115935764657} teilnehmer={1903e9f0-10cb-48c1-b480-115935764657} float=
2026-09-12T12:25:16+02:00 HAL9000 kxl-last[9258]: ziehen tastatur: 4x rechts+unten
2026-09-12T12:25:17+02:00 HAL9000 kwin_wayland[3254]: kwin-xmonad-lite: arrange #110 grund=moveResizeFinished surfaces=1 mitglieder=1 teilnehmer=1
2026-09-12T12:25:17+02:00 HAL9000 kwin_wayland[3254]: kwin-xmonad-lite: surface a89f5ec2-ab8e-4108-8088-7118500a3aab|30c27d93-fa7d-452a-ad6a-53201edcdca1|DP-3 layout=tall n=1 ratio=0.65 fläche=1920x1032+0+0
2026-09-12T12:25:17+02:00 HAL9000 kwin_wayland[3254]: kwin-xmonad-lite: diagnose a89f5ec2-ab8e-4108-8088-7118500a3aab|30c27d93-fa7d-452a-ad6a-53201edcdca1|DP-3 order={1903e9f0-10cb-48c1-b480-115935764657} teilnehmer={1903e9f0-10cb-48c1-b480-115935764657} float=
2026-09-12T12:25:17+02:00 HAL9000 kwin_wayland[3254]: kwin-xmonad-lite: apply {1903e9f0-10cb-48c1-b480-115935764657} soll=1920x1032+0+0
2026-09-12T12:26:00+02:00 HAL9000 kwin_wayland[3254]: kwin-xmonad-lite: befehl swapNext surface=a89f5ec2-ab8e-4108-8088-7118500a3aab|30c27d93-fa7d-452a-ad6a-53201edcdca1|DP-3 via=aktiv master={1903e9f0-10cb-48c1-b480-115935764657} unverändert
2026-09-12T12:26:00+02:00 HAL9000 kxl-last[9307]: aktion: kurz xml-swap-next
2026-09-12T12:26:01+02:00 HAL9000 kwin_wayland[3254]: kwin-xmonad-lite: arrange #111 grund=windowActivated,windowAdded surfaces=1 mitglieder=2 teilnehmer=2
2026-09-12T12:26:01+02:00 HAL9000 kwin_wayland[3254]: kwin-xmonad-lite: surface a89f5ec2-ab8e-4108-8088-7118500a3aab|30c27d93-fa7d-452a-ad6a-53201edcdca1|DP-3 layout=tall n=2 ratio=0.65 fläche=1920x1032+0+0
2026-09-12T12:26:01+02:00 HAL9000 kwin_wayland[3254]: kwin-xmonad-lite: diagnose a89f5ec2-ab8e-4108-8088-7118500a3aab|30c27d93-fa7d-452a-ad6a-53201edcdca1|DP-3 order={6a7cdc42-571a-4ac3-8b0c-0d4229362b1c},{1903e9f0-10cb-48c1-b480-115935764657} teilnehmer={6a7cdc42-571a-4ac3-8b0c-0d4229362b1c},{1903e9f0-10cb-48c1-b480-115935764657} float=
2026-09-12T12:26:01+02:00 HAL9000 kwin_wayland[3254]: kwin-xmonad-lite: apply {6a7cdc42-571a-4ac3-8b0c-0d4229362b1c} soll=1248x1032+0+0
2026-09-12T12:26:01+02:00 HAL9000 kwin_wayland[3254]: kwin-xmonad-lite: apply {1903e9f0-10cb-48c1-b480-115935764657} soll=672x1032+1248+0
2026-09-12T12:26:02+02:00 HAL9000 kwin_wayland[3254]: kwin-xmonad-lite: gc #112 fenster=1 surfaces=0
2026-09-12T12:26:02+02:00 HAL9000 kwin_wayland[3254]: kwin-xmonad-lite: arrange #112 grund=closed,windowActivated,windowRemoved surfaces=1 mitglieder=1 teilnehmer=1
2026-09-12T12:26:02+02:00 HAL9000 kwin_wayland[3254]: kwin-xmonad-lite: surface a89f5ec2-ab8e-4108-8088-7118500a3aab|30c27d93-fa7d-452a-ad6a-53201edcdca1|DP-3 layout=tall n=1 ratio=0.65 fläche=1920x1032+0+0
2026-09-12T12:26:02+02:00 HAL9000 kwin_wayland[3254]: kwin-xmonad-lite: diagnose a89f5ec2-ab8e-4108-8088-7118500a3aab|30c27d93-fa7d-452a-ad6a-53201edcdca1|DP-3 order={1903e9f0-10cb-48c1-b480-115935764657} teilnehmer={1903e9f0-10cb-48c1-b480-115935764657} float=
2026-09-12T12:26:02+02:00 HAL9000 kwin_wayland[3254]: kwin-xmonad-lite: apply {1903e9f0-10cb-48c1-b480-115935764657} soll=1920x1032+0+0
2026-09-12T12:26:03+02:00 HAL9000 kwin_wayland[3254]: kwin-xmonad-lite: arrange #113 grund=windowActivated,windowAdded surfaces=1 mitglieder=2 teilnehmer=2
2026-09-12T12:26:03+02:00 HAL9000 kwin_wayland[3254]: kwin-xmonad-lite: surface a89f5ec2-ab8e-4108-8088-7118500a3aab|30c27d93-fa7d-452a-ad6a-53201edcdca1|DP-3 layout=tall n=2 ratio=0.65 fläche=1920x1032+0+0
2026-09-12T12:26:03+02:00 HAL9000 kwin_wayland[3254]: kwin-xmonad-lite: diagnose a89f5ec2-ab8e-4108-8088-7118500a3aab|30c27d93-fa7d-452a-ad6a-53201edcdca1|DP-3 order={8e076f13-e048-4710-95d3-6bde3f18181e},{1903e9f0-10cb-48c1-b480-115935764657} teilnehmer={8e076f13-e048-4710-95d3-6bde3f18181e},{1903e9f0-10cb-48c1-b480-115935764657} float=
2026-09-12T12:26:03+02:00 HAL9000 kwin_wayland[3254]: kwin-xmonad-lite: apply {8e076f13-e048-4710-95d3-6bde3f18181e} soll=1248x1032+0+0
2026-09-12T12:26:03+02:00 HAL9000 kwin_wayland[3254]: kwin-xmonad-lite: apply {1903e9f0-10cb-48c1-b480-115935764657} soll=672x1032+1248+0
2026-09-12T12:26:03+02:00 HAL9000 kwin_wayland[3254]: kwin-xmonad-lite: gc #114 fenster=1 surfaces=0
2026-09-12T12:26:03+02:00 HAL9000 kwin_wayland[3254]: kwin-xmonad-lite: arrange #114 grund=closed,windowActivated,windowRemoved surfaces=1 mitglieder=1 teilnehmer=1
2026-09-12T12:26:03+02:00 HAL9000 kwin_wayland[3254]: kwin-xmonad-lite: surface a89f5ec2-ab8e-4108-8088-7118500a3aab|30c27d93-fa7d-452a-ad6a-53201edcdca1|DP-3 layout=tall n=1 ratio=0.65 fläche=1920x1032+0+0
2026-09-12T12:26:03+02:00 HAL9000 kwin_wayland[3254]: kwin-xmonad-lite: diagnose a89f5ec2-ab8e-4108-8088-7118500a3aab|30c27d93-fa7d-452a-ad6a-53201edcdca1|DP-3 order={1903e9f0-10cb-48c1-b480-115935764657} teilnehmer={1903e9f0-10cb-48c1-b480-115935764657} float=
2026-09-12T12:26:03+02:00 HAL9000 kwin_wayland[3254]: kwin-xmonad-lite: apply {1903e9f0-10cb-48c1-b480-115935764657} soll=1920x1032+0+0
2026-09-12T12:26:45+02:00 HAL9000 kxl-last[9394]: ziehen maus: +487+284
2026-09-12T12:26:46+02:00 HAL9000 kwin_wayland[3254]: kwin-xmonad-lite: arrange #115 grund=windowAdded surfaces=1 mitglieder=2 teilnehmer=1
2026-09-12T12:26:46+02:00 HAL9000 kwin_wayland[3254]: kwin-xmonad-lite: surface a89f5ec2-ab8e-4108-8088-7118500a3aab|30c27d93-fa7d-452a-ad6a-53201edcdca1|DP-3 layout=tall n=1 ratio=0.65 fläche=1920x1032+0+0
2026-09-12T12:26:46+02:00 HAL9000 kwin_wayland[3254]: kwin-xmonad-lite: diagnose a89f5ec2-ab8e-4108-8088-7118500a3aab|30c27d93-fa7d-452a-ad6a-53201edcdca1|DP-3 order={137cc55a-1965-4cf9-92e0-c1265a2f7944},{1903e9f0-10cb-48c1-b480-115935764657} teilnehmer={1903e9f0-10cb-48c1-b480-115935764657} float=
2026-09-12T12:26:46+02:00 HAL9000 kwin_wayland[3254]: kwin-xmonad-lite: extern {1903e9f0-10cb-48c1-b480-115935764657}
2026-09-12T12:26:46+02:00 HAL9000 kwin_wayland[3254]: kwin-xmonad-lite: gc #116 fenster=1 surfaces=0
2026-09-12T12:26:46+02:00 HAL9000 kwin_wayland[3254]: kwin-xmonad-lite: arrange #116 grund=closed,windowRemoved,moveResizeFinished,geometrieExtern surfaces=1 mitglieder=1 teilnehmer=1
2026-09-12T12:26:46+02:00 HAL9000 kwin_wayland[3254]: kwin-xmonad-lite: surface a89f5ec2-ab8e-4108-8088-7118500a3aab|30c27d93-fa7d-452a-ad6a-53201edcdca1|DP-3 layout=tall n=1 ratio=0.65 fläche=1920x1032+0+0
2026-09-12T12:26:46+02:00 HAL9000 kwin_wayland[3254]: kwin-xmonad-lite: diagnose a89f5ec2-ab8e-4108-8088-7118500a3aab|30c27d93-fa7d-452a-ad6a-53201edcdca1|DP-3 order={1903e9f0-10cb-48c1-b480-115935764657} teilnehmer={1903e9f0-10cb-48c1-b480-115935764657} float=
2026-09-12T12:26:46+02:00 HAL9000 kwin_wayland[3254]: kwin-xmonad-lite: apply {1903e9f0-10cb-48c1-b480-115935764657} soll=1920x1032+0+0
2026-09-12T12:27:37+02:00 HAL9000 kxl-last[9448]: panelhöhe: 30
2026-09-12T12:27:37+02:00 HAL9000 kwin_wayland[3254]: kwin-xmonad-lite: dockGeometrie {ec21bef1-b673-49b3-8924-0a25eed97369}
2026-09-12T12:27:37+02:00 HAL9000 kwin_wayland[3254]: kwin-xmonad-lite: arrange #117 grund=dockGeometrie surfaces=1 mitglieder=1 teilnehmer=1
2026-09-12T12:27:37+02:00 HAL9000 kwin_wayland[3254]: kwin-xmonad-lite: surface a89f5ec2-ab8e-4108-8088-7118500a3aab|30c27d93-fa7d-452a-ad6a-53201edcdca1|DP-3 layout=tall n=1 ratio=0.65 fläche=1920x1032+0+0
2026-09-12T12:27:37+02:00 HAL9000 kwin_wayland[3254]: kwin-xmonad-lite: diagnose a89f5ec2-ab8e-4108-8088-7118500a3aab|30c27d93-fa7d-452a-ad6a-53201edcdca1|DP-3 order={1903e9f0-10cb-48c1-b480-115935764657} teilnehmer={1903e9f0-10cb-48c1-b480-115935764657} float=
2026-09-12T12:27:37+02:00 HAL9000 kwin_wayland[3254]: kwin-xmonad-lite: dockGeometrie {ec21bef1-b673-49b3-8924-0a25eed97369}
2026-09-12T12:27:37+02:00 HAL9000 kwin_wayland[3254]: kwin-xmonad-lite: arrange #118 grund=dockGeometrie surfaces=1 mitglieder=1 teilnehmer=1
2026-09-12T12:27:37+02:00 HAL9000 kwin_wayland[3254]: kwin-xmonad-lite: surface a89f5ec2-ab8e-4108-8088-7118500a3aab|30c27d93-fa7d-452a-ad6a-53201edcdca1|DP-3 layout=tall n=1 ratio=0.65 fläche=1920x1032+0+0
2026-09-12T12:27:37+02:00 HAL9000 kwin_wayland[3254]: kwin-xmonad-lite: diagnose a89f5ec2-ab8e-4108-8088-7118500a3aab|30c27d93-fa7d-452a-ad6a-53201edcdca1|DP-3 order={1903e9f0-10cb-48c1-b480-115935764657} teilnehmer={1903e9f0-10cb-48c1-b480-115935764657} float=
2026-09-12T12:27:37+02:00 HAL9000 kwin_wayland[3254]: kwin-xmonad-lite: extern {1903e9f0-10cb-48c1-b480-115935764657}
2026-09-12T12:27:37+02:00 HAL9000 kwin_wayland[3254]: kwin-xmonad-lite: arrange #119 grund=geometrieExtern surfaces=1 mitglieder=1 teilnehmer=1
2026-09-12T12:27:37+02:00 HAL9000 kwin_wayland[3254]: kwin-xmonad-lite: surface a89f5ec2-ab8e-4108-8088-7118500a3aab|30c27d93-fa7d-452a-ad6a-53201edcdca1|DP-3 layout=tall n=1 ratio=0.65 fläche=1920x1050+0+0
2026-09-12T12:27:37+02:00 HAL9000 kwin_wayland[3254]: kwin-xmonad-lite: diagnose a89f5ec2-ab8e-4108-8088-7118500a3aab|30c27d93-fa7d-452a-ad6a-53201edcdca1|DP-3 order={1903e9f0-10cb-48c1-b480-115935764657} teilnehmer={1903e9f0-10cb-48c1-b480-115935764657} float=
2026-09-12T12:27:37+02:00 HAL9000 kwin_wayland[3254]: kwin-xmonad-lite: apply {1903e9f0-10cb-48c1-b480-115935764657} soll=1920x1050+0+0
2026-09-12T12:27:38+02:00 HAL9000 kwin_wayland[3254]: kwin-xmonad-lite: arrange #120 grund=nachlauf500:dockGeometrie surfaces=1 mitglieder=1 teilnehmer=1
2026-09-12T12:27:38+02:00 HAL9000 kwin_wayland[3254]: kwin-xmonad-lite: surface a89f5ec2-ab8e-4108-8088-7118500a3aab|30c27d93-fa7d-452a-ad6a-53201edcdca1|DP-3 layout=tall n=1 ratio=0.65 fläche=1920x1050+0+0
2026-09-12T12:27:38+02:00 HAL9000 kwin_wayland[3254]: kwin-xmonad-lite: diagnose a89f5ec2-ab8e-4108-8088-7118500a3aab|30c27d93-fa7d-452a-ad6a-53201edcdca1|DP-3 order={1903e9f0-10cb-48c1-b480-115935764657} teilnehmer={1903e9f0-10cb-48c1-b480-115935764657} float=
2026-09-12T12:27:39+02:00 HAL9000 kwin_wayland[3254]: kwin-xmonad-lite: arrange #121 grund=nachlauf1500:dockGeometrie surfaces=1 mitglieder=1 teilnehmer=1
2026-09-12T12:27:39+02:00 HAL9000 kwin_wayland[3254]: kwin-xmonad-lite: surface a89f5ec2-ab8e-4108-8088-7118500a3aab|30c27d93-fa7d-452a-ad6a-53201edcdca1|DP-3 layout=tall n=1 ratio=0.65 fläche=1920x1050+0+0
2026-09-12T12:27:39+02:00 HAL9000 kwin_wayland[3254]: kwin-xmonad-lite: diagnose a89f5ec2-ab8e-4108-8088-7118500a3aab|30c27d93-fa7d-452a-ad6a-53201edcdca1|DP-3 order={1903e9f0-10cb-48c1-b480-115935764657} teilnehmer={1903e9f0-10cb-48c1-b480-115935764657} float=
2026-09-12T12:28:41+02:00 HAL9000 kxl-last[9504]: aktion: fenster_auf
2026-09-12T12:28:41+02:00 HAL9000 kwin_wayland[3254]: kwin-xmonad-lite: arrange #122 grund=windowActivated,windowAdded surfaces=1 mitglieder=2 teilnehmer=2
2026-09-12T12:28:41+02:00 HAL9000 kwin_wayland[3254]: kwin-xmonad-lite: surface a89f5ec2-ab8e-4108-8088-7118500a3aab|30c27d93-fa7d-452a-ad6a-53201edcdca1|DP-3 layout=tall n=2 ratio=0.65 fläche=1920x1050+0+0
2026-09-12T12:28:41+02:00 HAL9000 kwin_wayland[3254]: kwin-xmonad-lite: diagnose a89f5ec2-ab8e-4108-8088-7118500a3aab|30c27d93-fa7d-452a-ad6a-53201edcdca1|DP-3 order={96edbd9e-bc93-4fec-af71-30f13f41ad3f},{1903e9f0-10cb-48c1-b480-115935764657} teilnehmer={96edbd9e-bc93-4fec-af71-30f13f41ad3f},{1903e9f0-10cb-48c1-b480-115935764657} float=
2026-09-12T12:28:41+02:00 HAL9000 kwin_wayland[3254]: kwin-xmonad-lite: apply {96edbd9e-bc93-4fec-af71-30f13f41ad3f} soll=1248x1050+0+0
2026-09-12T12:28:41+02:00 HAL9000 kwin_wayland[3254]: kwin-xmonad-lite: apply {1903e9f0-10cb-48c1-b480-115935764657} soll=672x1050+1248+0
2026-09-12T12:29:18+02:00 HAL9000 kwin_wayland[3254]: kwin-xmonad-lite: befehl resetLayout surface=a89f5ec2-ab8e-4108-8088-7118500a3aab|30c27d93-fa7d-452a-ad6a-53201edcdca1|DP-3 via=aktiv layout=tall unverändert
2026-09-12T12:29:18+02:00 HAL9000 kxl-last[9547]: aktion: kurz xml-reset-layout
2026-09-12T12:30:05+02:00 HAL9000 kwin_wayland[3254]: kwin-xmonad-lite: befehl promote surface=a89f5ec2-ab8e-4108-8088-7118500a3aab|30c27d93-fa7d-452a-ad6a-53201edcdca1|DP-3 via=aktiv master={96edbd9e-bc93-4fec-af71-30f13f41ad3f} unverändert
2026-09-12T12:30:05+02:00 HAL9000 kxl-last[9563]: aktion: kurz xml-promote
2026-09-12T12:30:40+02:00 HAL9000 kxl-last[9600]: ziehen tastatur: 5x rechts+unten
2026-09-12T12:30:41+02:00 HAL9000 kwin_wayland[3254]: kwin-xmonad-lite: arrange #123 grund=moveResizeFinished surfaces=1 mitglieder=2 teilnehmer=2
2026-09-12T12:30:41+02:00 HAL9000 kwin_wayland[3254]: kwin-xmonad-lite: surface a89f5ec2-ab8e-4108-8088-7118500a3aab|30c27d93-fa7d-452a-ad6a-53201edcdca1|DP-3 layout=tall n=2 ratio=0.65 fläche=1920x1050+0+0
2026-09-12T12:30:41+02:00 HAL9000 kwin_wayland[3254]: kwin-xmonad-lite: diagnose a89f5ec2-ab8e-4108-8088-7118500a3aab|30c27d93-fa7d-452a-ad6a-53201edcdca1|DP-3 order={96edbd9e-bc93-4fec-af71-30f13f41ad3f},{1903e9f0-10cb-48c1-b480-115935764657} teilnehmer={96edbd9e-bc93-4fec-af71-30f13f41ad3f},{1903e9f0-10cb-48c1-b480-115935764657} float=
2026-09-12T12:30:41+02:00 HAL9000 kwin_wayland[3254]: kwin-xmonad-lite: apply {96edbd9e-bc93-4fec-af71-30f13f41ad3f} soll=1248x1050+0+0
2026-09-12T12:31:22+02:00 HAL9000 kxl-last[9639]: ziehen tastatur: 6x rechts+unten
2026-09-12T12:31:24+02:00 HAL9000 kwin_wayland[3254]: kwin-xmonad-lite: arrange #124 grund=moveResizeFinished surfaces=1 mitglieder=2 teilnehmer=2
2026-09-12T12:31:24+02:00 HAL9000 kwin_wayland[3254]: kwin-xmonad-lite: surface a89f5ec2-ab8e-4108-8088-7118500a3aab|30c27d93-fa7d-452a-ad6a-53201edcdca1|DP-3 layout=tall n=2 ratio=0.65 fläche=1920x1050+0+0
2026-09-12T12:31:24+02:00 HAL9000 kwin_wayland[3254]: kwin-xmonad-lite: diagnose a89f5ec2-ab8e-4108-8088-7118500a3aab|30c27d93-fa7d-452a-ad6a-53201edcdca1|DP-3 order={96edbd9e-bc93-4fec-af71-30f13f41ad3f},{1903e9f0-10cb-48c1-b480-115935764657} teilnehmer={96edbd9e-bc93-4fec-af71-30f13f41ad3f},{1903e9f0-10cb-48c1-b480-115935764657} float=
2026-09-12T12:31:24+02:00 HAL9000 kwin_wayland[3254]: kwin-xmonad-lite: apply {96edbd9e-bc93-4fec-af71-30f13f41ad3f} soll=1248x1050+0+0
2026-09-12T12:32:20+02:00 HAL9000 kwin_wayland[3254]: kwin-xmonad-lite: befehl focusMaster surface=a89f5ec2-ab8e-4108-8088-7118500a3aab|30c27d93-fa7d-452a-ad6a-53201edcdca1|DP-3 via=aktiv fokus={96edbd9e-bc93-4fec-af71-30f13f41ad3f} unverändert
2026-09-12T12:32:20+02:00 HAL9000 kwin_wayland[3254]: kwin-xmonad-lite: aktiviere {96edbd9e-bc93-4fec-af71-30f13f41ad3f}
2026-09-12T12:32:20+02:00 HAL9000 kxl-last[9702]: aktion: kurz xml-focus-master
2026-09-12T12:33:00+02:00 HAL9000 kxl-last[9716]: ziehen maus: +277+117
2026-09-12T12:33:01+02:00 HAL9000 kwin_wayland[3254]: kwin-xmonad-lite: arrange #125 grund=moveResizeFinished surfaces=1 mitglieder=2 teilnehmer=2
2026-09-12T12:33:01+02:00 HAL9000 kwin_wayland[3254]: kwin-xmonad-lite: surface a89f5ec2-ab8e-4108-8088-7118500a3aab|30c27d93-fa7d-452a-ad6a-53201edcdca1|DP-3 layout=tall n=2 ratio=0.65 fläche=1920x1050+0+0
2026-09-12T12:33:01+02:00 HAL9000 kwin_wayland[3254]: kwin-xmonad-lite: diagnose a89f5ec2-ab8e-4108-8088-7118500a3aab|30c27d93-fa7d-452a-ad6a-53201edcdca1|DP-3 order={96edbd9e-bc93-4fec-af71-30f13f41ad3f},{1903e9f0-10cb-48c1-b480-115935764657} teilnehmer={96edbd9e-bc93-4fec-af71-30f13f41ad3f},{1903e9f0-10cb-48c1-b480-115935764657} float=
2026-09-12T12:33:01+02:00 HAL9000 kwin_wayland[3254]: kwin-xmonad-lite: apply {96edbd9e-bc93-4fec-af71-30f13f41ad3f} soll=1248x1050+0+0
2026-09-12T12:33:15+02:00 HAL9000 kxl-last[9751]: ziehen tastatur: 3x rechts+unten
2026-09-12T12:33:15+02:00 HAL9000 kwin_wayland[3254]: kwin-xmonad-lite: arrange #126 grund=moveResizeFinished surfaces=1 mitglieder=2 teilnehmer=2
2026-09-12T12:33:15+02:00 HAL9000 kwin_wayland[3254]: kwin-xmonad-lite: surface a89f5ec2-ab8e-4108-8088-7118500a3aab|30c27d93-fa7d-452a-ad6a-53201edcdca1|DP-3 layout=tall n=2 ratio=0.65 fläche=1920x1050+0+0
2026-09-12T12:33:15+02:00 HAL9000 kwin_wayland[3254]: kwin-xmonad-lite: diagnose a89f5ec2-ab8e-4108-8088-7118500a3aab|30c27d93-fa7d-452a-ad6a-53201edcdca1|DP-3 order={96edbd9e-bc93-4fec-af71-30f13f41ad3f},{1903e9f0-10cb-48c1-b480-115935764657} teilnehmer={96edbd9e-bc93-4fec-af71-30f13f41ad3f},{1903e9f0-10cb-48c1-b480-115935764657} float=
2026-09-12T12:33:15+02:00 HAL9000 kwin_wayland[3254]: kwin-xmonad-lite: apply {96edbd9e-bc93-4fec-af71-30f13f41ad3f} soll=1248x1050+0+0
2026-09-12T12:33:37+02:00 HAL9000 kwin_wayland[3254]: kwin-xmonad-lite: befehl focusPrev surface=a89f5ec2-ab8e-4108-8088-7118500a3aab|30c27d93-fa7d-452a-ad6a-53201edcdca1|DP-3 via=aktiv fokus={1903e9f0-10cb-48c1-b480-115935764657}
2026-09-12T12:33:37+02:00 HAL9000 kwin_wayland[3254]: kwin-xmonad-lite: aktiviere {1903e9f0-10cb-48c1-b480-115935764657}
2026-09-12T12:33:37+02:00 HAL9000 kxl-last[9770]: aktion: kurz xml-focus-prev
2026-09-12T12:33:37+02:00 HAL9000 kwin_wayland[3254]: kwin-xmonad-lite: arrange #127 grund=windowActivated,shortcut:focusPrev surfaces=1 mitglieder=2 teilnehmer=2
2026-09-12T12:33:37+02:00 HAL9000 kwin_wayland[3254]: kwin-xmonad-lite: surface a89f5ec2-ab8e-4108-8088-7118500a3aab|30c27d93-fa7d-452a-ad6a-53201edcdca1|DP-3 layout=tall n=2 ratio=0.65 fläche=1920x1050+0+0
2026-09-12T12:33:37+02:00 HAL9000 kwin_wayland[3254]: kwin-xmonad-lite: diagnose a89f5ec2-ab8e-4108-8088-7118500a3aab|30c27d93-fa7d-452a-ad6a-53201edcdca1|DP-3 order={96edbd9e-bc93-4fec-af71-30f13f41ad3f},{1903e9f0-10cb-48c1-b480-115935764657} teilnehmer={96edbd9e-bc93-4fec-af71-30f13f41ad3f},{1903e9f0-10cb-48c1-b480-115935764657} float=
2026-09-12T12:34:03+02:00 HAL9000 kwin_wayland[3254]: kwin-xmonad-lite: befehl focusNext surface=a89f5ec2-ab8e-4108-8088-7118500a3aab|30c27d93-fa7d-452a-ad6a-53201edcdca1|DP-3 via=aktiv fokus={96edbd9e-bc93-4fec-af71-30f13f41ad3f}
2026-09-12T12:34:03+02:00 HAL9000 kwin_wayland[3254]: kwin-xmonad-lite: aktiviere {96edbd9e-bc93-4fec-af71-30f13f41ad3f}
2026-09-12T12:34:03+02:00 HAL9000 kxl-last[9796]: aktion: kurz xml-focus-next
2026-09-12T12:34:03+02:00 HAL9000 kwin_wayland[3254]: kwin-xmonad-lite: arrange #128 grund=windowActivated,shortcut:focusNext surfaces=1 mitglieder=2 teilnehmer=2
2026-09-12T12:34:03+02:00 HAL9000 kwin_wayland[3254]: kwin-xmonad-lite: surface a89f5ec2-ab8e-4108-8088-7118500a3aab|30c27d93-fa7d-452a-ad6a-53201edcdca1|DP-3 layout=tall n=2 ratio=0.65 fläche=1920x1050+0+0
2026-09-12T12:34:03+02:00 HAL9000 kwin_wayland[3254]: kwin-xmonad-lite: diagnose a89f5ec2-ab8e-4108-8088-7118500a3aab|30c27d93-fa7d-452a-ad6a-53201edcdca1|DP-3 order={96edbd9e-bc93-4fec-af71-30f13f41ad3f},{1903e9f0-10cb-48c1-b480-115935764657} teilnehmer={96edbd9e-bc93-4fec-af71-30f13f41ad3f},{1903e9f0-10cb-48c1-b480-115935764657} float=
2026-09-12T12:34:39+02:00 HAL9000 kxl-last[9827]: aktion: kurz 'Window One Screen to the Right'
2026-09-12T12:34:57+02:00 HAL9000 kwin_wayland[3254]: kwin-xmonad-lite: befehl swapNext surface=a89f5ec2-ab8e-4108-8088-7118500a3aab|30c27d93-fa7d-452a-ad6a-53201edcdca1|DP-3 via=aktiv master={1903e9f0-10cb-48c1-b480-115935764657}
2026-09-12T12:34:57+02:00 HAL9000 kxl-last[9841]: aktion: kurz xml-swap-next
2026-09-12T12:34:57+02:00 HAL9000 kwin_wayland[3254]: kwin-xmonad-lite: arrange #129 grund=shortcut:swapNext surfaces=1 mitglieder=2 teilnehmer=2
2026-09-12T12:34:57+02:00 HAL9000 kwin_wayland[3254]: kwin-xmonad-lite: surface a89f5ec2-ab8e-4108-8088-7118500a3aab|30c27d93-fa7d-452a-ad6a-53201edcdca1|DP-3 layout=tall n=2 ratio=0.65 fläche=1920x1050+0+0
2026-09-12T12:34:57+02:00 HAL9000 kwin_wayland[3254]: kwin-xmonad-lite: diagnose a89f5ec2-ab8e-4108-8088-7118500a3aab|30c27d93-fa7d-452a-ad6a-53201edcdca1|DP-3 order={1903e9f0-10cb-48c1-b480-115935764657},{96edbd9e-bc93-4fec-af71-30f13f41ad3f} teilnehmer={1903e9f0-10cb-48c1-b480-115935764657},{96edbd9e-bc93-4fec-af71-30f13f41ad3f} float=
2026-09-12T12:34:57+02:00 HAL9000 kwin_wayland[3254]: kwin-xmonad-lite: apply {1903e9f0-10cb-48c1-b480-115935764657} soll=1248x1050+0+0
2026-09-12T12:34:57+02:00 HAL9000 kwin_wayland[3254]: kwin-xmonad-lite: apply {96edbd9e-bc93-4fec-af71-30f13f41ad3f} soll=672x1050+1248+0
2026-09-12T12:35:30+02:00 HAL9000 kxl-last[9879]: aktion: kurz 'Window Minimize'
2026-09-12T12:35:30+02:00 HAL9000 kwin_wayland[3254]: kwin-xmonad-lite: arrange #130 grund=windowActivated,fensterzustand surfaces=1 mitglieder=2 teilnehmer=1
2026-09-12T12:35:30+02:00 HAL9000 kwin_wayland[3254]: kwin-xmonad-lite: surface a89f5ec2-ab8e-4108-8088-7118500a3aab|30c27d93-fa7d-452a-ad6a-53201edcdca1|DP-3 layout=tall n=1 ratio=0.65 fläche=1920x1050+0+0
2026-09-12T12:35:30+02:00 HAL9000 kwin_wayland[3254]: kwin-xmonad-lite: diagnose a89f5ec2-ab8e-4108-8088-7118500a3aab|30c27d93-fa7d-452a-ad6a-53201edcdca1|DP-3 order={1903e9f0-10cb-48c1-b480-115935764657},{96edbd9e-bc93-4fec-af71-30f13f41ad3f} teilnehmer={1903e9f0-10cb-48c1-b480-115935764657} float=
2026-09-12T12:35:30+02:00 HAL9000 kwin_wayland[3254]: kwin-xmonad-lite: apply {1903e9f0-10cb-48c1-b480-115935764657} soll=1920x1050+0+0
2026-09-12T12:36:31+02:00 HAL9000 kxl-last[9928]: ziehen tastatur: 4x rechts+unten
2026-09-12T12:36:32+02:00 HAL9000 kwin_wayland[3254]: kwin-xmonad-lite: arrange #131 grund=moveResizeFinished surfaces=1 mitglieder=2 teilnehmer=1
2026-09-12T12:36:32+02:00 HAL9000 kwin_wayland[3254]: kwin-xmonad-lite: surface a89f5ec2-ab8e-4108-8088-7118500a3aab|30c27d93-fa7d-452a-ad6a-53201edcdca1|DP-3 layout=tall n=1 ratio=0.65 fläche=1920x1050+0+0
2026-09-12T12:36:32+02:00 HAL9000 kwin_wayland[3254]: kwin-xmonad-lite: diagnose a89f5ec2-ab8e-4108-8088-7118500a3aab|30c27d93-fa7d-452a-ad6a-53201edcdca1|DP-3 order={1903e9f0-10cb-48c1-b480-115935764657},{96edbd9e-bc93-4fec-af71-30f13f41ad3f} teilnehmer={1903e9f0-10cb-48c1-b480-115935764657} float=
2026-09-12T12:36:32+02:00 HAL9000 kwin_wayland[3254]: kwin-xmonad-lite: apply {1903e9f0-10cb-48c1-b480-115935764657} soll=1920x1050+0+0
2026-09-12T12:37:40+02:00 HAL9000 kxl-last[9989]: ziehen tastatur: 5x rechts+unten
2026-09-12T12:37:41+02:00 HAL9000 kwin_wayland[3254]: kwin-xmonad-lite: arrange #132 grund=moveResizeFinished surfaces=1 mitglieder=2 teilnehmer=1
2026-09-12T12:37:41+02:00 HAL9000 kwin_wayland[3254]: kwin-xmonad-lite: surface a89f5ec2-ab8e-4108-8088-7118500a3aab|30c27d93-fa7d-452a-ad6a-53201edcdca1|DP-3 layout=tall n=1 ratio=0.65 fläche=1920x1050+0+0
2026-09-12T12:37:41+02:00 HAL9000 kwin_wayland[3254]: kwin-xmonad-lite: diagnose a89f5ec2-ab8e-4108-8088-7118500a3aab|30c27d93-fa7d-452a-ad6a-53201edcdca1|DP-3 order={1903e9f0-10cb-48c1-b480-115935764657},{96edbd9e-bc93-4fec-af71-30f13f41ad3f} teilnehmer={1903e9f0-10cb-48c1-b480-115935764657} float=
2026-09-12T12:37:41+02:00 HAL9000 kwin_wayland[3254]: kwin-xmonad-lite: apply {1903e9f0-10cb-48c1-b480-115935764657} soll=1920x1050+0+0
2026-09-12T12:37:52+02:00 HAL9000 kxl-last[10015]: ziehen maus: +152+288
2026-09-12T12:37:53+02:00 HAL9000 kwin_wayland[3254]: kwin-xmonad-lite: arrange #133 grund=moveResizeFinished surfaces=1 mitglieder=2 teilnehmer=1
2026-09-12T12:37:53+02:00 HAL9000 kwin_wayland[3254]: kwin-xmonad-lite: surface a89f5ec2-ab8e-4108-8088-7118500a3aab|30c27d93-fa7d-452a-ad6a-53201edcdca1|DP-3 layout=tall n=1 ratio=0.65 fläche=1920x1050+0+0
2026-09-12T12:37:53+02:00 HAL9000 kwin_wayland[3254]: kwin-xmonad-lite: diagnose a89f5ec2-ab8e-4108-8088-7118500a3aab|30c27d93-fa7d-452a-ad6a-53201edcdca1|DP-3 order={1903e9f0-10cb-48c1-b480-115935764657},{96edbd9e-bc93-4fec-af71-30f13f41ad3f} teilnehmer={1903e9f0-10cb-48c1-b480-115935764657} float=
2026-09-12T12:37:53+02:00 HAL9000 kwin_wayland[3254]: kwin-xmonad-lite: apply {1903e9f0-10cb-48c1-b480-115935764657} soll=1920x1050+0+0
2026-09-12T12:38:22+02:00 HAL9000 kwin_wayland[3254]: kwin-xmonad-lite: befehl swapNext surface=a89f5ec2-ab8e-4108-8088-7118500a3aab|30c27d93-fa7d-452a-ad6a-53201edcdca1|DP-3 via=aktiv master={96edbd9e-bc93-4fec-af71-30f13f41ad3f}
2026-09-12T12:38:22+02:00 HAL9000 kxl-last[10052]: aktion: kurz xml-swap-next
2026-09-12T12:38:22+02:00 HAL9000 kwin_wayland[3254]: kwin-xmonad-lite: arrange #134 grund=shortcut:swapNext surfaces=1 mitglieder=2 teilnehmer=1
2026-09-12T12:38:22+02:00 HAL9000 kwin_wayland[3254]: kwin-xmonad-lite: surface a89f5ec2-ab8e-4108-8088-7118500a3aab|30c27d93-fa7d-452a-ad6a-53201edcdca1|DP-3 layout=tall n=1 ratio=0.65 fläche=1920x1050+0+0
2026-09-12T12:38:22+02:00 HAL9000 kwin_wayland[3254]: kwin-xmonad-lite: diagnose a89f5ec2-ab8e-4108-8088-7118500a3aab|30c27d93-fa7d-452a-ad6a-53201edcdca1|DP-3 order={96edbd9e-bc93-4fec-af71-30f13f41ad3f},{1903e9f0-10cb-48c1-b480-115935764657} teilnehmer={1903e9f0-10cb-48c1-b480-115935764657} float=
2026-09-12T12:39:09+02:00 HAL9000 kxl-last[10088]: panelhöhe: 48
2026-09-12T12:39:09+02:00 HAL9000 kwin_wayland[3254]: kwin-xmonad-lite: dockGeometrie {ec21bef1-b673-49b3-8924-0a25eed97369}
2026-09-12T12:39:09+02:00 HAL9000 kwin_wayland[3254]: kwin-xmonad-lite: arrange #135 grund=dockGeometrie surfaces=1 mitglieder=2 teilnehmer=1
2026-09-12T12:39:09+02:00 HAL9000 kwin_wayland[3254]: kwin-xmonad-lite: surface a89f5ec2-ab8e-4108-8088-7118500a3aab|30c27d93-fa7d-452a-ad6a-53201edcdca1|DP-3 layout=tall n=1 ratio=0.65 fläche=1920x1050+0+0
2026-09-12T12:39:09+02:00 HAL9000 kwin_wayland[3254]: kwin-xmonad-lite: diagnose a89f5ec2-ab8e-4108-8088-7118500a3aab|30c27d93-fa7d-452a-ad6a-53201edcdca1|DP-3 order={96edbd9e-bc93-4fec-af71-30f13f41ad3f},{1903e9f0-10cb-48c1-b480-115935764657} teilnehmer={1903e9f0-10cb-48c1-b480-115935764657} float=
2026-09-12T12:39:09+02:00 HAL9000 kwin_wayland[3254]: kwin-xmonad-lite: dockGeometrie {ec21bef1-b673-49b3-8924-0a25eed97369}
2026-09-12T12:39:09+02:00 HAL9000 kwin_wayland[3254]: kwin-xmonad-lite: arrange #136 grund=dockGeometrie surfaces=1 mitglieder=2 teilnehmer=1
2026-09-12T12:39:09+02:00 HAL9000 kwin_wayland[3254]: kwin-xmonad-lite: surface a89f5ec2-ab8e-4108-8088-7118500a3aab|30c27d93-fa7d-452a-ad6a-53201edcdca1|DP-3 layout=tall n=1 ratio=0.65 fläche=1920x1050+0+0
2026-09-12T12:39:09+02:00 HAL9000 kwin_wayland[3254]: kwin-xmonad-lite: diagnose a89f5ec2-ab8e-4108-8088-7118500a3aab|30c27d93-fa7d-452a-ad6a-53201edcdca1|DP-3 order={96edbd9e-bc93-4fec-af71-30f13f41ad3f},{1903e9f0-10cb-48c1-b480-115935764657} teilnehmer={1903e9f0-10cb-48c1-b480-115935764657} float=
2026-09-12T12:39:09+02:00 HAL9000 kwin_wayland[3254]: kwin-xmonad-lite: extern {1903e9f0-10cb-48c1-b480-115935764657}
2026-09-12T12:39:09+02:00 HAL9000 kwin_wayland[3254]: kwin-xmonad-lite: arrange #137 grund=geometrieExtern surfaces=1 mitglieder=2 teilnehmer=1
2026-09-12T12:39:09+02:00 HAL9000 kwin_wayland[3254]: kwin-xmonad-lite: surface a89f5ec2-ab8e-4108-8088-7118500a3aab|30c27d93-fa7d-452a-ad6a-53201edcdca1|DP-3 layout=tall n=1 ratio=0.65 fläche=1920x1032+0+0
2026-09-12T12:39:09+02:00 HAL9000 kwin_wayland[3254]: kwin-xmonad-lite: diagnose a89f5ec2-ab8e-4108-8088-7118500a3aab|30c27d93-fa7d-452a-ad6a-53201edcdca1|DP-3 order={96edbd9e-bc93-4fec-af71-30f13f41ad3f},{1903e9f0-10cb-48c1-b480-115935764657} teilnehmer={1903e9f0-10cb-48c1-b480-115935764657} float=
2026-09-12T12:39:09+02:00 HAL9000 kwin_wayland[3254]: kwin-xmonad-lite: arrange #138 grund=nachlauf500:dockGeometrie surfaces=1 mitglieder=2 teilnehmer=1
2026-09-12T12:39:09+02:00 HAL9000 kwin_wayland[3254]: kwin-xmonad-lite: surface a89f5ec2-ab8e-4108-8088-7118500a3aab|30c27d93-fa7d-452a-ad6a-53201edcdca1|DP-3 layout=tall n=1 ratio=0.65 fläche=1920x1032+0+0
2026-09-12T12:39:09+02:00 HAL9000 kwin_wayland[3254]: kwin-xmonad-lite: diagnose a89f5ec2-ab8e-4108-8088-7118500a3aab|30c27d93-fa7d-452a-ad6a-53201edcdca1|DP-3 order={96edbd9e-bc93-4fec-af71-30f13f41ad3f},{1903e9f0-10cb-48c1-b480-115935764657} teilnehmer={1903e9f0-10cb-48c1-b480-115935764657} float=
2026-09-12T12:39:10+02:00 HAL9000 kwin_wayland[3254]: kwin-xmonad-lite: arrange #139 grund=nachlauf1500:dockGeometrie surfaces=1 mitglieder=2 teilnehmer=1
2026-09-12T12:39:10+02:00 HAL9000 kwin_wayland[3254]: kwin-xmonad-lite: surface a89f5ec2-ab8e-4108-8088-7118500a3aab|30c27d93-fa7d-452a-ad6a-53201edcdca1|DP-3 layout=tall n=1 ratio=0.65 fläche=1920x1032+0+0
2026-09-12T12:39:10+02:00 HAL9000 kwin_wayland[3254]: kwin-xmonad-lite: diagnose a89f5ec2-ab8e-4108-8088-7118500a3aab|30c27d93-fa7d-452a-ad6a-53201edcdca1|DP-3 order={96edbd9e-bc93-4fec-af71-30f13f41ad3f},{1903e9f0-10cb-48c1-b480-115935764657} teilnehmer={1903e9f0-10cb-48c1-b480-115935764657} float=
2026-09-12T12:40:12+02:00 HAL9000 kwin_wayland[3254]: kwin-xmonad-lite: befehl swapNext surface=a89f5ec2-ab8e-4108-8088-7118500a3aab|30c27d93-fa7d-452a-ad6a-53201edcdca1|DP-3 via=aktiv master={1903e9f0-10cb-48c1-b480-115935764657}
2026-09-12T12:40:12+02:00 HAL9000 kxl-last[10136]: aktion: kurz xml-swap-next
2026-09-12T12:40:12+02:00 HAL9000 kwin_wayland[3254]: kwin-xmonad-lite: arrange #140 grund=shortcut:swapNext surfaces=1 mitglieder=2 teilnehmer=1
2026-09-12T12:40:12+02:00 HAL9000 kwin_wayland[3254]: kwin-xmonad-lite: surface a89f5ec2-ab8e-4108-8088-7118500a3aab|30c27d93-fa7d-452a-ad6a-53201edcdca1|DP-3 layout=tall n=1 ratio=0.65 fläche=1920x1032+0+0
2026-09-12T12:40:12+02:00 HAL9000 kwin_wayland[3254]: kwin-xmonad-lite: diagnose a89f5ec2-ab8e-4108-8088-7118500a3aab|30c27d93-fa7d-452a-ad6a-53201edcdca1|DP-3 order={1903e9f0-10cb-48c1-b480-115935764657},{96edbd9e-bc93-4fec-af71-30f13f41ad3f} teilnehmer={1903e9f0-10cb-48c1-b480-115935764657} float=
2026-09-12T12:40:43+02:00 HAL9000 kxl-last[10154]: aktion: kurz 'Window Minimize'
2026-09-12T12:40:43+02:00 HAL9000 kwin_wayland[3254]: kwin-xmonad-lite: arrange #141 grund=windowActivated,fensterzustand surfaces=1 mitglieder=2 teilnehmer=0
2026-09-12T12:40:43+02:00 HAL9000 kwin_wayland[3254]: kwin-xmonad-lite: surface a89f5ec2-ab8e-4108-8088-7118500a3aab|30c27d93-fa7d-452a-ad6a-53201edcdca1|DP-3 layout=tall n=0 ratio=0.65 fläche=1920x1032+0+0
2026-09-12T12:40:43+02:00 HAL9000 kwin_wayland[3254]: kwin-xmonad-lite: diagnose a89f5ec2-ab8e-4108-8088-7118500a3aab|30c27d93-fa7d-452a-ad6a-53201edcdca1|DP-3 order={1903e9f0-10cb-48c1-b480-115935764657},{96edbd9e-bc93-4fec-af71-30f13f41ad3f} teilnehmer= float=
2026-09-12T12:41:48+02:00 HAL9000 kxl-last[10199]: aktion: kurz 'Switch to Desktop 3'
2026-09-12T12:43:17+02:00 HAL9000 kwin_wayland[3254]: kwin-xmonad-lite: befehl expand surface=a89f5ec2-ab8e-4108-8088-7118500a3aab|30c27d93-fa7d-452a-ad6a-53201edcdca1|DP-3 via=ausgabe ratio=0.7
2026-09-12T12:43:17+02:00 HAL9000 kxl-last[10274]: aktion: kurz xml-expand
2026-09-12T12:43:17+02:00 HAL9000 kwin_wayland[3254]: kwin-xmonad-lite: arrange #142 grund=shortcut:expand surfaces=1 mitglieder=2 teilnehmer=0
2026-09-12T12:43:17+02:00 HAL9000 kwin_wayland[3254]: kwin-xmonad-lite: surface a89f5ec2-ab8e-4108-8088-7118500a3aab|30c27d93-fa7d-452a-ad6a-53201edcdca1|DP-3 layout=tall n=0 ratio=0.7 fläche=1920x1032+0+0
2026-09-12T12:43:17+02:00 HAL9000 kwin_wayland[3254]: kwin-xmonad-lite: diagnose a89f5ec2-ab8e-4108-8088-7118500a3aab|30c27d93-fa7d-452a-ad6a-53201edcdca1|DP-3 order={1903e9f0-10cb-48c1-b480-115935764657},{96edbd9e-bc93-4fec-af71-30f13f41ad3f} teilnehmer= float=
2026-09-12T12:43:41+02:00 HAL9000 kxl-last[10287]: hotplug: eDP-1 an
2026-09-12T12:43:41+02:00 HAL9000 kwin_wayland[3254]: kwin-xmonad-lite: arrange #143 grund=screenGeometry,screensChanged surfaces=2 mitglieder=2 teilnehmer=0
2026-09-12T12:43:41+02:00 HAL9000 kwin_wayland[3254]: kwin-xmonad-lite: surface a89f5ec2-ab8e-4108-8088-7118500a3aab|30c27d93-fa7d-452a-ad6a-53201edcdca1|DP-3 layout=tall n=0 ratio=0.7 fläche=1920x1032+0+0
2026-09-12T12:43:41+02:00 HAL9000 kwin_wayland[3254]: kwin-xmonad-lite: diagnose a89f5ec2-ab8e-4108-8088-7118500a3aab|30c27d93-fa7d-452a-ad6a-53201edcdca1|DP-3 order={1903e9f0-10cb-48c1-b480-115935764657},{96edbd9e-bc93-4fec-af71-30f13f41ad3f} teilnehmer= float=
2026-09-12T12:43:41+02:00 HAL9000 kwin_wayland[3254]: kwin-xmonad-lite: arrange #144 grund=fensterzustand surfaces=2 mitglieder=2 teilnehmer=0
2026-09-12T12:43:41+02:00 HAL9000 kwin_wayland[3254]: kwin-xmonad-lite: surface a89f5ec2-ab8e-4108-8088-7118500a3aab|30c27d93-fa7d-452a-ad6a-53201edcdca1|DP-3 layout=tall n=0 ratio=0.7 fläche=1920x1032+0+0
2026-09-12T12:43:41+02:00 HAL9000 kwin_wayland[3254]: kwin-xmonad-lite: diagnose a89f5ec2-ab8e-4108-8088-7118500a3aab|30c27d93-fa7d-452a-ad6a-53201edcdca1|DP-3 order={1903e9f0-10cb-48c1-b480-115935764657},{96edbd9e-bc93-4fec-af71-30f13f41ad3f} teilnehmer= float=
2026-09-12T12:43:42+02:00 HAL9000 kwin_wayland[3254]: kwin-xmonad-lite: arrange #145 grund=nachlauf500:screenGeometry+screensChanged surfaces=2 mitglieder=2 teilnehmer=0
2026-09-12T12:43:42+02:00 HAL9000 kwin_wayland[3254]: kwin-xmonad-lite: surface a89f5ec2-ab8e-4108-8088-7118500a3aab|30c27d93-fa7d-452a-ad6a-53201edcdca1|DP-3 layout=tall n=0 ratio=0.7 fläche=1920x1032+0+0
2026-09-12T12:43:42+02:00 HAL9000 kwin_wayland[3254]: kwin-xmonad-lite: diagnose a89f5ec2-ab8e-4108-8088-7118500a3aab|30c27d93-fa7d-452a-ad6a-53201edcdca1|DP-3 order={1903e9f0-10cb-48c1-b480-115935764657},{96edbd9e-bc93-4fec-af71-30f13f41ad3f} teilnehmer= float=
2026-09-12T12:43:42+02:00 HAL9000 kwin_wayland[3254]: kwin-xmonad-lite: arrange #146 grund=windowAdded surfaces=2 mitglieder=2 teilnehmer=0
2026-09-12T12:43:42+02:00 HAL9000 kwin_wayland[3254]: kwin-xmonad-lite: surface a89f5ec2-ab8e-4108-8088-7118500a3aab|30c27d93-fa7d-452a-ad6a-53201edcdca1|DP-3 layout=tall n=0 ratio=0.7 fläche=1920x1032+0+0
2026-09-12T12:43:42+02:00 HAL9000 kwin_wayland[3254]: kwin-xmonad-lite: diagnose a89f5ec2-ab8e-4108-8088-7118500a3aab|30c27d93-fa7d-452a-ad6a-53201edcdca1|DP-3 order={1903e9f0-10cb-48c1-b480-115935764657},{96edbd9e-bc93-4fec-af71-30f13f41ad3f} teilnehmer= float=
2026-09-12T12:43:43+02:00 HAL9000 kwin_wayland[3254]: kwin-xmonad-lite: arrange #147 grund=nachlauf1500:screenGeometry+screensChanged surfaces=2 mitglieder=2 teilnehmer=0
2026-09-12T12:43:43+02:00 HAL9000 kwin_wayland[3254]: kwin-xmonad-lite: surface a89f5ec2-ab8e-4108-8088-7118500a3aab|30c27d93-fa7d-452a-ad6a-53201edcdca1|DP-3 layout=tall n=0 ratio=0.7 fläche=1920x1032+0+0
2026-09-12T12:43:43+02:00 HAL9000 kwin_wayland[3254]: kwin-xmonad-lite: diagnose a89f5ec2-ab8e-4108-8088-7118500a3aab|30c27d93-fa7d-452a-ad6a-53201edcdca1|DP-3 order={1903e9f0-10cb-48c1-b480-115935764657},{96edbd9e-bc93-4fec-af71-30f13f41ad3f} teilnehmer= float=
2026-09-12T12:44:08+02:00 HAL9000 kxl-last[10366]: ziehen maus: +372+300
2026-09-12T12:44:50+02:00 HAL9000 kwin_wayland[3254]: kwin-xmonad-lite: befehl expand surface=a89f5ec2-ab8e-4108-8088-7118500a3aab|30c27d93-fa7d-452a-ad6a-53201edcdca1|DP-3 via=ausgabe ratio=0.75
2026-09-12T12:44:50+02:00 HAL9000 kxl-last[10397]: aktion: kurz xml-expand
2026-09-12T12:44:50+02:00 HAL9000 kwin_wayland[3254]: kwin-xmonad-lite: arrange #148 grund=shortcut:expand surfaces=2 mitglieder=2 teilnehmer=0
2026-09-12T12:44:50+02:00 HAL9000 kwin_wayland[3254]: kwin-xmonad-lite: surface a89f5ec2-ab8e-4108-8088-7118500a3aab|30c27d93-fa7d-452a-ad6a-53201edcdca1|DP-3 layout=tall n=0 ratio=0.75 fläche=1920x1032+0+0
2026-09-12T12:44:50+02:00 HAL9000 kwin_wayland[3254]: kwin-xmonad-lite: diagnose a89f5ec2-ab8e-4108-8088-7118500a3aab|30c27d93-fa7d-452a-ad6a-53201edcdca1|DP-3 order={1903e9f0-10cb-48c1-b480-115935764657},{96edbd9e-bc93-4fec-af71-30f13f41ad3f} teilnehmer= float=
2026-09-12T12:45:56+02:00 HAL9000 kxl-last[10456]: aktion: kurz 'Window One Screen to the Right'
2026-09-12T12:46:51+02:00 HAL9000 kxl-last[10497]: hotplug: eDP-1 aus
2026-09-12T12:46:51+02:00 HAL9000 kwin_wayland[3254]: kwin-xmonad-lite: arrange #149 grund=closed,windowRemoved,fensterzustand,screenGeometry,screensChanged surfaces=1 mitglieder=2 teilnehmer=0
2026-09-12T12:46:51+02:00 HAL9000 kwin_wayland[3254]: kwin-xmonad-lite: surface a89f5ec2-ab8e-4108-8088-7118500a3aab|30c27d93-fa7d-452a-ad6a-53201edcdca1|DP-3 layout=tall n=0 ratio=0.75 fläche=1920x1032+0+0
2026-09-12T12:46:51+02:00 HAL9000 kwin_wayland[3254]: kwin-xmonad-lite: diagnose a89f5ec2-ab8e-4108-8088-7118500a3aab|30c27d93-fa7d-452a-ad6a-53201edcdca1|DP-3 order={1903e9f0-10cb-48c1-b480-115935764657},{96edbd9e-bc93-4fec-af71-30f13f41ad3f} teilnehmer= float=
2026-09-12T12:46:52+02:00 HAL9000 kwin_wayland[3254]: kwin-xmonad-lite: arrange #150 grund=nachlauf500:screenGeometry+screensChanged surfaces=1 mitglieder=2 teilnehmer=0
2026-09-12T12:46:52+02:00 HAL9000 kwin_wayland[3254]: kwin-xmonad-lite: surface a89f5ec2-ab8e-4108-8088-7118500a3aab|30c27d93-fa7d-452a-ad6a-53201edcdca1|DP-3 layout=tall n=0 ratio=0.75 fläche=1920x1032+0+0
2026-09-12T12:46:52+02:00 HAL9000 kwin_wayland[3254]: kwin-xmonad-lite: diagnose a89f5ec2-ab8e-4108-8088-7118500a3aab|30c27d93-fa7d-452a-ad6a-53201edcdca1|DP-3 order={1903e9f0-10cb-48c1-b480-115935764657},{96edbd9e-bc93-4fec-af71-30f13f41ad3f} teilnehmer= float=
2026-09-12T12:46:53+02:00 HAL9000 kwin_wayland[3254]: kwin-xmonad-lite: arrange #151 grund=nachlauf1500:screenGeometry+screensChanged surfaces=1 mitglieder=2 teilnehmer=0
2026-09-12T12:46:53+02:00 HAL9000 kwin_wayland[3254]: kwin-xmonad-lite: surface a89f5ec2-ab8e-4108-8088-7118500a3aab|30c27d93-fa7d-452a-ad6a-53201edcdca1|DP-3 layout=tall n=0 ratio=0.75 fläche=1920x1032+0+0
2026-09-12T12:46:53+02:00 HAL9000 kwin_wayland[3254]: kwin-xmonad-lite: diagnose a89f5ec2-ab8e-4108-8088-7118500a3aab|30c27d93-fa7d-452a-ad6a-53201edcdca1|DP-3 order={1903e9f0-10cb-48c1-b480-115935764657},{96edbd9e-bc93-4fec-af71-30f13f41ad3f} teilnehmer= float=
2026-09-12T12:47:53+02:00 HAL9000 kxl-last[10568]: aktion: kurz 'Switch to Desktop 3'
2026-09-12T12:48:43+02:00 HAL9000 kxl-last[10585]: aktion: kurz 'Switch to Desktop 2'
2026-09-12T12:48:43+02:00 HAL9000 kwin_wayland[3254]: kwin-xmonad-lite: arrange #152 grund=desktopChanged surfaces=1 mitglieder=0 teilnehmer=0
2026-09-12T12:49:21+02:00 HAL9000 kxl-last[10626]: ziehen maus: +446+242
2026-09-12T12:49:43+02:00 HAL9000 kwin_wayland[3254]: kwin-xmonad-lite: befehl shrink surface=a89f5ec2-ab8e-4108-8088-7118500a3aab|b7798180-564c-4f75-ad4a-284026ac7a68|DP-3 via=ausgabe ratio=0.6
2026-09-12T12:49:43+02:00 HAL9000 kxl-last[10652]: aktion: kurz xml-shrink
2026-09-12T12:49:43+02:00 HAL9000 kwin_wayland[3254]: kwin-xmonad-lite: arrange #153 grund=shortcut:shrink surfaces=1 mitglieder=0 teilnehmer=0
2026-09-12T12:49:57+02:00 HAL9000 kwin_wayland[3254]: kwin-xmonad-lite: befehl focusPrev surface=a89f5ec2-ab8e-4108-8088-7118500a3aab|b7798180-564c-4f75-ad4a-284026ac7a68|DP-3 via=ausgabe ohne Fokusziel unverändert
2026-09-12T12:49:57+02:00 HAL9000 kxl-last[10681]: aktion: kurz xml-focus-prev
2026-09-12T12:50:23+02:00 HAL9000 kxl-last[10685]: ziehen tastatur: 6x rechts+unten
2026-09-12T12:50:25+02:00 HAL9000 kwin_wayland[3254]: kwin-xmonad-lite: arrange #154 grund=windowActivated,windowAdded surfaces=1 mitglieder=1 teilnehmer=0
2026-09-12T12:50:25+02:00 HAL9000 kwin_wayland[3254]: kwin-xmonad-lite: surface a89f5ec2-ab8e-4108-8088-7118500a3aab|b7798180-564c-4f75-ad4a-284026ac7a68|DP-3 layout=tall n=0 ratio=0.6 fläche=1920x1032+0+0
2026-09-12T12:50:25+02:00 HAL9000 kwin_wayland[3254]: kwin-xmonad-lite: diagnose a89f5ec2-ab8e-4108-8088-7118500a3aab|b7798180-564c-4f75-ad4a-284026ac7a68|DP-3 order={b0ac828b-7d0b-4881-8eba-aba34872aa76} teilnehmer= float=
2026-09-12T12:51:33+02:00 HAL9000 kxl-last[10803]: aktion: fenster_auf
2026-09-12T12:51:33+02:00 HAL9000 kwin_wayland[3254]: kwin-xmonad-lite: arrange #155 grund=windowActivated,windowAdded surfaces=1 mitglieder=2 teilnehmer=1
2026-09-12T12:51:33+02:00 HAL9000 kwin_wayland[3254]: kwin-xmonad-lite: surface a89f5ec2-ab8e-4108-8088-7118500a3aab|b7798180-564c-4f75-ad4a-284026ac7a68|DP-3 layout=tall n=1 ratio=0.6 fläche=1920x1032+0+0
2026-09-12T12:51:33+02:00 HAL9000 kwin_wayland[3254]: kwin-xmonad-lite: diagnose a89f5ec2-ab8e-4108-8088-7118500a3aab|b7798180-564c-4f75-ad4a-284026ac7a68|DP-3 order={ab0f184d-e112-4f18-9304-7bd616efe974},{b0ac828b-7d0b-4881-8eba-aba34872aa76} teilnehmer={ab0f184d-e112-4f18-9304-7bd616efe974} float=
2026-09-12T12:51:33+02:00 HAL9000 kwin_wayland[3254]: kwin-xmonad-lite: apply {ab0f184d-e112-4f18-9304-7bd616efe974} soll=1920x1032+0+0
2026-09-12T12:52:33+02:00 HAL9000 kwin_wayland[3254]: kwin-xmonad-lite: befehl nextLayout surface=a89f5ec2-ab8e-4108-8088-7118500a3aab|b7798180-564c-4f75-ad4a-284026ac7a68|DP-3 via=aktiv layout=full
2026-09-12T12:52:33+02:00 HAL9000 kxl-last[10860]: aktion: kurz xml-next-layout
2026-09-12T12:52:33+02:00 HAL9000 kwin_wayland[3254]: kwin-xmonad-lite: arrange #156 grund=shortcut:nextLayout surfaces=1 mitglieder=2 teilnehmer=1
2026-09-12T12:52:33+02:00 HAL9000 kwin_wayland[3254]: kwin-xmonad-lite: surface a89f5ec2-ab8e-4108-8088-7118500a3aab|b7798180-564c-4f75-ad4a-284026ac7a68|DP-3 layout=full n=1 ratio=0.6 fläche=1920x1032+0+0
2026-09-12T12:52:33+02:00 HAL9000 kwin_wayland[3254]: kwin-xmonad-lite: diagnose a89f5ec2-ab8e-4108-8088-7118500a3aab|b7798180-564c-4f75-ad4a-284026ac7a68|DP-3 order={ab0f184d-e112-4f18-9304-7bd616efe974},{b0ac828b-7d0b-4881-8eba-aba34872aa76} teilnehmer={ab0f184d-e112-4f18-9304-7bd616efe974} float=
2026-09-12T12:53:15+02:00 HAL9000 kxl-last[10905]: aktion: fenster_zu
2026-09-12T12:53:15+02:00 HAL9000 kwin_wayland[3254]: kwin-xmonad-lite: gc #157 fenster=1 surfaces=0
2026-09-12T12:53:15+02:00 HAL9000 kwin_wayland[3254]: kwin-xmonad-lite: arrange #157 grund=closed,windowRemoved surfaces=1 mitglieder=2 teilnehmer=1
2026-09-12T12:53:15+02:00 HAL9000 kwin_wayland[3254]: kwin-xmonad-lite: surface a89f5ec2-ab8e-4108-8088-7118500a3aab|b7798180-564c-4f75-ad4a-284026ac7a68|DP-3 layout=full n=1 ratio=0.6 fläche=1920x1032+0+0
2026-09-12T12:53:15+02:00 HAL9000 kwin_wayland[3254]: kwin-xmonad-lite: diagnose a89f5ec2-ab8e-4108-8088-7118500a3aab|b7798180-564c-4f75-ad4a-284026ac7a68|DP-3 order={ab0f184d-e112-4f18-9304-7bd616efe974},{b0ac828b-7d0b-4881-8eba-aba34872aa76} teilnehmer={ab0f184d-e112-4f18-9304-7bd616efe974} float=
2026-09-12T12:53:52+02:00 HAL9000 kxl-last[10950]: ziehen maus: +519+290
2026-09-12T12:53:52+02:00 HAL9000 kwin_wayland[3254]: kwin-xmonad-lite: arrange #158 grund=windowAdded surfaces=1 mitglieder=3 teilnehmer=1
2026-09-12T12:53:52+02:00 HAL9000 kwin_wayland[3254]: kwin-xmonad-lite: surface a89f5ec2-ab8e-4108-8088-7118500a3aab|b7798180-564c-4f75-ad4a-284026ac7a68|DP-3 layout=full n=1 ratio=0.6 fläche=1920x1032+0+0
2026-09-12T12:53:52+02:00 HAL9000 kwin_wayland[3254]: kwin-xmonad-lite: diagnose a89f5ec2-ab8e-4108-8088-7118500a3aab|b7798180-564c-4f75-ad4a-284026ac7a68|DP-3 order={05ff5d27-bb54-47bb-a836-07b705d14a36},{ab0f184d-e112-4f18-9304-7bd616efe974},{b0ac828b-7d0b-4881-8eba-aba34872aa76} teilnehmer={ab0f184d-e112-4f18-9304-7bd616efe974} float=
2026-09-12T12:53:52+02:00 HAL9000 kwin_wayland[3254]: kwin-xmonad-lite: gc #159 fenster=1 surfaces=0
2026-09-12T12:53:52+02:00 HAL9000 kwin_wayland[3254]: kwin-xmonad-lite: arrange #159 grund=closed,windowRemoved,moveResizeFinished surfaces=1 mitglieder=2 teilnehmer=1
2026-09-12T12:53:52+02:00 HAL9000 kwin_wayland[3254]: kwin-xmonad-lite: surface a89f5ec2-ab8e-4108-8088-7118500a3aab|b7798180-564c-4f75-ad4a-284026ac7a68|DP-3 layout=full n=1 ratio=0.6 fläche=1920x1032+0+0
2026-09-12T12:53:52+02:00 HAL9000 kwin_wayland[3254]: kwin-xmonad-lite: diagnose a89f5ec2-ab8e-4108-8088-7118500a3aab|b7798180-564c-4f75-ad4a-284026ac7a68|DP-3 order={ab0f184d-e112-4f18-9304-7bd616efe974},{b0ac828b-7d0b-4881-8eba-aba34872aa76} teilnehmer={ab0f184d-e112-4f18-9304-7bd616efe974} float=
2026-09-12T12:53:52+02:00 HAL9000 kwin_wayland[3254]: kwin-xmonad-lite: apply {ab0f184d-e112-4f18-9304-7bd616efe974} soll=1920x1032+0+0
2026-09-12T12:53:52+02:00 HAL9000 kwin_wayland[3254]: kwin-xmonad-lite: extern {ab0f184d-e112-4f18-9304-7bd616efe974}
2026-09-12T12:53:52+02:00 HAL9000 kwin_wayland[3254]: kwin-xmonad-lite: arrange #160 grund=geometrieExtern surfaces=1 mitglieder=2 teilnehmer=1
2026-09-12T12:53:52+02:00 HAL9000 kwin_wayland[3254]: kwin-xmonad-lite: surface a89f5ec2-ab8e-4108-8088-7118500a3aab|b7798180-564c-4f75-ad4a-284026ac7a68|DP-3 layout=full n=1 ratio=0.6 fläche=1920x1032+0+0
2026-09-12T12:53:52+02:00 HAL9000 kwin_wayland[3254]: kwin-xmonad-lite: diagnose a89f5ec2-ab8e-4108-8088-7118500a3aab|b7798180-564c-4f75-ad4a-284026ac7a68|DP-3 order={ab0f184d-e112-4f18-9304-7bd616efe974},{b0ac828b-7d0b-4881-8eba-aba34872aa76} teilnehmer={ab0f184d-e112-4f18-9304-7bd616efe974} float=
2026-09-12T12:53:52+02:00 HAL9000 kwin_wayland[3254]: kwin-xmonad-lite: apply {ab0f184d-e112-4f18-9304-7bd616efe974} soll=1920x1032+0+0
2026-09-12T12:54:24+02:00 HAL9000 kxl-last[10985]: hotplug: eDP-1 an
2026-09-12T12:54:24+02:00 HAL9000 kwin_wayland[3254]: kwin-xmonad-lite: arrange #161 grund=screenGeometry,screensChanged surfaces=2 mitglieder=2 teilnehmer=1
2026-09-12T12:54:24+02:00 HAL9000 kwin_wayland[3254]: kwin-xmonad-lite: surface a89f5ec2-ab8e-4108-8088-7118500a3aab|b7798180-564c-4f75-ad4a-284026ac7a68|DP-3 layout=full n=1 ratio=0.6 fläche=1920x1032+0+0
2026-09-12T12:54:24+02:00 HAL9000 kwin_wayland[3254]: kwin-xmonad-lite: diagnose a89f5ec2-ab8e-4108-8088-7118500a3aab|b7798180-564c-4f75-ad4a-284026ac7a68|DP-3 order={ab0f184d-e112-4f18-9304-7bd616efe974},{b0ac828b-7d0b-4881-8eba-aba34872aa76} teilnehmer={ab0f184d-e112-4f18-9304-7bd616efe974} float=
2026-09-12T12:54:24+02:00 HAL9000 kwin_wayland[3254]: kwin-xmonad-lite: extern {ab0f184d-e112-4f18-9304-7bd616efe974}
2026-09-12T12:54:24+02:00 HAL9000 kwin_wayland[3254]: kwin-xmonad-lite: arrange #162 grund=geometrieExtern,fensterzustand surfaces=2 mitglieder=2 teilnehmer=1
2026-09-12T12:54:24+02:00 HAL9000 kwin_wayland[3254]: kwin-xmonad-lite: surface a89f5ec2-ab8e-4108-8088-7118500a3aab|b7798180-564c-4f75-ad4a-284026ac7a68|DP-3 layout=full n=1 ratio=0.6 fläche=1920x1032+0+0
2026-09-12T12:54:24+02:00 HAL9000 kwin_wayland[3254]: kwin-xmonad-lite: diagnose a89f5ec2-ab8e-4108-8088-7118500a3aab|b7798180-564c-4f75-ad4a-284026ac7a68|DP-3 order={ab0f184d-e112-4f18-9304-7bd616efe974},{b0ac828b-7d0b-4881-8eba-aba34872aa76} teilnehmer={ab0f184d-e112-4f18-9304-7bd616efe974} float=
2026-09-12T12:54:24+02:00 HAL9000 kwin_wayland[3254]: kwin-xmonad-lite: apply {ab0f184d-e112-4f18-9304-7bd616efe974} soll=1920x1032+0+0
2026-09-12T12:54:24+02:00 HAL9000 kwin_wayland[3254]: kwin-xmonad-lite: arrange #163 grund=nachlauf500:screenGeometry+screensChanged surfaces=2 mitglieder=2 teilnehmer=1
2026-09-12T12:54:24+02:00 HAL9000 kwin_wayland[3254]: kwin-xmonad-lite: surface a89f5ec2-ab8e-4108-8088-7118500a3aab|b7798180-564c-4f75-ad4a-284026ac7a68|DP-3 layout=full n=1 ratio=0.6 fläche=1920x1032+0+0
2026-09-12T12:54:24+02:00 HAL9000 kwin_wayland[3254]: kwin-xmonad-lite: diagnose a89f5ec2-ab8e-4108-8088-7118500a3aab|b7798180-564c-4f75-ad4a-284026ac7a68|DP-3 order={ab0f184d-e112-4f18-9304-7bd616efe974},{b0ac828b-7d0b-4881-8eba-aba34872aa76} teilnehmer={ab0f184d-e112-4f18-9304-7bd616efe974} float=
2026-09-12T12:54:24+02:00 HAL9000 kwin_wayland[3254]: kwin-xmonad-lite: arrange #164 grund=windowAdded surfaces=2 mitglieder=2 teilnehmer=1
2026-09-12T12:54:24+02:00 HAL9000 kwin_wayland[3254]: kwin-xmonad-lite: surface a89f5ec2-ab8e-4108-8088-7118500a3aab|b7798180-564c-4f75-ad4a-284026ac7a68|DP-3 layout=full n=1 ratio=0.6 fläche=1920x1032+0+0
2026-09-12T12:54:24+02:00 HAL9000 kwin_wayland[3254]: kwin-xmonad-lite: diagnose a89f5ec2-ab8e-4108-8088-7118500a3aab|b7798180-564c-4f75-ad4a-284026ac7a68|DP-3 order={ab0f184d-e112-4f18-9304-7bd616efe974},{b0ac828b-7d0b-4881-8eba-aba34872aa76} teilnehmer={ab0f184d-e112-4f18-9304-7bd616efe974} float=
2026-09-12T12:54:25+02:00 HAL9000 kwin_wayland[3254]: kwin-xmonad-lite: arrange #165 grund=nachlauf1500:screenGeometry+screensChanged surfaces=2 mitglieder=2 teilnehmer=1
2026-09-12T12:54:25+02:00 HAL9000 kwin_wayland[3254]: kwin-xmonad-lite: surface a89f5ec2-ab8e-4108-8088-7118500a3aab|b7798180-564c-4f75-ad4a-284026ac7a68|DP-3 layout=full n=1 ratio=0.6 fläche=1920x1032+0+0
2026-09-12T12:54:25+02:00 HAL9000 kwin_wayland[3254]: kwin-xmonad-lite: diagnose a89f5ec2-ab8e-4108-8088-7118500a3aab|b7798180-564c-4f75-ad4a-284026ac7a68|DP-3 order={ab0f184d-e112-4f18-9304-7bd616efe974},{b0ac828b-7d0b-4881-8eba-aba34872aa76} teilnehmer={ab0f184d-e112-4f18-9304-7bd616efe974} float=
2026-09-12T12:55:11+02:00 HAL9000 kwin_wayland[3254]: kwin-xmonad-lite: befehl toggleFloat surface=a89f5ec2-ab8e-4108-8088-7118500a3aab|b7798180-564c-4f75-ad4a-284026ac7a68|DP-3 via=aktiv fenster={ab0f184d-e112-4f18-9304-7bd616efe974} → gefloatet
2026-09-12T12:55:11+02:00 HAL9000 kxl-last[11075]: aktion: kurz xml-toggle-float
2026-09-12T12:55:11+02:00 HAL9000 kwin_wayland[3254]: kwin-xmonad-lite: arrange #166 grund=shortcut:toggleFloat surfaces=2 mitglieder=2 teilnehmer=0
2026-09-12T12:55:11+02:00 HAL9000 kwin_wayland[3254]: kwin-xmonad-lite: surface a89f5ec2-ab8e-4108-8088-7118500a3aab|b7798180-564c-4f75-ad4a-284026ac7a68|DP-3 layout=full n=0 ratio=0.6 fläche=1920x1032+0+0
2026-09-12T12:55:11+02:00 HAL9000 kwin_wayland[3254]: kwin-xmonad-lite: diagnose a89f5ec2-ab8e-4108-8088-7118500a3aab|b7798180-564c-4f75-ad4a-284026ac7a68|DP-3 order={ab0f184d-e112-4f18-9304-7bd616efe974},{b0ac828b-7d0b-4881-8eba-aba34872aa76} teilnehmer= float={ab0f184d-e112-4f18-9304-7bd616efe974}
2026-09-12T12:55:48+02:00 HAL9000 kwin_wayland[3254]: kwin-xmonad-lite: befehl shrink surface=a89f5ec2-ab8e-4108-8088-7118500a3aab|b7798180-564c-4f75-ad4a-284026ac7a68|DP-3 via=aktiv ratio=0.55
2026-09-12T12:55:48+02:00 HAL9000 kxl-last[11114]: aktion: kurz xml-shrink
2026-09-12T12:55:48+02:00 HAL9000 kwin_wayland[3254]: kwin-xmonad-lite: arrange #167 grund=shortcut:shrink surfaces=2 mitglieder=2 teilnehmer=0
2026-09-12T12:55:48+02:00 HAL9000 kwin_wayland[3254]: kwin-xmonad-lite: surface a89f5ec2-ab8e-4108-8088-7118500a3aab|b7798180-564c-4f75-ad4a-284026ac7a68|DP-3 layout=full n=0 ratio=0.55 fläche=1920x1032+0+0
2026-09-12T12:55:48+02:00 HAL9000 kwin_wayland[3254]: kwin-xmonad-lite: diagnose a89f5ec2-ab8e-4108-8088-7118500a3aab|b7798180-564c-4f75-ad4a-284026ac7a68|DP-3 order={ab0f184d-e112-4f18-9304-7bd616efe974},{b0ac828b-7d0b-4881-8eba-aba34872aa76} teilnehmer= float={ab0f184d-e112-4f18-9304-7bd616efe974}
2026-09-12T12:57:34+02:00 HAL9000 kwin_wayland[3254]: kwin-xmonad-lite: befehl swapPrev surface=a89f5ec2-ab8e-4108-8088-7118500a3aab|b7798180-564c-4f75-ad4a-284026ac7a68|DP-3 via=aktiv master={b0ac828b-7d0b-4881-8eba-aba34872aa76}
2026-09-12T12:57:34+02:00 HAL9000 kxl-last[11179]: aktion: kurz xml-swap-prev
2026-09-12T12:57:34+02:00 HAL9000 kwin_wayland[3254]: kwin-xmonad-lite: arrange #168 grund=shortcut:swapPrev surfaces=2 mitglieder=2 teilnehmer=0
2026-09-12T12:57:34+02:00 HAL9000 kwin_wayland[3254]: kwin-xmonad-lite: surface a89f5ec2-ab8e-4108-8088-7118500a3aab|b7798180-564c-4f75-ad4a-284026ac7a68|DP-3 layout=full n=0 ratio=0.55 fläche=1920x1032+0+0
2026-09-12T12:57:34+02:00 HAL9000 kwin_wayland[3254]: kwin-xmonad-lite: diagnose a89f5ec2-ab8e-4108-8088-7118500a3aab|b7798180-564c-4f75-ad4a-284026ac7a68|DP-3 order={b0ac828b-7d0b-4881-8eba-aba34872aa76},{ab0f184d-e112-4f18-9304-7bd616efe974} teilnehmer= float={ab0f184d-e112-4f18-9304-7bd616efe974}
2026-09-12T12:57:47+02:00 HAL9000 kxl-last[11197]: hotplug: eDP-1 aus
2026-09-12T12:57:47+02:00 HAL9000 kwin_wayland[3254]: kwin-xmonad-lite: arrange #169 grund=closed,windowRemoved,fensterzustand,screenGeometry,screensChanged surfaces=1 mitglieder=2 teilnehmer=0
2026-09-12T12:57:47+02:00 HAL9000 kwin_wayland[3254]: kwin-xmonad-lite: surface a89f5ec2-ab8e-4108-8088-7118500a3aab|b7798180-564c-4f75-ad4a-284026ac7a68|DP-3 layout=full n=0 ratio=0.55 fläche=1920x1032+0+0
2026-09-12T12:57:47+02:00 HAL9000 kwin_wayland[3254]: kwin-xmonad-lite: diagnose a89f5ec2-ab8e-4108-8088-7118500a3aab|b7798180-564c-4f75-ad4a-284026ac7a68|DP-3 order={b0ac828b-7d0b-4881-8eba-aba34872aa76},{ab0f184d-e112-4f18-9304-7bd616efe974} teilnehmer= float={ab0f184d-e112-4f18-9304-7bd616efe974}
2026-09-12T12:57:47+02:00 HAL9000 kwin_wayland[3254]: kwin-xmonad-lite: arrange #170 grund=nachlauf500:screenGeometry+screensChanged surfaces=1 mitglieder=2 teilnehmer=0
2026-09-12T12:57:47+02:00 HAL9000 kwin_wayland[3254]: kwin-xmonad-lite: surface a89f5ec2-ab8e-4108-8088-7118500a3aab|b7798180-564c-4f75-ad4a-284026ac7a68|DP-3 layout=full n=0 ratio=0.55 fläche=1920x1032+0+0
2026-09-12T12:57:47+02:00 HAL9000 kwin_wayland[3254]: kwin-xmonad-lite: diagnose a89f5ec2-ab8e-4108-8088-7118500a3aab|b7798180-564c-4f75-ad4a-284026ac7a68|DP-3 order={b0ac828b-7d0b-4881-8eba-aba34872aa76},{ab0f184d-e112-4f18-9304-7bd616efe974} teilnehmer= float={ab0f184d-e112-4f18-9304-7bd616efe974}
2026-09-12T12:57:48+02:00 HAL9000 kwin_wayland[3254]: kwin-xmonad-lite: arrange #171 grund=nachlauf1500:screenGeometry+screensChanged surfaces=1 mitglieder=2 teilnehmer=0
2026-09-12T12:57:48+02:00 HAL9000 kwin_wayland[3254]: kwin-xmonad-lite: surface a89f5ec2-ab8e-4108-8088-7118500a3aab|b7798180-564c-4f75-ad4a-284026ac7a68|DP-3 layout=full n=0 ratio=0.55 fläche=1920x1032+0+0
2026-09-12T12:57:48+02:00 HAL9000 kwin_wayland[3254]: kwin-xmonad-lite: diagnose a89f5ec2-ab8e-4108-8088-7118500a3aab|b7798180-564c-4f75-ad4a-284026ac7a68|DP-3 order={b0ac828b-7d0b-4881-8eba-aba34872aa76},{ab0f184d-e112-4f18-9304-7bd616efe974} teilnehmer= float={ab0f184d-e112-4f18-9304-7bd616efe974}
2026-09-12T12:57:58+02:00 HAL9000 kwin_wayland[3254]: kwin-xmonad-lite: befehl focusNext surface=a89f5ec2-ab8e-4108-8088-7118500a3aab|b7798180-564c-4f75-ad4a-284026ac7a68|DP-3 via=aktiv fokus={b0ac828b-7d0b-4881-8eba-aba34872aa76}
2026-09-12T12:57:58+02:00 HAL9000 kwin_wayland[3254]: kwin-xmonad-lite: aktiviere {b0ac828b-7d0b-4881-8eba-aba34872aa76}
2026-09-12T12:57:58+02:00 HAL9000 kxl-last[11223]: aktion: kurz xml-focus-next
2026-09-12T12:57:58+02:00 HAL9000 kwin_wayland[3254]: kwin-xmonad-lite: arrange #172 grund=windowActivated,shortcut:focusNext surfaces=1 mitglieder=2 teilnehmer=0
2026-09-12T12:57:58+02:00 HAL9000 kwin_wayland[3254]: kwin-xmonad-lite: surface a89f5ec2-ab8e-4108-8088-7118500a3aab|b7798180-564c-4f75-ad4a-284026ac7a68|DP-3 layout=full n=0 ratio=0.55 fläche=1920x1032+0+0
2026-09-12T12:57:58+02:00 HAL9000 kwin_wayland[3254]: kwin-xmonad-lite: diagnose a89f5ec2-ab8e-4108-8088-7118500a3aab|b7798180-564c-4f75-ad4a-284026ac7a68|DP-3 order={b0ac828b-7d0b-4881-8eba-aba34872aa76},{ab0f184d-e112-4f18-9304-7bd616efe974} teilnehmer= float={ab0f184d-e112-4f18-9304-7bd616efe974}
2026-09-12T12:58:17+02:00 HAL9000 kwin_wayland[3254]: kwin-xmonad-lite: befehl sink surface=a89f5ec2-ab8e-4108-8088-7118500a3aab|b7798180-564c-4f75-ad4a-284026ac7a68|DP-3 via=aktiv fenster={b0ac828b-7d0b-4881-8eba-aba34872aa76} → bereitsGekachelt
2026-09-12T12:58:17+02:00 HAL9000 kxl-last[11236]: aktion: kurz xml-sink
2026-09-12T12:58:27+02:00 HAL9000 kxl-last[11242]: aktion: kurz 'Window Minimize'
2026-09-12T12:58:27+02:00 HAL9000 kwin_wayland[3254]: kwin-xmonad-lite: arrange #173 grund=windowActivated,fensterzustand surfaces=1 mitglieder=2 teilnehmer=0
2026-09-12T12:58:27+02:00 HAL9000 kwin_wayland[3254]: kwin-xmonad-lite: surface a89f5ec2-ab8e-4108-8088-7118500a3aab|b7798180-564c-4f75-ad4a-284026ac7a68|DP-3 layout=full n=0 ratio=0.55 fläche=1920x1032+0+0
2026-09-12T12:58:27+02:00 HAL9000 kwin_wayland[3254]: kwin-xmonad-lite: diagnose a89f5ec2-ab8e-4108-8088-7118500a3aab|b7798180-564c-4f75-ad4a-284026ac7a68|DP-3 order={b0ac828b-7d0b-4881-8eba-aba34872aa76},{ab0f184d-e112-4f18-9304-7bd616efe974} teilnehmer= float={ab0f184d-e112-4f18-9304-7bd616efe974}
2026-09-12T12:59:42+02:00 HAL9000 kxl-last[11310]: aktion: fenster_auf
2026-09-12T12:59:43+02:00 HAL9000 kwin_wayland[3254]: kwin-xmonad-lite: arrange #174 grund=windowActivated,windowAdded surfaces=1 mitglieder=3 teilnehmer=1
2026-09-12T12:59:43+02:00 HAL9000 kwin_wayland[3254]: kwin-xmonad-lite: surface a89f5ec2-ab8e-4108-8088-7118500a3aab|b7798180-564c-4f75-ad4a-284026ac7a68|DP-3 layout=full n=1 ratio=0.55 fläche=1920x1032+0+0
2026-09-12T12:59:43+02:00 HAL9000 kwin_wayland[3254]: kwin-xmonad-lite: diagnose a89f5ec2-ab8e-4108-8088-7118500a3aab|b7798180-564c-4f75-ad4a-284026ac7a68|DP-3 order={b0ac828b-7d0b-4881-8eba-aba34872aa76},{80f62281-2f88-4a75-a243-dcee4db77d22},{ab0f184d-e112-4f18-9304-7bd616efe974} teilnehmer={80f62281-2f88-4a75-a243-dcee4db77d22} float={ab0f184d-e112-4f18-9304-7bd616efe974}
2026-09-12T12:59:58+02:00 HAL9000 kxl-last[11340]: aktion: kurz 'Window Minimize'
2026-09-12T12:59:58+02:00 HAL9000 kwin_wayland[3254]: kwin-xmonad-lite: arrange #175 grund=windowActivated,fensterzustand surfaces=1 mitglieder=3 teilnehmer=0
2026-09-12T12:59:58+02:00 HAL9000 kwin_wayland[3254]: kwin-xmonad-lite: surface a89f5ec2-ab8e-4108-8088-7118500a3aab|b7798180-564c-4f75-ad4a-284026ac7a68|DP-3 layout=full n=0 ratio=0.55 fläche=1920x1032+0+0
2026-09-12T12:59:58+02:00 HAL9000 kwin_wayland[3254]: kwin-xmonad-lite: diagnose a89f5ec2-ab8e-4108-8088-7118500a3aab|b7798180-564c-4f75-ad4a-284026ac7a68|DP-3 order={b0ac828b-7d0b-4881-8eba-aba34872aa76},{80f62281-2f88-4a75-a243-dcee4db77d22},{ab0f184d-e112-4f18-9304-7bd616efe974} teilnehmer= float={ab0f184d-e112-4f18-9304-7bd616efe974}
2026-09-12T13:00:27+02:00 HAL9000 kwin_wayland[3254]: kwin-xmonad-lite: befehl shrink surface=a89f5ec2-ab8e-4108-8088-7118500a3aab|b7798180-564c-4f75-ad4a-284026ac7a68|DP-3 via=aktiv ratio=0.5
2026-09-12T13:00:27+02:00 HAL9000 kxl-last[11352]: aktion: kurz xml-shrink
2026-09-12T13:00:27+02:00 HAL9000 kwin_wayland[3254]: kwin-xmonad-lite: arrange #176 grund=shortcut:shrink surfaces=1 mitglieder=3 teilnehmer=0
2026-09-12T13:00:27+02:00 HAL9000 kwin_wayland[3254]: kwin-xmonad-lite: surface a89f5ec2-ab8e-4108-8088-7118500a3aab|b7798180-564c-4f75-ad4a-284026ac7a68|DP-3 layout=full n=0 ratio=0.5 fläche=1920x1032+0+0
2026-09-12T13:00:27+02:00 HAL9000 kwin_wayland[3254]: kwin-xmonad-lite: diagnose a89f5ec2-ab8e-4108-8088-7118500a3aab|b7798180-564c-4f75-ad4a-284026ac7a68|DP-3 order={b0ac828b-7d0b-4881-8eba-aba34872aa76},{80f62281-2f88-4a75-a243-dcee4db77d22},{ab0f184d-e112-4f18-9304-7bd616efe974} teilnehmer= float={ab0f184d-e112-4f18-9304-7bd616efe974}
2026-09-12T13:01:24+02:00 HAL9000 kwin_wayland[3254]: kwin-xmonad-lite: befehl focusNext surface=a89f5ec2-ab8e-4108-8088-7118500a3aab|b7798180-564c-4f75-ad4a-284026ac7a68|DP-3 via=aktiv fokus={b0ac828b-7d0b-4881-8eba-aba34872aa76}
2026-09-12T13:01:24+02:00 HAL9000 kwin_wayland[3254]: kwin-xmonad-lite: aktiviere {b0ac828b-7d0b-4881-8eba-aba34872aa76}
2026-09-12T13:01:24+02:00 HAL9000 kxl-last[11390]: aktion: kurz xml-focus-next
2026-09-12T13:01:24+02:00 HAL9000 kwin_wayland[3254]: kwin-xmonad-lite: arrange #177 grund=fensterzustand,windowActivated,shortcut:focusNext surfaces=1 mitglieder=3 teilnehmer=0
2026-09-12T13:01:24+02:00 HAL9000 kwin_wayland[3254]: kwin-xmonad-lite: surface a89f5ec2-ab8e-4108-8088-7118500a3aab|b7798180-564c-4f75-ad4a-284026ac7a68|DP-3 layout=full n=0 ratio=0.5 fläche=1920x1032+0+0
2026-09-12T13:01:24+02:00 HAL9000 kwin_wayland[3254]: kwin-xmonad-lite: diagnose a89f5ec2-ab8e-4108-8088-7118500a3aab|b7798180-564c-4f75-ad4a-284026ac7a68|DP-3 order={b0ac828b-7d0b-4881-8eba-aba34872aa76},{80f62281-2f88-4a75-a243-dcee4db77d22},{ab0f184d-e112-4f18-9304-7bd616efe974} teilnehmer= float={ab0f184d-e112-4f18-9304-7bd616efe974}
2026-09-12T13:01:34+02:00 HAL9000 kxl-last[11428]: ziehen maus: +297+85
2026-09-12T13:01:35+02:00 HAL9000 kwin_wayland[3254]: kwin-xmonad-lite: arrange #178 grund=moveResizeFinished surfaces=1 mitglieder=3 teilnehmer=0
2026-09-12T13:01:35+02:00 HAL9000 kwin_wayland[3254]: kwin-xmonad-lite: surface a89f5ec2-ab8e-4108-8088-7118500a3aab|b7798180-564c-4f75-ad4a-284026ac7a68|DP-3 layout=full n=0 ratio=0.5 fläche=1920x1032+0+0
2026-09-12T13:01:35+02:00 HAL9000 kwin_wayland[3254]: kwin-xmonad-lite: diagnose a89f5ec2-ab8e-4108-8088-7118500a3aab|b7798180-564c-4f75-ad4a-284026ac7a68|DP-3 order={b0ac828b-7d0b-4881-8eba-aba34872aa76},{80f62281-2f88-4a75-a243-dcee4db77d22},{ab0f184d-e112-4f18-9304-7bd616efe974} teilnehmer= float={ab0f184d-e112-4f18-9304-7bd616efe974}
2026-09-12T13:01:57+02:00 HAL9000 kxl-last[11453]: aktion: kurz 'Switch to Desktop 4'
2026-09-12T13:01:57+02:00 HAL9000 kwin_wayland[3254]: kwin-xmonad-lite: arrange #179 grund=windowActivated,desktopChanged surfaces=1 mitglieder=0 teilnehmer=0
2026-09-12T13:03:05+02:00 HAL9000 kwin_wayland[3254]: kwin-xmonad-lite: befehl focusNext surface=a89f5ec2-ab8e-4108-8088-7118500a3aab|eb859906-5dd5-4314-92bc-4f3cc1582e4f|DP-3 via=ausgabe ohne Fokusziel unverändert
2026-09-12T13:03:05+02:00 HAL9000 kxl-last[11504]: aktion: kurz xml-focus-next
2026-09-12T13:03:17+02:00 HAL9000 kxl-last[11508]: ziehen maus: +184+81
2026-09-12T13:03:36+02:00 HAL9000 kxl-last[11545]: ziehen maus: +244+175
2026-09-12T13:03:51+02:00 HAL9000 kxl-last[11568]: ziehen maus: +204+138
2026-09-12T13:04:10+02:00 HAL9000 kwin_wayland[3254]: kwin-xmonad-lite: befehl promote surface=a89f5ec2-ab8e-4108-8088-7118500a3aab|eb859906-5dd5-4314-92bc-4f3cc1582e4f|DP-3 via=ausgabe master=- unverändert
2026-09-12T13:04:10+02:00 HAL9000 kxl-last[11585]: aktion: kurz xml-promote
2026-09-12T13:05:11+02:00 HAL9000 kxl-last[11637]: aktion: fenster_zu
2026-09-12T13:05:11+02:00 HAL9000 kwin_wayland[3254]: kwin-xmonad-lite: gc #180 fenster=1 surfaces=0
2026-09-12T13:05:11+02:00 HAL9000 kwin_wayland[3254]: kwin-xmonad-lite: arrange #180 grund=closed,windowRemoved surfaces=1 mitglieder=0 teilnehmer=0
2026-09-12T13:06:06+02:00 HAL9000 kwin_wayland[3254]: kwin-xmonad-lite: befehl resetLayout surface=a89f5ec2-ab8e-4108-8088-7118500a3aab|eb859906-5dd5-4314-92bc-4f3cc1582e4f|DP-3 via=ausgabe layout=tall unverändert
2026-09-12T13:06:06+02:00 HAL9000 kxl-last[11679]: aktion: kurz xml-reset-layout
2026-09-12T13:06:43+02:00 HAL9000 kxl-last[11708]: aktion: kurz 'Switch to Desktop 4'
2026-09-12T13:07:34+02:00 HAL9000 kwin_wayland[3254]: kwin-xmonad-lite: befehl promote surface=a89f5ec2-ab8e-4108-8088-7118500a3aab|eb859906-5dd5-4314-92bc-4f3cc1582e4f|DP-3 via=ausgabe master=- unverändert
2026-09-12T13:07:34+02:00 HAL9000 kxl-last[11745]: aktion: kurz xml-promote
2026-09-12T13:08:24+02:00 HAL9000 kxl-last[11795]: aktion: kurz 'Window Minimize'
2026-09-12T13:09:33+02:00 HAL9000 kwin_wayland[3254]: kwin-xmonad-lite: befehl swapPrev surface=a89f5ec2-ab8e-4108-8088-7118500a3aab|eb859906-5dd5-4314-92bc-4f3cc1582e4f|DP-3 via=ausgabe master=- unverändert
2026-09-12T13:09:33+02:00 HAL9000 kxl-last[11835]: aktion: kurz xml-swap-prev
2026-09-12T13:10:21+02:00 HAL9000 kxl-last[11901]: aktion: kurz 'Window One Screen to the Right'
2026-09-12T13:10:31+02:00 HAL9000 kwin_wayland[3254]: kwin-xmonad-lite: befehl toggleFloat surface=a89f5ec2-ab8e-4108-8088-7118500a3aab|eb859906-5dd5-4314-92bc-4f3cc1582e4f|DP-3 via=ausgabe fenster={f403026b-f5d1-4d06-9dc6-e27caeb600ad} → keinMitglied
2026-09-12T13:10:31+02:00 HAL9000 kxl-last[11908]: aktion: kurz xml-toggle-float
2026-09-12T13:10:43+02:00 HAL9000 kxl-last[11925]: aktion: fenster_auf
2026-09-12T13:10:43+02:00 HAL9000 kwin_wayland[3254]: kwin-xmonad-lite: arrange #181 grund=windowActivated,windowAdded surfaces=1 mitglieder=1 teilnehmer=1
2026-09-12T13:10:43+02:00 HAL9000 kwin_wayland[3254]: kwin-xmonad-lite: surface a89f5ec2-ab8e-4108-8088-7118500a3aab|eb859906-5dd5-4314-92bc-4f3cc1582e4f|DP-3 layout=tall n=1 ratio=0.65 fläche=1920x1032+0+0
2026-09-12T13:10:43+02:00 HAL9000 kwin_wayland[3254]: kwin-xmonad-lite: diagnose a89f5ec2-ab8e-4108-8088-7118500a3aab|eb859906-5dd5-4314-92bc-4f3cc1582e4f|DP-3 order={e16fc5c2-abee-4f1e-9a1e-0d152d350f79} teilnehmer={e16fc5c2-abee-4f1e-9a1e-0d152d350f79} float=
2026-09-12T13:10:43+02:00 HAL9000 kwin_wayland[3254]: kwin-xmonad-lite: apply {e16fc5c2-abee-4f1e-9a1e-0d152d350f79} soll=1920x1032+0+0
2026-09-12T13:11:45+02:00 HAL9000 kxl-last[11996]: aktion: fenster_auf
2026-09-12T13:11:45+02:00 HAL9000 kwin_wayland[3254]: kwin-xmonad-lite: arrange #182 grund=windowActivated,windowAdded surfaces=1 mitglieder=2 teilnehmer=2
2026-09-12T13:11:45+02:00 HAL9000 kwin_wayland[3254]: kwin-xmonad-lite: surface a89f5ec2-ab8e-4108-8088-7118500a3aab|eb859906-5dd5-4314-92bc-4f3cc1582e4f|DP-3 layout=tall n=2 ratio=0.65 fläche=1920x1032+0+0
2026-09-12T13:11:45+02:00 HAL9000 kwin_wayland[3254]: kwin-xmonad-lite: diagnose a89f5ec2-ab8e-4108-8088-7118500a3aab|eb859906-5dd5-4314-92bc-4f3cc1582e4f|DP-3 order={4e66eb17-8610-43bd-80ca-5d9c5ca0d871},{e16fc5c2-abee-4f1e-9a1e-0d152d350f79} teilnehmer={4e66eb17-8610-43bd-80ca-5d9c5ca0d871},{e16fc5c2-abee-4f1e-9a1e-0d152d350f79} float=
2026-09-12T13:11:45+02:00 HAL9000 kwin_wayland[3254]: kwin-xmonad-lite: apply {4e66eb17-8610-43bd-80ca-5d9c5ca0d871} soll=1248x1032+0+0
2026-09-12T13:11:45+02:00 HAL9000 kwin_wayland[3254]: kwin-xmonad-lite: apply {e16fc5c2-abee-4f1e-9a1e-0d152d350f79} soll=672x1032+1248+0
2026-09-12T13:12:27+02:00 HAL9000 kxl-last[12053]: panelhöhe: 30
2026-09-12T13:12:27+02:00 HAL9000 kwin_wayland[3254]: kwin-xmonad-lite: dockGeometrie {ec21bef1-b673-49b3-8924-0a25eed97369}
2026-09-12T13:12:27+02:00 HAL9000 kwin_wayland[3254]: kwin-xmonad-lite: dockGeometrie {ec21bef1-b673-49b3-8924-0a25eed97369}
2026-09-12T13:12:27+02:00 HAL9000 kwin_wayland[3254]: kwin-xmonad-lite: arrange #183 grund=dockGeometrie surfaces=1 mitglieder=2 teilnehmer=2
2026-09-12T13:12:27+02:00 HAL9000 kwin_wayland[3254]: kwin-xmonad-lite: surface a89f5ec2-ab8e-4108-8088-7118500a3aab|eb859906-5dd5-4314-92bc-4f3cc1582e4f|DP-3 layout=tall n=2 ratio=0.65 fläche=1920x1032+0+0
2026-09-12T13:12:27+02:00 HAL9000 kwin_wayland[3254]: kwin-xmonad-lite: diagnose a89f5ec2-ab8e-4108-8088-7118500a3aab|eb859906-5dd5-4314-92bc-4f3cc1582e4f|DP-3 order={4e66eb17-8610-43bd-80ca-5d9c5ca0d871},{e16fc5c2-abee-4f1e-9a1e-0d152d350f79} teilnehmer={4e66eb17-8610-43bd-80ca-5d9c5ca0d871},{e16fc5c2-abee-4f1e-9a1e-0d152d350f79} float=
2026-09-12T13:12:27+02:00 HAL9000 kwin_wayland[3254]: kwin-xmonad-lite: extern {e16fc5c2-abee-4f1e-9a1e-0d152d350f79}
2026-09-12T13:12:27+02:00 HAL9000 kwin_wayland[3254]: kwin-xmonad-lite: extern {4e66eb17-8610-43bd-80ca-5d9c5ca0d871}
2026-09-12T13:12:27+02:00 HAL9000 kwin_wayland[3254]: kwin-xmonad-lite: arrange #184 grund=geometrieExtern surfaces=1 mitglieder=2 teilnehmer=2
2026-09-12T13:12:27+02:00 HAL9000 kwin_wayland[3254]: kwin-xmonad-lite: surface a89f5ec2-ab8e-4108-8088-7118500a3aab|eb859906-5dd5-4314-92bc-4f3cc1582e4f|DP-3 layout=tall n=2 ratio=0.65 fläche=1920x1050+0+0
2026-09-12T13:12:27+02:00 HAL9000 kwin_wayland[3254]: kwin-xmonad-lite: diagnose a89f5ec2-ab8e-4108-8088-7118500a3aab|eb859906-5dd5-4314-92bc-4f3cc1582e4f|DP-3 order={4e66eb17-8610-43bd-80ca-5d9c5ca0d871},{e16fc5c2-abee-4f1e-9a1e-0d152d350f79} teilnehmer={4e66eb17-8610-43bd-80ca-5d9c5ca0d871},{e16fc5c2-abee-4f1e-9a1e-0d152d350f79} float=
2026-09-12T13:12:27+02:00 HAL9000 kwin_wayland[3254]: kwin-xmonad-lite: apply {4e66eb17-8610-43bd-80ca-5d9c5ca0d871} soll=1248x1050+0+0
2026-09-12T13:12:27+02:00 HAL9000 kwin_wayland[3254]: kwin-xmonad-lite: apply {e16fc5c2-abee-4f1e-9a1e-0d152d350f79} soll=672x1050+1248+0
2026-09-12T13:12:27+02:00 HAL9000 kwin_wayland[3254]: kwin-xmonad-lite: arrange #185 grund=nachlauf500:dockGeometrie surfaces=1 mitglieder=2 teilnehmer=2
2026-09-12T13:12:27+02:00 HAL9000 kwin_wayland[3254]: kwin-xmonad-lite: surface a89f5ec2-ab8e-4108-8088-7118500a3aab|eb859906-5dd5-4314-92bc-4f3cc1582e4f|DP-3 layout=tall n=2 ratio=0.65 fläche=1920x1050+0+0
2026-09-12T13:12:27+02:00 HAL9000 kwin_wayland[3254]: kwin-xmonad-lite: diagnose a89f5ec2-ab8e-4108-8088-7118500a3aab|eb859906-5dd5-4314-92bc-4f3cc1582e4f|DP-3 order={4e66eb17-8610-43bd-80ca-5d9c5ca0d871},{e16fc5c2-abee-4f1e-9a1e-0d152d350f79} teilnehmer={4e66eb17-8610-43bd-80ca-5d9c5ca0d871},{e16fc5c2-abee-4f1e-9a1e-0d152d350f79} float=
2026-09-12T13:12:28+02:00 HAL9000 kwin_wayland[3254]: kwin-xmonad-lite: arrange #186 grund=nachlauf1500:dockGeometrie surfaces=1 mitglieder=2 teilnehmer=2
2026-09-12T13:12:28+02:00 HAL9000 kwin_wayland[3254]: kwin-xmonad-lite: surface a89f5ec2-ab8e-4108-8088-7118500a3aab|eb859906-5dd5-4314-92bc-4f3cc1582e4f|DP-3 layout=tall n=2 ratio=0.65 fläche=1920x1050+0+0
2026-09-12T13:12:28+02:00 HAL9000 kwin_wayland[3254]: kwin-xmonad-lite: diagnose a89f5ec2-ab8e-4108-8088-7118500a3aab|eb859906-5dd5-4314-92bc-4f3cc1582e4f|DP-3 order={4e66eb17-8610-43bd-80ca-5d9c5ca0d871},{e16fc5c2-abee-4f1e-9a1e-0d152d350f79} teilnehmer={4e66eb17-8610-43bd-80ca-5d9c5ca0d871},{e16fc5c2-abee-4f1e-9a1e-0d152d350f79} float=
2026-09-12T13:13:12+02:00 HAL9000 kxl-last[12124]: ziehen maus: +469+183
2026-09-12T13:13:12+02:00 HAL9000 kwin_wayland[3254]: kwin-xmonad-lite: arrange #187 grund=windowAdded surfaces=1 mitglieder=3 teilnehmer=2
2026-09-12T13:13:12+02:00 HAL9000 kwin_wayland[3254]: kwin-xmonad-lite: surface a89f5ec2-ab8e-4108-8088-7118500a3aab|eb859906-5dd5-4314-92bc-4f3cc1582e4f|DP-3 layout=tall n=2 ratio=0.65 fläche=1920x1050+0+0
2026-09-12T13:13:12+02:00 HAL9000 kwin_wayland[3254]: kwin-xmonad-lite: diagnose a89f5ec2-ab8e-4108-8088-7118500a3aab|eb859906-5dd5-4314-92bc-4f3cc1582e4f|DP-3 order={1fb29180-d875-45d8-ae06-207cd2cd843d},{4e66eb17-8610-43bd-80ca-5d9c5ca0d871},{e16fc5c2-abee-4f1e-9a1e-0d152d350f79} teilnehmer={4e66eb17-8610-43bd-80ca-5d9c5ca0d871},{e16fc5c2-abee-4f1e-9a1e-0d152d350f79} float=
2026-09-12T13:13:13+02:00 HAL9000 kwin_wayland[3254]: kwin-xmonad-lite: gc #188 fenster=1 surfaces=0
2026-09-12T13:13:13+02:00 HAL9000 kwin_wayland[3254]: kwin-xmonad-lite: arrange #188 grund=closed,windowRemoved,moveResizeFinished surfaces=1 mitglieder=2 teilnehmer=2
2026-09-12T13:13:13+02:00 HAL9000 kwin_wayland[3254]: kwin-xmonad-lite: surface a89f5ec2-ab8e-4108-8088-7118500a3aab|eb859906-5dd5-4314-92bc-4f3cc1582e4f|DP-3 layout=tall n=2 ratio=0.65 fläche=1920x1050+0+0
2026-09-12T13:13:13+02:00 HAL9000 kwin_wayland[3254]: kwin-xmonad-lite: diagnose a89f5ec2-ab8e-4108-8088-7118500a3aab|eb859906-5dd5-4314-92bc-4f3cc1582e4f|DP-3 order={4e66eb17-8610-43bd-80ca-5d9c5ca0d871},{e16fc5c2-abee-4f1e-9a1e-0d152d350f79} teilnehmer={4e66eb17-8610-43bd-80ca-5d9c5ca0d871},{e16fc5c2-abee-4f1e-9a1e-0d152d350f79} float=
2026-09-12T13:13:13+02:00 HAL9000 kwin_wayland[3254]: kwin-xmonad-lite: apply {4e66eb17-8610-43bd-80ca-5d9c5ca0d871} soll=1248x1050+0+0
2026-09-12T13:13:13+02:00 HAL9000 kwin_wayland[3254]: kwin-xmonad-lite: extern {4e66eb17-8610-43bd-80ca-5d9c5ca0d871}
2026-09-12T13:13:13+02:00 HAL9000 kwin_wayland[3254]: kwin-xmonad-lite: arrange #189 grund=geometrieExtern surfaces=1 mitglieder=2 teilnehmer=2
2026-09-12T13:13:13+02:00 HAL9000 kwin_wayland[3254]: kwin-xmonad-lite: surface a89f5ec2-ab8e-4108-8088-7118500a3aab|eb859906-5dd5-4314-92bc-4f3cc1582e4f|DP-3 layout=tall n=2 ratio=0.65 fläche=1920x1050+0+0
2026-09-12T13:13:13+02:00 HAL9000 kwin_wayland[3254]: kwin-xmonad-lite: diagnose a89f5ec2-ab8e-4108-8088-7118500a3aab|eb859906-5dd5-4314-92bc-4f3cc1582e4f|DP-3 order={4e66eb17-8610-43bd-80ca-5d9c5ca0d871},{e16fc5c2-abee-4f1e-9a1e-0d152d350f79} teilnehmer={4e66eb17-8610-43bd-80ca-5d9c5ca0d871},{e16fc5c2-abee-4f1e-9a1e-0d152d350f79} float=
2026-09-12T13:13:13+02:00 HAL9000 kwin_wayland[3254]: kwin-xmonad-lite: apply {4e66eb17-8610-43bd-80ca-5d9c5ca0d871} soll=1248x1050+0+0
2026-09-12T13:13:37+02:00 HAL9000 kwin_wayland[3254]: kwin-xmonad-lite: befehl shrink surface=a89f5ec2-ab8e-4108-8088-7118500a3aab|eb859906-5dd5-4314-92bc-4f3cc1582e4f|DP-3 via=aktiv ratio=0.6
2026-09-12T13:13:37+02:00 HAL9000 kxl-last[12147]: aktion: kurz xml-shrink
2026-09-12T13:13:37+02:00 HAL9000 kwin_wayland[3254]: kwin-xmonad-lite: arrange #190 grund=shortcut:shrink surfaces=1 mitglieder=2 teilnehmer=2
2026-09-12T13:13:37+02:00 HAL9000 kwin_wayland[3254]: kwin-xmonad-lite: surface a89f5ec2-ab8e-4108-8088-7118500a3aab|eb859906-5dd5-4314-92bc-4f3cc1582e4f|DP-3 layout=tall n=2 ratio=0.6 fläche=1920x1050+0+0
2026-09-12T13:13:37+02:00 HAL9000 kwin_wayland[3254]: kwin-xmonad-lite: diagnose a89f5ec2-ab8e-4108-8088-7118500a3aab|eb859906-5dd5-4314-92bc-4f3cc1582e4f|DP-3 order={4e66eb17-8610-43bd-80ca-5d9c5ca0d871},{e16fc5c2-abee-4f1e-9a1e-0d152d350f79} teilnehmer={4e66eb17-8610-43bd-80ca-5d9c5ca0d871},{e16fc5c2-abee-4f1e-9a1e-0d152d350f79} float=
2026-09-12T13:13:37+02:00 HAL9000 kwin_wayland[3254]: kwin-xmonad-lite: apply {4e66eb17-8610-43bd-80ca-5d9c5ca0d871} soll=1152x1050+0+0
2026-09-12T13:13:37+02:00 HAL9000 kwin_wayland[3254]: kwin-xmonad-lite: apply {e16fc5c2-abee-4f1e-9a1e-0d152d350f79} soll=768x1050+1152+0
2026-09-12T13:14:39+02:00 HAL9000 kxl-last[12210]: hotplug: eDP-1 an (Abschluss)
2026-09-12T13:14:39+02:00 HAL9000 kwin_wayland[3254]: kwin-xmonad-lite: arrange #191 grund=screenGeometry,screensChanged surfaces=2 mitglieder=2 teilnehmer=2
2026-09-12T13:14:39+02:00 HAL9000 kwin_wayland[3254]: kwin-xmonad-lite: surface a89f5ec2-ab8e-4108-8088-7118500a3aab|eb859906-5dd5-4314-92bc-4f3cc1582e4f|DP-3 layout=tall n=2 ratio=0.6 fläche=1920x1050+0+0
2026-09-12T13:14:39+02:00 HAL9000 kwin_wayland[3254]: kwin-xmonad-lite: diagnose a89f5ec2-ab8e-4108-8088-7118500a3aab|eb859906-5dd5-4314-92bc-4f3cc1582e4f|DP-3 order={4e66eb17-8610-43bd-80ca-5d9c5ca0d871},{e16fc5c2-abee-4f1e-9a1e-0d152d350f79} teilnehmer={4e66eb17-8610-43bd-80ca-5d9c5ca0d871},{e16fc5c2-abee-4f1e-9a1e-0d152d350f79} float=
2026-09-12T13:14:39+02:00 HAL9000 kxl-last[12227]: == Fall 27b Last beendet, 98 Aktionen ausgeführt, 4 übersprungen ==
2026-09-12T13:14:39+02:00 HAL9000 kxl-last[12229]: zähler: kurz xml-swap-prev = 3
2026-09-12T13:14:39+02:00 HAL9000 kxl-last[12235]: zähler: kurz xml-focus-prev = 3
2026-09-12T13:14:39+02:00 HAL9000 kxl-last[12237]: zähler: kurz xml-focus-master = 2
2026-09-12T13:14:39+02:00 HAL9000 kxl-last[12239]: zähler: ziehen_maus = 11
2026-09-12T13:14:39+02:00 HAL9000 kxl-last[12242]: zähler: kurz 'Window One Screen to the Left' = 1
2026-09-12T13:14:39+02:00 HAL9000 kxl-last[12245]: zähler: kurz xml-toggle-float = 3
2026-09-12T13:14:39+02:00 HAL9000 kxl-last[12247]: zähler: ziehen_tastatur = 9
2026-09-12T13:14:39+02:00 HAL9000 kxl-last[12249]: zähler: fenster_zu = 2
2026-09-12T13:14:39+02:00 HAL9000 kxl-last[12251]: zähler: kurz 'Switch to Desktop 4' = 2
2026-09-12T13:14:39+02:00 HAL9000 kxl-last[12253]: zähler: kurz 'Window One Screen to the Right' = 4
2026-09-12T13:14:39+02:00 HAL9000 kxl-last[12255]: zähler: kurz 'Switch to Desktop 3' = 5
2026-09-12T13:14:39+02:00 HAL9000 kxl-last[12256]: zähler: kurz xml-expand = 3
2026-09-12T13:14:39+02:00 HAL9000 kxl-last[12259]: zähler: panelhoehe = 6
2026-09-12T13:14:39+02:00 HAL9000 kxl-last[12261]: zähler: kurz xml-reset-layout = 3
2026-09-12T13:14:39+02:00 HAL9000 kxl-last[12263]: zähler: kurz xml-swap-next = 5
2026-09-12T13:14:39+02:00 HAL9000 kxl-last[12265]: zähler: hotplug = 7
2026-09-12T13:14:39+02:00 HAL9000 kxl-last[12268]: zähler: kurz 'Switch to Desktop 2' = 1
2026-09-12T13:14:39+02:00 HAL9000 kxl-last[12270]: zähler: kurz xml-shrink = 5
2026-09-12T13:14:39+02:00 HAL9000 kxl-last[12271]: zähler: kurz 'Window Minimize' = 5
2026-09-12T13:14:39+02:00 HAL9000 kxl-last[12274]: zähler: kurz xml-focus-next = 6
2026-09-12T13:14:39+02:00 HAL9000 kxl-last[12276]: zähler: kurz xml-sink = 1
2026-09-12T13:14:39+02:00 HAL9000 kxl-last[12278]: zähler: kurz xml-next-layout = 1
2026-09-12T13:14:39+02:00 HAL9000 kxl-last[12280]: zähler: fenster_auf = 6
2026-09-12T13:14:39+02:00 HAL9000 kxl-last[12282]: zähler: kurz xml-promote = 4
2026-09-12T13:14:39+02:00 HAL9000 kwin_wayland[3254]: kwin-xmonad-lite: extern {4e66eb17-8610-43bd-80ca-5d9c5ca0d871}
2026-09-12T13:14:39+02:00 HAL9000 kwin_wayland[3254]: kwin-xmonad-lite: arrange #192 grund=geometrieExtern,fensterzustand surfaces=2 mitglieder=2 teilnehmer=2
2026-09-12T13:14:39+02:00 HAL9000 kwin_wayland[3254]: kwin-xmonad-lite: surface a89f5ec2-ab8e-4108-8088-7118500a3aab|eb859906-5dd5-4314-92bc-4f3cc1582e4f|DP-3 layout=tall n=2 ratio=0.6 fläche=1920x1050+0+0
2026-09-12T13:14:39+02:00 HAL9000 kwin_wayland[3254]: kwin-xmonad-lite: diagnose a89f5ec2-ab8e-4108-8088-7118500a3aab|eb859906-5dd5-4314-92bc-4f3cc1582e4f|DP-3 order={4e66eb17-8610-43bd-80ca-5d9c5ca0d871},{e16fc5c2-abee-4f1e-9a1e-0d152d350f79} teilnehmer={4e66eb17-8610-43bd-80ca-5d9c5ca0d871},{e16fc5c2-abee-4f1e-9a1e-0d152d350f79} float=
2026-09-12T13:14:39+02:00 HAL9000 kwin_wayland[3254]: kwin-xmonad-lite: apply {4e66eb17-8610-43bd-80ca-5d9c5ca0d871} soll=1152x1050+0+0
2026-09-12T13:14:39+02:00 HAL9000 kwin_wayland[3254]: kwin-xmonad-lite: arrange #193 grund=nachlauf500:screenGeometry+screensChanged surfaces=2 mitglieder=2 teilnehmer=2
2026-09-12T13:14:39+02:00 HAL9000 kwin_wayland[3254]: kwin-xmonad-lite: surface a89f5ec2-ab8e-4108-8088-7118500a3aab|eb859906-5dd5-4314-92bc-4f3cc1582e4f|DP-3 layout=tall n=2 ratio=0.6 fläche=1920x1050+0+0
2026-09-12T13:14:39+02:00 HAL9000 kwin_wayland[3254]: kwin-xmonad-lite: diagnose a89f5ec2-ab8e-4108-8088-7118500a3aab|eb859906-5dd5-4314-92bc-4f3cc1582e4f|DP-3 order={4e66eb17-8610-43bd-80ca-5d9c5ca0d871},{e16fc5c2-abee-4f1e-9a1e-0d152d350f79} teilnehmer={4e66eb17-8610-43bd-80ca-5d9c5ca0d871},{e16fc5c2-abee-4f1e-9a1e-0d152d350f79} float=
2026-09-12T13:14:39+02:00 HAL9000 kwin_wayland[3254]: kwin-xmonad-lite: arrange #194 grund=windowAdded surfaces=2 mitglieder=2 teilnehmer=2
2026-09-12T13:14:39+02:00 HAL9000 kwin_wayland[3254]: kwin-xmonad-lite: surface a89f5ec2-ab8e-4108-8088-7118500a3aab|eb859906-5dd5-4314-92bc-4f3cc1582e4f|DP-3 layout=tall n=2 ratio=0.6 fläche=1920x1050+0+0
2026-09-12T13:14:39+02:00 HAL9000 kwin_wayland[3254]: kwin-xmonad-lite: diagnose a89f5ec2-ab8e-4108-8088-7118500a3aab|eb859906-5dd5-4314-92bc-4f3cc1582e4f|DP-3 order={4e66eb17-8610-43bd-80ca-5d9c5ca0d871},{e16fc5c2-abee-4f1e-9a1e-0d152d350f79} teilnehmer={4e66eb17-8610-43bd-80ca-5d9c5ca0d871},{e16fc5c2-abee-4f1e-9a1e-0d152d350f79} float=
2026-09-12T13:14:40+02:00 HAL9000 kwin_wayland[3254]: kwin-xmonad-lite: arrange #195 grund=nachlauf1500:screenGeometry+screensChanged surfaces=2 mitglieder=2 teilnehmer=2
2026-09-12T13:14:40+02:00 HAL9000 kwin_wayland[3254]: kwin-xmonad-lite: surface a89f5ec2-ab8e-4108-8088-7118500a3aab|eb859906-5dd5-4314-92bc-4f3cc1582e4f|DP-3 layout=tall n=2 ratio=0.6 fläche=1920x1050+0+0
2026-09-12T13:14:40+02:00 HAL9000 kwin_wayland[3254]: kwin-xmonad-lite: diagnose a89f5ec2-ab8e-4108-8088-7118500a3aab|eb859906-5dd5-4314-92bc-4f3cc1582e4f|DP-3 order={4e66eb17-8610-43bd-80ca-5d9c5ca0d871},{e16fc5c2-abee-4f1e-9a1e-0d152d350f79} teilnehmer={4e66eb17-8610-43bd-80ca-5d9c5ca0d871},{e16fc5c2-abee-4f1e-9a1e-0d152d350f79} float=
2026-09-12T13:15:35+02:00 HAL9000 kxl-abnahme[12382]: == Fall 27b Ende ==
2026-09-12T13:15:37+02:00 HAL9000 kwin_wayland[3254]: KXLGEO1 {"k":"meta","tag":"KXLGEO1","start":1789211737042,"perOutputDesktops":false,"outputs":2,"samples":[0,500,1500,3000],"titlePrefix":"kxl-","r":1789211737042,"n":0,"ms":0}
2026-09-12T13:15:37+02:00 HAL9000 kwin_wayland[3254]: KXLGEO1 {"k":"view","s":0,"key":"a89f5ec2-ab8e-4108-8088-7118500a3aab|eb859906-5dd5-4314-92bc-4f3cc1582e4f|eDP-1","activity":"a89f5ec2-ab8e-4108-8088-7118500a3aab","desktop":"eb859906-5dd5-4314-92bc-4f3cc1582e4f","output":"eDP-1","area":{"x":1920,"y":0,"w":1280,"h":720,"exakt":true},"r":1789211737042,"n":1,"ms":0}
2026-09-12T13:15:37+02:00 HAL9000 kwin_wayland[3254]: KXLGEO1 {"k":"view","s":0,"key":"a89f5ec2-ab8e-4108-8088-7118500a3aab|eb859906-5dd5-4314-92bc-4f3cc1582e4f|DP-3","activity":"a89f5ec2-ab8e-4108-8088-7118500a3aab","desktop":"eb859906-5dd5-4314-92bc-4f3cc1582e4f","output":"DP-3","area":{"x":0,"y":0,"w":1920,"h":1050,"exakt":true},"r":1789211737042,"n":2,"ms":0}
2026-09-12T13:15:37+02:00 HAL9000 kwin_wayland[3254]: KXLGEO1 {"k":"active","s":0,"activeId":"{4e66eb17-8610-43bd-80ca-5d9c5ca0d871}","r":1789211737042,"n":3,"ms":0}
2026-09-12T13:15:37+02:00 HAL9000 kwin_wayland[3254]: KXLGEO1 {"k":"win","s":0,"id":"{f403026b-f5d1-4d06-9dc6-e27caeb600ad}","cls":"plasmashell","caption":"<Titel entfernt>","output":"DP-3","desktops":[],"activities":[],"onAllDesktops":true,"geo":{"x":0,"y":0,"w":1920,"h":1080,"exakt":true},"min":{"w":0,"h":0},"max":{"w":2147483647,"h":2147483647},"fullScreen":false,"minimized":false,"maximizeMode":0,"moveable":false,"resizeable":false,"move":false,"resize":false,"managed":true,"deleted":false,"normalWindow":false,"specialWindow":true,"popupWindow":false,"dialog":false,"utility":false,"splash":false,"dock":false,"transient":false,"modal":false,"transientFor":null,"r":1789211737042,"n":4,"ms":0}
2026-09-12T13:15:37+02:00 HAL9000 kwin_wayland[3254]: KXLGEO1 {"k":"win","s":0,"id":"{ec21bef1-b673-49b3-8924-0a25eed97369}","cls":"plasmashell","caption":"<Titel entfernt>","output":"DP-3","desktops":[],"activities":[],"onAllDesktops":true,"geo":{"x":0,"y":1050,"w":1920,"h":30,"exakt":true},"min":{"w":0,"h":0},"max":{"w":2147483647,"h":2147483647},"fullScreen":false,"minimized":false,"maximizeMode":0,"moveable":false,"resizeable":false,"move":false,"resize":false,"managed":true,"deleted":false,"normalWindow":false,"specialWindow":true,"popupWindow":false,"dialog":false,"utility":false,"splash":false,"dock":true,"transient":false,"modal":false,"transientFor":null,"r":1789211737042,"n":5,"ms":1}
2026-09-12T13:15:37+02:00 HAL9000 kwin_wayland[3254]: KXLGEO1 {"k":"win","s":0,"id":"{00c4c9f1-166b-46da-94f9-bec977b8d871}","cls":"org.kde.kwrite","caption":"kxl-t1.txt — KWrite","output":"DP-3","desktops":["89539ae6-e06b-4c76-a057-95df959578a9"],"activities":["a89f5ec2-ab8e-4108-8088-7118500a3aab"],"onAllDesktops":false,"geo":{"x":1056,"y":525,"w":864,"h":210,"exakt":true},"min":{"w":157,"h":150},"max":{"w":2147483647,"h":2147483647},"fullScreen":false,"minimized":false,"maximizeMode":0,"moveable":true,"resizeable":true,"move":false,"resize":false,"managed":true,"deleted":false,"normalWindow":true,"specialWindow":false,"popupWindow":false,"dialog":false,"utility":false,"splash":false,"dock":false,"transient":false,"modal":false,"transientFor":null,"r":1789211737042,"n":6,"ms":1}
2026-09-12T13:15:37+02:00 HAL9000 kwin_wayland[3254]: KXLGEO1 {"k":"win","s":0,"id":"{985f4025-239f-4476-bac9-fb20ef04f779}","cls":"org.kde.kwrite","caption":"kxl-a1.txt — KWrite","output":"DP-3","desktops":["89539ae6-e06b-4c76-a057-95df959578a9"],"activities":["a89f5ec2-ab8e-4108-8088-7118500a3aab"],"onAllDesktops":false,"geo":{"x":1056,"y":0,"w":864,"h":210,"exakt":true},"min":{"w":157,"h":150},"max":{"w":2147483647,"h":2147483647},"fullScreen":false,"minimized":false,"maximizeMode":0,"moveable":true,"resizeable":true,"move":false,"resize":false,"managed":true,"deleted":false,"normalWindow":true,"specialWindow":false,"popupWindow":false,"dialog":false,"utility":false,"splash":false,"dock":false,"transient":false,"modal":false,"transientFor":null,"r":1789211737042,"n":7,"ms":1}
2026-09-12T13:15:37+02:00 HAL9000 kwin_wayland[3254]: KXLGEO1 {"k":"win","s":0,"id":"{61bf689b-2be6-4d6c-a26e-9fbc2d8049f6}","cls":"org.kde.kwrite","caption":"kxl-a2.txt — KWrite","output":"DP-3","desktops":["89539ae6-e06b-4c76-a057-95df959578a9"],"activities":["a89f5ec2-ab8e-4108-8088-7118500a3aab"],"onAllDesktops":false,"geo":{"x":1056,"y":420,"w":864,"h":210,"exakt":true},"min":{"w":157,"h":150},"max":{"w":2147483647,"h":2147483647},"fullScreen":false,"minimized":false,"maximizeMode":0,"moveable":true,"resizeable":true,"move":false,"resize":false,"managed":true,"deleted":false,"normalWindow":true,"specialWindow":false,"popupWindow":false,"dialog":false,"utility":false,"splash":false,"dock":false,"transient":false,"modal":false,"transientFor":null,"r":1789211737042,"n":8,"ms":1}
2026-09-12T13:15:37+02:00 HAL9000 kwin_wayland[3254]: KXLGEO1 {"k":"win","s":0,"id":"{36d65b88-4f0f-41b7-b787-d35bf2e896be}","cls":"org.kde.kwrite","caption":"kxl-b1.txt — KWrite","output":"eDP-1","desktops":["89539ae6-e06b-4c76-a057-95df959578a9"],"activities":["a89f5ec2-ab8e-4108-8088-7118500a3aab"],"onAllDesktops":false,"geo":{"x":2752,"y":360,"w":448,"h":210,"exakt":false},"min":{"w":157,"h":150},"max":{"w":2147483647,"h":2147483647},"fullScreen":false,"minimized":false,"maximizeMode":0,"moveable":true,"resizeable":true,"move":false,"resize":false,"managed":true,"deleted":false,"normalWindow":true,"specialWindow":false,"popupWindow":false,"dialog":false,"utility":false,"splash":false,"dock":false,"transient":false,"modal":false,"transientFor":null,"r":1789211737042,"n":9,"ms":1}
2026-09-12T13:15:37+02:00 HAL9000 kwin_wayland[3254]: KXLGEO1 {"k":"win","s":0,"id":"{eaa20b7a-b463-4058-9c8b-1956f3b68db3}","cls":"org.kde.kwrite","caption":"kxl-b2.txt — KWrite","output":"eDP-1","desktops":["89539ae6-e06b-4c76-a057-95df959578a9"],"activities":["a89f5ec2-ab8e-4108-8088-7118500a3aab"],"onAllDesktops":false,"geo":{"x":2752,"y":0,"w":448,"h":210,"exakt":false},"min":{"w":157,"h":150},"max":{"w":2147483647,"h":2147483647},"fullScreen":false,"minimized":false,"maximizeMode":0,"moveable":true,"resizeable":true,"move":false,"resize":false,"managed":true,"deleted":false,"normalWindow":true,"specialWindow":false,"popupWindow":false,"dialog":false,"utility":false,"splash":false,"dock":false,"transient":false,"modal":false,"transientFor":null,"r":1789211737042,"n":10,"ms":1}
2026-09-12T13:15:37+02:00 HAL9000 kwin_wayland[3254]: KXLGEO1 {"k":"win","s":0,"id":"{40655bec-beca-427f-91c3-dd69d3ebfb1c}","cls":"org.kde.kwrite","caption":"kxl-b3.txt — KWrite","output":"eDP-1","desktops":["89539ae6-e06b-4c76-a057-95df959578a9"],"activities":["a89f5ec2-ab8e-4108-8088-7118500a3aab"],"onAllDesktops":false,"geo":{"x":1920,"y":0,"w":832,"h":720,"exakt":true},"min":{"w":157,"h":150},"max":{"w":2147483647,"h":2147483647},"fullScreen":false,"minimized":false,"maximizeMode":0,"moveable":true,"resizeable":true,"move":false,"resize":false,"managed":true,"deleted":false,"normalWindow":true,"specialWindow":false,"popupWindow":false,"dialog":false,"utility":false,"splash":false,"dock":false,"transient":false,"modal":false,"transientFor":null,"r":1789211737042,"n":11,"ms":1}
2026-09-12T13:15:37+02:00 HAL9000 kwin_wayland[3254]: KXLGEO1 {"k":"win","s":0,"id":"{b0ac828b-7d0b-4881-8eba-aba34872aa76}","cls":"org.kde.dolphin","caption":"<Titel entfernt>","output":"DP-3","desktops":["b7798180-564c-4f75-ad4a-284026ac7a68"],"activities":["a89f5ec2-ab8e-4108-8088-7118500a3aab"],"onAllDesktops":false,"geo":{"x":0,"y":0,"w":1920,"h":1032,"exakt":true},"min":{"w":346,"h":314},"max":{"w":2147483647,"h":2147483647},"fullScreen":false,"minimized":false,"maximizeMode":3,"moveable":true,"resizeable":true,"move":false,"resize":false,"managed":true,"deleted":false,"normalWindow":true,"specialWindow":false,"popupWindow":false,"dialog":false,"utility":false,"splash":false,"dock":false,"transient":false,"modal":false,"transientFor":null,"r":1789211737042,"n":12,"ms":1}
2026-09-12T13:15:37+02:00 HAL9000 kwin_wayland[3254]: KXLGEO1 {"k":"win","s":0,"id":"{ab0f184d-e112-4f18-9304-7bd616efe974}","cls":"org.kde.kwrite","caption":"kxl-last-13777.txt — KWrite","output":"DP-3","desktops":["b7798180-564c-4f75-ad4a-284026ac7a68"],"activities":["a89f5ec2-ab8e-4108-8088-7118500a3aab"],"onAllDesktops":false,"geo":{"x":620,"y":192,"w":1920,"h":1032,"exakt":false},"min":{"w":157,"h":150},"max":{"w":2147483647,"h":2147483647},"fullScreen":false,"minimized":false,"maximizeMode":0,"moveable":true,"resizeable":true,"move":false,"resize":false,"managed":true,"deleted":false,"normalWindow":true,"specialWindow":false,"popupWindow":false,"dialog":false,"utility":false,"splash":false,"dock":false,"transient":false,"modal":false,"transientFor":null,"r":1789211737042,"n":13,"ms":1}
2026-09-12T13:15:37+02:00 HAL9000 kwin_wayland[3254]: KXLGEO1 {"k":"win","s":0,"id":"{80f62281-2f88-4a75-a243-dcee4db77d22}","cls":"org.kde.kwrite","caption":"kxl-last-20075.txt — KWrite","output":"DP-3","desktops":["b7798180-564c-4f75-ad4a-284026ac7a68"],"activities":["a89f5ec2-ab8e-4108-8088-7118500a3aab"],"onAllDesktops":false,"geo":{"x":0,"y":18,"w":1920,"h":1032,"exakt":true},"min":{"w":157,"h":150},"max":{"w":2147483647,"h":2147483647},"fullScreen":false,"minimized":true,"maximizeMode":0,"moveable":true,"resizeable":true,"move":false,"resize":false,"managed":true,"deleted":false,"normalWindow":true,"specialWindow":false,"popupWindow":false,"dialog":false,"utility":false,"splash":false,"dock":false,"transient":false,"modal":false,"transientFor":null,"r":1789211737042,"n":14,"ms":1}
2026-09-12T13:15:37+02:00 HAL9000 kwin_wayland[3254]: KXLGEO1 {"k":"win","s":0,"id":"{e16fc5c2-abee-4f1e-9a1e-0d152d350f79}","cls":"org.kde.kwrite","caption":"kxl-last-12869.txt — KWrite","output":"DP-3","desktops":["eb859906-5dd5-4314-92bc-4f3cc1582e4f"],"activities":["a89f5ec2-ab8e-4108-8088-7118500a3aab"],"onAllDesktops":false,"geo":{"x":1152,"y":0,"w":768,"h":1050,"exakt":true},"min":{"w":157,"h":150},"max":{"w":2147483647,"h":2147483647},"fullScreen":false,"minimized":false,"maximizeMode":0,"moveable":true,"resizeable":true,"move":false,"resize":false,"managed":true,"deleted":false,"normalWindow":true,"specialWindow":false,"popupWindow":false,"dialog":false,"utility":false,"splash":false,"dock":false,"transient":false,"modal":false,"transientFor":null,"r":1789211737042,"n":15,"ms":1}
2026-09-12T13:15:37+02:00 HAL9000 kwin_wayland[3254]: KXLGEO1 {"k":"win","s":0,"id":"{4e66eb17-8610-43bd-80ca-5d9c5ca0d871}","cls":"org.kde.kwrite","caption":"kxl-last-32235.txt — KWrite","output":"DP-3","desktops":["eb859906-5dd5-4314-92bc-4f3cc1582e4f"],"activities":["a89f5ec2-ab8e-4108-8088-7118500a3aab"],"onAllDesktops":false,"geo":{"x":0,"y":0,"w":1152,"h":1050,"exakt":true},"min":{"w":157,"h":150},"max":{"w":2147483647,"h":2147483647},"fullScreen":false,"minimized":false,"maximizeMode":0,"moveable":true,"resizeable":true,"move":false,"resize":false,"managed":true,"deleted":false,"normalWindow":true,"specialWindow":false,"popupWindow":false,"dialog":false,"utility":false,"splash":false,"dock":false,"transient":false,"modal":false,"transientFor":null,"r":1789211737042,"n":16,"ms":1}
2026-09-12T13:15:37+02:00 HAL9000 kwin_wayland[3254]: KXLGEO1 {"k":"win","s":0,"id":"{6eda6876-147a-4a02-9045-6f85b6ebfaeb}","cls":"plasmashell","caption":"<Titel entfernt>","output":"eDP-1","desktops":[],"activities":[],"onAllDesktops":true,"geo":{"x":1920,"y":0,"w":1280,"h":720,"exakt":true},"min":{"w":0,"h":0},"max":{"w":2147483647,"h":2147483647},"fullScreen":false,"minimized":false,"maximizeMode":0,"moveable":false,"resizeable":false,"move":false,"resize":false,"managed":true,"deleted":false,"normalWindow":false,"specialWindow":true,"popupWindow":false,"dialog":false,"utility":false,"splash":false,"dock":false,"transient":false,"modal":false,"transientFor":null,"r":1789211737042,"n":17,"ms":1}
2026-09-12T13:15:37+02:00 HAL9000 kwin_wayland[3254]: KXLGEO1 {"k":"view","s":1,"key":"a89f5ec2-ab8e-4108-8088-7118500a3aab|eb859906-5dd5-4314-92bc-4f3cc1582e4f|eDP-1","activity":"a89f5ec2-ab8e-4108-8088-7118500a3aab","desktop":"eb859906-5dd5-4314-92bc-4f3cc1582e4f","output":"eDP-1","area":{"x":1920,"y":0,"w":1280,"h":720,"exakt":true},"r":1789211737042,"n":18,"ms":527}
2026-09-12T13:15:37+02:00 HAL9000 kwin_wayland[3254]: KXLGEO1 {"k":"view","s":1,"key":"a89f5ec2-ab8e-4108-8088-7118500a3aab|eb859906-5dd5-4314-92bc-4f3cc1582e4f|DP-3","activity":"a89f5ec2-ab8e-4108-8088-7118500a3aab","desktop":"eb859906-5dd5-4314-92bc-4f3cc1582e4f","output":"DP-3","area":{"x":0,"y":0,"w":1920,"h":1050,"exakt":true},"r":1789211737042,"n":19,"ms":528}
2026-09-12T13:15:37+02:00 HAL9000 kwin_wayland[3254]: KXLGEO1 {"k":"active","s":1,"activeId":"{4e66eb17-8610-43bd-80ca-5d9c5ca0d871}","r":1789211737042,"n":20,"ms":528}
2026-09-12T13:15:37+02:00 HAL9000 kwin_wayland[3254]: KXLGEO1 {"k":"win","s":1,"id":"{f403026b-f5d1-4d06-9dc6-e27caeb600ad}","cls":"plasmashell","caption":"<Titel entfernt>","output":"DP-3","desktops":[],"activities":[],"onAllDesktops":true,"geo":{"x":0,"y":0,"w":1920,"h":1080,"exakt":true},"min":{"w":0,"h":0},"max":{"w":2147483647,"h":2147483647},"fullScreen":false,"minimized":false,"maximizeMode":0,"moveable":false,"resizeable":false,"move":false,"resize":false,"managed":true,"deleted":false,"normalWindow":false,"specialWindow":true,"popupWindow":false,"dialog":false,"utility":false,"splash":false,"dock":false,"transient":false,"modal":false,"transientFor":null,"r":1789211737042,"n":21,"ms":528}
2026-09-12T13:15:37+02:00 HAL9000 kwin_wayland[3254]: KXLGEO1 {"k":"win","s":1,"id":"{ec21bef1-b673-49b3-8924-0a25eed97369}","cls":"plasmashell","caption":"<Titel entfernt>","output":"DP-3","desktops":[],"activities":[],"onAllDesktops":true,"geo":{"x":0,"y":1050,"w":1920,"h":30,"exakt":true},"min":{"w":0,"h":0},"max":{"w":2147483647,"h":2147483647},"fullScreen":false,"minimized":false,"maximizeMode":0,"moveable":false,"resizeable":false,"move":false,"resize":false,"managed":true,"deleted":false,"normalWindow":false,"specialWindow":true,"popupWindow":false,"dialog":false,"utility":false,"splash":false,"dock":true,"transient":false,"modal":false,"transientFor":null,"r":1789211737042,"n":22,"ms":529}
2026-09-12T13:15:37+02:00 HAL9000 kwin_wayland[3254]: KXLGEO1 {"k":"win","s":1,"id":"{00c4c9f1-166b-46da-94f9-bec977b8d871}","cls":"org.kde.kwrite","caption":"kxl-t1.txt — KWrite","output":"DP-3","desktops":["89539ae6-e06b-4c76-a057-95df959578a9"],"activities":["a89f5ec2-ab8e-4108-8088-7118500a3aab"],"onAllDesktops":false,"geo":{"x":1056,"y":525,"w":864,"h":210,"exakt":true},"min":{"w":157,"h":150},"max":{"w":2147483647,"h":2147483647},"fullScreen":false,"minimized":false,"maximizeMode":0,"moveable":true,"resizeable":true,"move":false,"resize":false,"managed":true,"deleted":false,"normalWindow":true,"specialWindow":false,"popupWindow":false,"dialog":false,"utility":false,"splash":false,"dock":false,"transient":false,"modal":false,"transientFor":null,"r":1789211737042,"n":23,"ms":529}
2026-09-12T13:15:37+02:00 HAL9000 kwin_wayland[3254]: KXLGEO1 {"k":"win","s":1,"id":"{985f4025-239f-4476-bac9-fb20ef04f779}","cls":"org.kde.kwrite","caption":"kxl-a1.txt — KWrite","output":"DP-3","desktops":["89539ae6-e06b-4c76-a057-95df959578a9"],"activities":["a89f5ec2-ab8e-4108-8088-7118500a3aab"],"onAllDesktops":false,"geo":{"x":1056,"y":0,"w":864,"h":210,"exakt":true},"min":{"w":157,"h":150},"max":{"w":2147483647,"h":2147483647},"fullScreen":false,"minimized":false,"maximizeMode":0,"moveable":true,"resizeable":true,"move":false,"resize":false,"managed":true,"deleted":false,"normalWindow":true,"specialWindow":false,"popupWindow":false,"dialog":false,"utility":false,"splash":false,"dock":false,"transient":false,"modal":false,"transientFor":null,"r":1789211737042,"n":24,"ms":530}
2026-09-12T13:15:37+02:00 HAL9000 kwin_wayland[3254]: KXLGEO1 {"k":"win","s":1,"id":"{61bf689b-2be6-4d6c-a26e-9fbc2d8049f6}","cls":"org.kde.kwrite","caption":"kxl-a2.txt — KWrite","output":"DP-3","desktops":["89539ae6-e06b-4c76-a057-95df959578a9"],"activities":["a89f5ec2-ab8e-4108-8088-7118500a3aab"],"onAllDesktops":false,"geo":{"x":1056,"y":420,"w":864,"h":210,"exakt":true},"min":{"w":157,"h":150},"max":{"w":2147483647,"h":2147483647},"fullScreen":false,"minimized":false,"maximizeMode":0,"moveable":true,"resizeable":true,"move":false,"resize":false,"managed":true,"deleted":false,"normalWindow":true,"specialWindow":false,"popupWindow":false,"dialog":false,"utility":false,"splash":false,"dock":false,"transient":false,"modal":false,"transientFor":null,"r":1789211737042,"n":25,"ms":530}
2026-09-12T13:15:37+02:00 HAL9000 kwin_wayland[3254]: KXLGEO1 {"k":"win","s":1,"id":"{36d65b88-4f0f-41b7-b787-d35bf2e896be}","cls":"org.kde.kwrite","caption":"kxl-b1.txt — KWrite","output":"eDP-1","desktops":["89539ae6-e06b-4c76-a057-95df959578a9"],"activities":["a89f5ec2-ab8e-4108-8088-7118500a3aab"],"onAllDesktops":false,"geo":{"x":2752,"y":360,"w":448,"h":210,"exakt":false},"min":{"w":157,"h":150},"max":{"w":2147483647,"h":2147483647},"fullScreen":false,"minimized":false,"maximizeMode":0,"moveable":true,"resizeable":true,"move":false,"resize":false,"managed":true,"deleted":false,"normalWindow":true,"specialWindow":false,"popupWindow":false,"dialog":false,"utility":false,"splash":false,"dock":false,"transient":false,"modal":false,"transientFor":null,"r":1789211737042,"n":26,"ms":530}
2026-09-12T13:15:37+02:00 HAL9000 kwin_wayland[3254]: KXLGEO1 {"k":"win","s":1,"id":"{eaa20b7a-b463-4058-9c8b-1956f3b68db3}","cls":"org.kde.kwrite","caption":"kxl-b2.txt — KWrite","output":"eDP-1","desktops":["89539ae6-e06b-4c76-a057-95df959578a9"],"activities":["a89f5ec2-ab8e-4108-8088-7118500a3aab"],"onAllDesktops":false,"geo":{"x":2752,"y":0,"w":448,"h":210,"exakt":false},"min":{"w":157,"h":150},"max":{"w":2147483647,"h":2147483647},"fullScreen":false,"minimized":false,"maximizeMode":0,"moveable":true,"resizeable":true,"move":false,"resize":false,"managed":true,"deleted":false,"normalWindow":true,"specialWindow":false,"popupWindow":false,"dialog":false,"utility":false,"splash":false,"dock":false,"transient":false,"modal":false,"transientFor":null,"r":1789211737042,"n":27,"ms":531}
2026-09-12T13:15:37+02:00 HAL9000 kwin_wayland[3254]: KXLGEO1 {"k":"win","s":1,"id":"{40655bec-beca-427f-91c3-dd69d3ebfb1c}","cls":"org.kde.kwrite","caption":"kxl-b3.txt — KWrite","output":"eDP-1","desktops":["89539ae6-e06b-4c76-a057-95df959578a9"],"activities":["a89f5ec2-ab8e-4108-8088-7118500a3aab"],"onAllDesktops":false,"geo":{"x":1920,"y":0,"w":832,"h":720,"exakt":true},"min":{"w":157,"h":150},"max":{"w":2147483647,"h":2147483647},"fullScreen":false,"minimized":false,"maximizeMode":0,"moveable":true,"resizeable":true,"move":false,"resize":false,"managed":true,"deleted":false,"normalWindow":true,"specialWindow":false,"popupWindow":false,"dialog":false,"utility":false,"splash":false,"dock":false,"transient":false,"modal":false,"transientFor":null,"r":1789211737042,"n":28,"ms":531}
2026-09-12T13:15:37+02:00 HAL9000 kwin_wayland[3254]: KXLGEO1 {"k":"win","s":1,"id":"{b0ac828b-7d0b-4881-8eba-aba34872aa76}","cls":"org.kde.dolphin","caption":"<Titel entfernt>","output":"DP-3","desktops":["b7798180-564c-4f75-ad4a-284026ac7a68"],"activities":["a89f5ec2-ab8e-4108-8088-7118500a3aab"],"onAllDesktops":false,"geo":{"x":0,"y":0,"w":1920,"h":1032,"exakt":true},"min":{"w":346,"h":314},"max":{"w":2147483647,"h":2147483647},"fullScreen":false,"minimized":false,"maximizeMode":3,"moveable":true,"resizeable":true,"move":false,"resize":false,"managed":true,"deleted":false,"normalWindow":true,"specialWindow":false,"popupWindow":false,"dialog":false,"utility":false,"splash":false,"dock":false,"transient":false,"modal":false,"transientFor":null,"r":1789211737042,"n":29,"ms":531}
2026-09-12T13:15:37+02:00 HAL9000 kwin_wayland[3254]: KXLGEO1 {"k":"win","s":1,"id":"{ab0f184d-e112-4f18-9304-7bd616efe974}","cls":"org.kde.kwrite","caption":"kxl-last-13777.txt — KWrite","output":"DP-3","desktops":["b7798180-564c-4f75-ad4a-284026ac7a68"],"activities":["a89f5ec2-ab8e-4108-8088-7118500a3aab"],"onAllDesktops":false,"geo":{"x":620,"y":192,"w":1920,"h":1032,"exakt":false},"min":{"w":157,"h":150},"max":{"w":2147483647,"h":2147483647},"fullScreen":false,"minimized":false,"maximizeMode":0,"moveable":true,"resizeable":true,"move":false,"resize":false,"managed":true,"deleted":false,"normalWindow":true,"specialWindow":false,"popupWindow":false,"dialog":false,"utility":false,"splash":false,"dock":false,"transient":false,"modal":false,"transientFor":null,"r":1789211737042,"n":30,"ms":532}
2026-09-12T13:15:37+02:00 HAL9000 kwin_wayland[3254]: KXLGEO1 {"k":"win","s":1,"id":"{80f62281-2f88-4a75-a243-dcee4db77d22}","cls":"org.kde.kwrite","caption":"kxl-last-20075.txt — KWrite","output":"DP-3","desktops":["b7798180-564c-4f75-ad4a-284026ac7a68"],"activities":["a89f5ec2-ab8e-4108-8088-7118500a3aab"],"onAllDesktops":false,"geo":{"x":0,"y":18,"w":1920,"h":1032,"exakt":true},"min":{"w":157,"h":150},"max":{"w":2147483647,"h":2147483647},"fullScreen":false,"minimized":true,"maximizeMode":0,"moveable":true,"resizeable":true,"move":false,"resize":false,"managed":true,"deleted":false,"normalWindow":true,"specialWindow":false,"popupWindow":false,"dialog":false,"utility":false,"splash":false,"dock":false,"transient":false,"modal":false,"transientFor":null,"r":1789211737042,"n":31,"ms":532}
2026-09-12T13:15:37+02:00 HAL9000 kwin_wayland[3254]: KXLGEO1 {"k":"win","s":1,"id":"{e16fc5c2-abee-4f1e-9a1e-0d152d350f79}","cls":"org.kde.kwrite","caption":"kxl-last-12869.txt — KWrite","output":"DP-3","desktops":["eb859906-5dd5-4314-92bc-4f3cc1582e4f"],"activities":["a89f5ec2-ab8e-4108-8088-7118500a3aab"],"onAllDesktops":false,"geo":{"x":1152,"y":0,"w":768,"h":1050,"exakt":true},"min":{"w":157,"h":150},"max":{"w":2147483647,"h":2147483647},"fullScreen":false,"minimized":false,"maximizeMode":0,"moveable":true,"resizeable":true,"move":false,"resize":false,"managed":true,"deleted":false,"normalWindow":true,"specialWindow":false,"popupWindow":false,"dialog":false,"utility":false,"splash":false,"dock":false,"transient":false,"modal":false,"transientFor":null,"r":1789211737042,"n":32,"ms":533}
2026-09-12T13:15:37+02:00 HAL9000 kwin_wayland[3254]: KXLGEO1 {"k":"win","s":1,"id":"{4e66eb17-8610-43bd-80ca-5d9c5ca0d871}","cls":"org.kde.kwrite","caption":"kxl-last-32235.txt — KWrite","output":"DP-3","desktops":["eb859906-5dd5-4314-92bc-4f3cc1582e4f"],"activities":["a89f5ec2-ab8e-4108-8088-7118500a3aab"],"onAllDesktops":false,"geo":{"x":0,"y":0,"w":1152,"h":1050,"exakt":true},"min":{"w":157,"h":150},"max":{"w":2147483647,"h":2147483647},"fullScreen":false,"minimized":false,"maximizeMode":0,"moveable":true,"resizeable":true,"move":false,"resize":false,"managed":true,"deleted":false,"normalWindow":true,"specialWindow":false,"popupWindow":false,"dialog":false,"utility":false,"splash":false,"dock":false,"transient":false,"modal":false,"transientFor":null,"r":1789211737042,"n":33,"ms":533}
2026-09-12T13:15:37+02:00 HAL9000 kwin_wayland[3254]: KXLGEO1 {"k":"win","s":1,"id":"{6eda6876-147a-4a02-9045-6f85b6ebfaeb}","cls":"plasmashell","caption":"<Titel entfernt>","output":"eDP-1","desktops":[],"activities":[],"onAllDesktops":true,"geo":{"x":1920,"y":0,"w":1280,"h":720,"exakt":true},"min":{"w":0,"h":0},"max":{"w":2147483647,"h":2147483647},"fullScreen":false,"minimized":false,"maximizeMode":0,"moveable":false,"resizeable":false,"move":false,"resize":false,"managed":true,"deleted":false,"normalWindow":false,"specialWindow":true,"popupWindow":false,"dialog":false,"utility":false,"splash":false,"dock":false,"transient":false,"modal":false,"transientFor":null,"r":1789211737042,"n":34,"ms":533}
2026-09-12T13:15:38+02:00 HAL9000 kwin_wayland[3254]: KXLGEO1 {"k":"view","s":2,"key":"a89f5ec2-ab8e-4108-8088-7118500a3aab|eb859906-5dd5-4314-92bc-4f3cc1582e4f|eDP-1","activity":"a89f5ec2-ab8e-4108-8088-7118500a3aab","desktop":"eb859906-5dd5-4314-92bc-4f3cc1582e4f","output":"eDP-1","area":{"x":1920,"y":0,"w":1280,"h":720,"exakt":true},"r":1789211737042,"n":35,"ms":1577}
2026-09-12T13:15:38+02:00 HAL9000 kwin_wayland[3254]: KXLGEO1 {"k":"view","s":2,"key":"a89f5ec2-ab8e-4108-8088-7118500a3aab|eb859906-5dd5-4314-92bc-4f3cc1582e4f|DP-3","activity":"a89f5ec2-ab8e-4108-8088-7118500a3aab","desktop":"eb859906-5dd5-4314-92bc-4f3cc1582e4f","output":"DP-3","area":{"x":0,"y":0,"w":1920,"h":1050,"exakt":true},"r":1789211737042,"n":36,"ms":1577}
2026-09-12T13:15:38+02:00 HAL9000 kwin_wayland[3254]: KXLGEO1 {"k":"active","s":2,"activeId":"{4e66eb17-8610-43bd-80ca-5d9c5ca0d871}","r":1789211737042,"n":37,"ms":1577}
2026-09-12T13:15:38+02:00 HAL9000 kwin_wayland[3254]: KXLGEO1 {"k":"win","s":2,"id":"{f403026b-f5d1-4d06-9dc6-e27caeb600ad}","cls":"plasmashell","caption":"<Titel entfernt>","output":"DP-3","desktops":[],"activities":[],"onAllDesktops":true,"geo":{"x":0,"y":0,"w":1920,"h":1080,"exakt":true},"min":{"w":0,"h":0},"max":{"w":2147483647,"h":2147483647},"fullScreen":false,"minimized":false,"maximizeMode":0,"moveable":false,"resizeable":false,"move":false,"resize":false,"managed":true,"deleted":false,"normalWindow":false,"specialWindow":true,"popupWindow":false,"dialog":false,"utility":false,"splash":false,"dock":false,"transient":false,"modal":false,"transientFor":null,"r":1789211737042,"n":38,"ms":1578}
2026-09-12T13:15:38+02:00 HAL9000 kwin_wayland[3254]: KXLGEO1 {"k":"win","s":2,"id":"{ec21bef1-b673-49b3-8924-0a25eed97369}","cls":"plasmashell","caption":"<Titel entfernt>","output":"DP-3","desktops":[],"activities":[],"onAllDesktops":true,"geo":{"x":0,"y":1050,"w":1920,"h":30,"exakt":true},"min":{"w":0,"h":0},"max":{"w":2147483647,"h":2147483647},"fullScreen":false,"minimized":false,"maximizeMode":0,"moveable":false,"resizeable":false,"move":false,"resize":false,"managed":true,"deleted":false,"normalWindow":false,"specialWindow":true,"popupWindow":false,"dialog":false,"utility":false,"splash":false,"dock":true,"transient":false,"modal":false,"transientFor":null,"r":1789211737042,"n":39,"ms":1578}
2026-09-12T13:15:38+02:00 HAL9000 kwin_wayland[3254]: KXLGEO1 {"k":"win","s":2,"id":"{00c4c9f1-166b-46da-94f9-bec977b8d871}","cls":"org.kde.kwrite","caption":"kxl-t1.txt — KWrite","output":"DP-3","desktops":["89539ae6-e06b-4c76-a057-95df959578a9"],"activities":["a89f5ec2-ab8e-4108-8088-7118500a3aab"],"onAllDesktops":false,"geo":{"x":1056,"y":525,"w":864,"h":210,"exakt":true},"min":{"w":157,"h":150},"max":{"w":2147483647,"h":2147483647},"fullScreen":false,"minimized":false,"maximizeMode":0,"moveable":true,"resizeable":true,"move":false,"resize":false,"managed":true,"deleted":false,"normalWindow":true,"specialWindow":false,"popupWindow":false,"dialog":false,"utility":false,"splash":false,"dock":false,"transient":false,"modal":false,"transientFor":null,"r":1789211737042,"n":40,"ms":1579}
2026-09-12T13:15:38+02:00 HAL9000 kwin_wayland[3254]: KXLGEO1 {"k":"win","s":2,"id":"{985f4025-239f-4476-bac9-fb20ef04f779}","cls":"org.kde.kwrite","caption":"kxl-a1.txt — KWrite","output":"DP-3","desktops":["89539ae6-e06b-4c76-a057-95df959578a9"],"activities":["a89f5ec2-ab8e-4108-8088-7118500a3aab"],"onAllDesktops":false,"geo":{"x":1056,"y":0,"w":864,"h":210,"exakt":true},"min":{"w":157,"h":150},"max":{"w":2147483647,"h":2147483647},"fullScreen":false,"minimized":false,"maximizeMode":0,"moveable":true,"resizeable":true,"move":false,"resize":false,"managed":true,"deleted":false,"normalWindow":true,"specialWindow":false,"popupWindow":false,"dialog":false,"utility":false,"splash":false,"dock":false,"transient":false,"modal":false,"transientFor":null,"r":1789211737042,"n":41,"ms":1579}
2026-09-12T13:15:38+02:00 HAL9000 kwin_wayland[3254]: KXLGEO1 {"k":"win","s":2,"id":"{61bf689b-2be6-4d6c-a26e-9fbc2d8049f6}","cls":"org.kde.kwrite","caption":"kxl-a2.txt — KWrite","output":"DP-3","desktops":["89539ae6-e06b-4c76-a057-95df959578a9"],"activities":["a89f5ec2-ab8e-4108-8088-7118500a3aab"],"onAllDesktops":false,"geo":{"x":1056,"y":420,"w":864,"h":210,"exakt":true},"min":{"w":157,"h":150},"max":{"w":2147483647,"h":2147483647},"fullScreen":false,"minimized":false,"maximizeMode":0,"moveable":true,"resizeable":true,"move":false,"resize":false,"managed":true,"deleted":false,"normalWindow":true,"specialWindow":false,"popupWindow":false,"dialog":false,"utility":false,"splash":false,"dock":false,"transient":false,"modal":false,"transientFor":null,"r":1789211737042,"n":42,"ms":1580}
2026-09-12T13:15:38+02:00 HAL9000 kwin_wayland[3254]: KXLGEO1 {"k":"win","s":2,"id":"{36d65b88-4f0f-41b7-b787-d35bf2e896be}","cls":"org.kde.kwrite","caption":"kxl-b1.txt — KWrite","output":"eDP-1","desktops":["89539ae6-e06b-4c76-a057-95df959578a9"],"activities":["a89f5ec2-ab8e-4108-8088-7118500a3aab"],"onAllDesktops":false,"geo":{"x":2752,"y":360,"w":448,"h":210,"exakt":false},"min":{"w":157,"h":150},"max":{"w":2147483647,"h":2147483647},"fullScreen":false,"minimized":false,"maximizeMode":0,"moveable":true,"resizeable":true,"move":false,"resize":false,"managed":true,"deleted":false,"normalWindow":true,"specialWindow":false,"popupWindow":false,"dialog":false,"utility":false,"splash":false,"dock":false,"transient":false,"modal":false,"transientFor":null,"r":1789211737042,"n":43,"ms":1581}
2026-09-12T13:15:38+02:00 HAL9000 kwin_wayland[3254]: KXLGEO1 {"k":"win","s":2,"id":"{eaa20b7a-b463-4058-9c8b-1956f3b68db3}","cls":"org.kde.kwrite","caption":"kxl-b2.txt — KWrite","output":"eDP-1","desktops":["89539ae6-e06b-4c76-a057-95df959578a9"],"activities":["a89f5ec2-ab8e-4108-8088-7118500a3aab"],"onAllDesktops":false,"geo":{"x":2752,"y":0,"w":448,"h":210,"exakt":false},"min":{"w":157,"h":150},"max":{"w":2147483647,"h":2147483647},"fullScreen":false,"minimized":false,"maximizeMode":0,"moveable":true,"resizeable":true,"move":false,"resize":false,"managed":true,"deleted":false,"normalWindow":true,"specialWindow":false,"popupWindow":false,"dialog":false,"utility":false,"splash":false,"dock":false,"transient":false,"modal":false,"transientFor":null,"r":1789211737042,"n":44,"ms":1581}
2026-09-12T13:15:38+02:00 HAL9000 kwin_wayland[3254]: KXLGEO1 {"k":"win","s":2,"id":"{40655bec-beca-427f-91c3-dd69d3ebfb1c}","cls":"org.kde.kwrite","caption":"kxl-b3.txt — KWrite","output":"eDP-1","desktops":["89539ae6-e06b-4c76-a057-95df959578a9"],"activities":["a89f5ec2-ab8e-4108-8088-7118500a3aab"],"onAllDesktops":false,"geo":{"x":1920,"y":0,"w":832,"h":720,"exakt":true},"min":{"w":157,"h":150},"max":{"w":2147483647,"h":2147483647},"fullScreen":false,"minimized":false,"maximizeMode":0,"moveable":true,"resizeable":true,"move":false,"resize":false,"managed":true,"deleted":false,"normalWindow":true,"specialWindow":false,"popupWindow":false,"dialog":false,"utility":false,"splash":false,"dock":false,"transient":false,"modal":false,"transientFor":null,"r":1789211737042,"n":45,"ms":1581}
2026-09-12T13:15:38+02:00 HAL9000 kwin_wayland[3254]: KXLGEO1 {"k":"win","s":2,"id":"{b0ac828b-7d0b-4881-8eba-aba34872aa76}","cls":"org.kde.dolphin","caption":"<Titel entfernt>","output":"DP-3","desktops":["b7798180-564c-4f75-ad4a-284026ac7a68"],"activities":["a89f5ec2-ab8e-4108-8088-7118500a3aab"],"onAllDesktops":false,"geo":{"x":0,"y":0,"w":1920,"h":1032,"exakt":true},"min":{"w":346,"h":314},"max":{"w":2147483647,"h":2147483647},"fullScreen":false,"minimized":false,"maximizeMode":3,"moveable":true,"resizeable":true,"move":false,"resize":false,"managed":true,"deleted":false,"normalWindow":true,"specialWindow":false,"popupWindow":false,"dialog":false,"utility":false,"splash":false,"dock":false,"transient":false,"modal":false,"transientFor":null,"r":1789211737042,"n":46,"ms":1581}
2026-09-12T13:15:38+02:00 HAL9000 kwin_wayland[3254]: KXLGEO1 {"k":"win","s":2,"id":"{ab0f184d-e112-4f18-9304-7bd616efe974}","cls":"org.kde.kwrite","caption":"kxl-last-13777.txt — KWrite","output":"DP-3","desktops":["b7798180-564c-4f75-ad4a-284026ac7a68"],"activities":["a89f5ec2-ab8e-4108-8088-7118500a3aab"],"onAllDesktops":false,"geo":{"x":620,"y":192,"w":1920,"h":1032,"exakt":false},"min":{"w":157,"h":150},"max":{"w":2147483647,"h":2147483647},"fullScreen":false,"minimized":false,"maximizeMode":0,"moveable":true,"resizeable":true,"move":false,"resize":false,"managed":true,"deleted":false,"normalWindow":true,"specialWindow":false,"popupWindow":false,"dialog":false,"utility":false,"splash":false,"dock":false,"transient":false,"modal":false,"transientFor":null,"r":1789211737042,"n":47,"ms":1581}
2026-09-12T13:15:38+02:00 HAL9000 kwin_wayland[3254]: KXLGEO1 {"k":"win","s":2,"id":"{80f62281-2f88-4a75-a243-dcee4db77d22}","cls":"org.kde.kwrite","caption":"kxl-last-20075.txt — KWrite","output":"DP-3","desktops":["b7798180-564c-4f75-ad4a-284026ac7a68"],"activities":["a89f5ec2-ab8e-4108-8088-7118500a3aab"],"onAllDesktops":false,"geo":{"x":0,"y":18,"w":1920,"h":1032,"exakt":true},"min":{"w":157,"h":150},"max":{"w":2147483647,"h":2147483647},"fullScreen":false,"minimized":true,"maximizeMode":0,"moveable":true,"resizeable":true,"move":false,"resize":false,"managed":true,"deleted":false,"normalWindow":true,"specialWindow":false,"popupWindow":false,"dialog":false,"utility":false,"splash":false,"dock":false,"transient":false,"modal":false,"transientFor":null,"r":1789211737042,"n":48,"ms":1581}
2026-09-12T13:15:38+02:00 HAL9000 kwin_wayland[3254]: KXLGEO1 {"k":"win","s":2,"id":"{e16fc5c2-abee-4f1e-9a1e-0d152d350f79}","cls":"org.kde.kwrite","caption":"kxl-last-12869.txt — KWrite","output":"DP-3","desktops":["eb859906-5dd5-4314-92bc-4f3cc1582e4f"],"activities":["a89f5ec2-ab8e-4108-8088-7118500a3aab"],"onAllDesktops":false,"geo":{"x":1152,"y":0,"w":768,"h":1050,"exakt":true},"min":{"w":157,"h":150},"max":{"w":2147483647,"h":2147483647},"fullScreen":false,"minimized":false,"maximizeMode":0,"moveable":true,"resizeable":true,"move":false,"resize":false,"managed":true,"deleted":false,"normalWindow":true,"specialWindow":false,"popupWindow":false,"dialog":false,"utility":false,"splash":false,"dock":false,"transient":false,"modal":false,"transientFor":null,"r":1789211737042,"n":49,"ms":1581}
2026-09-12T13:15:38+02:00 HAL9000 kwin_wayland[3254]: KXLGEO1 {"k":"win","s":2,"id":"{4e66eb17-8610-43bd-80ca-5d9c5ca0d871}","cls":"org.kde.kwrite","caption":"kxl-last-32235.txt — KWrite","output":"DP-3","desktops":["eb859906-5dd5-4314-92bc-4f3cc1582e4f"],"activities":["a89f5ec2-ab8e-4108-8088-7118500a3aab"],"onAllDesktops":false,"geo":{"x":0,"y":0,"w":1152,"h":1050,"exakt":true},"min":{"w":157,"h":150},"max":{"w":2147483647,"h":2147483647},"fullScreen":false,"minimized":false,"maximizeMode":0,"moveable":true,"resizeable":true,"move":false,"resize":false,"managed":true,"deleted":false,"normalWindow":true,"specialWindow":false,"popupWindow":false,"dialog":false,"utility":false,"splash":false,"dock":false,"transient":false,"modal":false,"transientFor":null,"r":1789211737042,"n":50,"ms":1582}
2026-09-12T13:15:38+02:00 HAL9000 kwin_wayland[3254]: KXLGEO1 {"k":"win","s":2,"id":"{6eda6876-147a-4a02-9045-6f85b6ebfaeb}","cls":"plasmashell","caption":"<Titel entfernt>","output":"eDP-1","desktops":[],"activities":[],"onAllDesktops":true,"geo":{"x":1920,"y":0,"w":1280,"h":720,"exakt":true},"min":{"w":0,"h":0},"max":{"w":2147483647,"h":2147483647},"fullScreen":false,"minimized":false,"maximizeMode":0,"moveable":false,"resizeable":false,"move":false,"resize":false,"managed":true,"deleted":false,"normalWindow":false,"specialWindow":true,"popupWindow":false,"dialog":false,"utility":false,"splash":false,"dock":false,"transient":false,"modal":false,"transientFor":null,"r":1789211737042,"n":51,"ms":1582}
2026-09-12T13:15:40+02:00 HAL9000 kwin_wayland[3254]: KXLGEO1 {"k":"view","s":3,"key":"a89f5ec2-ab8e-4108-8088-7118500a3aab|eb859906-5dd5-4314-92bc-4f3cc1582e4f|eDP-1","activity":"a89f5ec2-ab8e-4108-8088-7118500a3aab","desktop":"eb859906-5dd5-4314-92bc-4f3cc1582e4f","output":"eDP-1","area":{"x":1920,"y":0,"w":1280,"h":720,"exakt":true},"r":1789211737042,"n":52,"ms":3152}
2026-09-12T13:15:40+02:00 HAL9000 kwin_wayland[3254]: KXLGEO1 {"k":"view","s":3,"key":"a89f5ec2-ab8e-4108-8088-7118500a3aab|eb859906-5dd5-4314-92bc-4f3cc1582e4f|DP-3","activity":"a89f5ec2-ab8e-4108-8088-7118500a3aab","desktop":"eb859906-5dd5-4314-92bc-4f3cc1582e4f","output":"DP-3","area":{"x":0,"y":0,"w":1920,"h":1050,"exakt":true},"r":1789211737042,"n":53,"ms":3152}
2026-09-12T13:15:40+02:00 HAL9000 kwin_wayland[3254]: KXLGEO1 {"k":"active","s":3,"activeId":"{4e66eb17-8610-43bd-80ca-5d9c5ca0d871}","r":1789211737042,"n":54,"ms":3152}
2026-09-12T13:15:40+02:00 HAL9000 kwin_wayland[3254]: KXLGEO1 {"k":"win","s":3,"id":"{f403026b-f5d1-4d06-9dc6-e27caeb600ad}","cls":"plasmashell","caption":"<Titel entfernt>","output":"DP-3","desktops":[],"activities":[],"onAllDesktops":true,"geo":{"x":0,"y":0,"w":1920,"h":1080,"exakt":true},"min":{"w":0,"h":0},"max":{"w":2147483647,"h":2147483647},"fullScreen":false,"minimized":false,"maximizeMode":0,"moveable":false,"resizeable":false,"move":false,"resize":false,"managed":true,"deleted":false,"normalWindow":false,"specialWindow":true,"popupWindow":false,"dialog":false,"utility":false,"splash":false,"dock":false,"transient":false,"modal":false,"transientFor":null,"r":1789211737042,"n":55,"ms":3153}
2026-09-12T13:15:40+02:00 HAL9000 kwin_wayland[3254]: KXLGEO1 {"k":"win","s":3,"id":"{ec21bef1-b673-49b3-8924-0a25eed97369}","cls":"plasmashell","caption":"<Titel entfernt>","output":"DP-3","desktops":[],"activities":[],"onAllDesktops":true,"geo":{"x":0,"y":1050,"w":1920,"h":30,"exakt":true},"min":{"w":0,"h":0},"max":{"w":2147483647,"h":2147483647},"fullScreen":false,"minimized":false,"maximizeMode":0,"moveable":false,"resizeable":false,"move":false,"resize":false,"managed":true,"deleted":false,"normalWindow":false,"specialWindow":true,"popupWindow":false,"dialog":false,"utility":false,"splash":false,"dock":true,"transient":false,"modal":false,"transientFor":null,"r":1789211737042,"n":56,"ms":3153}
2026-09-12T13:15:40+02:00 HAL9000 kwin_wayland[3254]: KXLGEO1 {"k":"win","s":3,"id":"{00c4c9f1-166b-46da-94f9-bec977b8d871}","cls":"org.kde.kwrite","caption":"kxl-t1.txt — KWrite","output":"DP-3","desktops":["89539ae6-e06b-4c76-a057-95df959578a9"],"activities":["a89f5ec2-ab8e-4108-8088-7118500a3aab"],"onAllDesktops":false,"geo":{"x":1056,"y":525,"w":864,"h":210,"exakt":true},"min":{"w":157,"h":150},"max":{"w":2147483647,"h":2147483647},"fullScreen":false,"minimized":false,"maximizeMode":0,"moveable":true,"resizeable":true,"move":false,"resize":false,"managed":true,"deleted":false,"normalWindow":true,"specialWindow":false,"popupWindow":false,"dialog":false,"utility":false,"splash":false,"dock":false,"transient":false,"modal":false,"transientFor":null,"r":1789211737042,"n":57,"ms":3154}
2026-09-12T13:15:40+02:00 HAL9000 kwin_wayland[3254]: KXLGEO1 {"k":"win","s":3,"id":"{985f4025-239f-4476-bac9-fb20ef04f779}","cls":"org.kde.kwrite","caption":"kxl-a1.txt — KWrite","output":"DP-3","desktops":["89539ae6-e06b-4c76-a057-95df959578a9"],"activities":["a89f5ec2-ab8e-4108-8088-7118500a3aab"],"onAllDesktops":false,"geo":{"x":1056,"y":0,"w":864,"h":210,"exakt":true},"min":{"w":157,"h":150},"max":{"w":2147483647,"h":2147483647},"fullScreen":false,"minimized":false,"maximizeMode":0,"moveable":true,"resizeable":true,"move":false,"resize":false,"managed":true,"deleted":false,"normalWindow":true,"specialWindow":false,"popupWindow":false,"dialog":false,"utility":false,"splash":false,"dock":false,"transient":false,"modal":false,"transientFor":null,"r":1789211737042,"n":58,"ms":3154}
2026-09-12T13:15:40+02:00 HAL9000 kwin_wayland[3254]: KXLGEO1 {"k":"win","s":3,"id":"{61bf689b-2be6-4d6c-a26e-9fbc2d8049f6}","cls":"org.kde.kwrite","caption":"kxl-a2.txt — KWrite","output":"DP-3","desktops":["89539ae6-e06b-4c76-a057-95df959578a9"],"activities":["a89f5ec2-ab8e-4108-8088-7118500a3aab"],"onAllDesktops":false,"geo":{"x":1056,"y":420,"w":864,"h":210,"exakt":true},"min":{"w":157,"h":150},"max":{"w":2147483647,"h":2147483647},"fullScreen":false,"minimized":false,"maximizeMode":0,"moveable":true,"resizeable":true,"move":false,"resize":false,"managed":true,"deleted":false,"normalWindow":true,"specialWindow":false,"popupWindow":false,"dialog":false,"utility":false,"splash":false,"dock":false,"transient":false,"modal":false,"transientFor":null,"r":1789211737042,"n":59,"ms":3154}
2026-09-12T13:15:40+02:00 HAL9000 kwin_wayland[3254]: KXLGEO1 {"k":"win","s":3,"id":"{36d65b88-4f0f-41b7-b787-d35bf2e896be}","cls":"org.kde.kwrite","caption":"kxl-b1.txt — KWrite","output":"eDP-1","desktops":["89539ae6-e06b-4c76-a057-95df959578a9"],"activities":["a89f5ec2-ab8e-4108-8088-7118500a3aab"],"onAllDesktops":false,"geo":{"x":2752,"y":360,"w":448,"h":210,"exakt":false},"min":{"w":157,"h":150},"max":{"w":2147483647,"h":2147483647},"fullScreen":false,"minimized":false,"maximizeMode":0,"moveable":true,"resizeable":true,"move":false,"resize":false,"managed":true,"deleted":false,"normalWindow":true,"specialWindow":false,"popupWindow":false,"dialog":false,"utility":false,"splash":false,"dock":false,"transient":false,"modal":false,"transientFor":null,"r":1789211737042,"n":60,"ms":3155}
2026-09-12T13:15:40+02:00 HAL9000 kwin_wayland[3254]: KXLGEO1 {"k":"win","s":3,"id":"{eaa20b7a-b463-4058-9c8b-1956f3b68db3}","cls":"org.kde.kwrite","caption":"kxl-b2.txt — KWrite","output":"eDP-1","desktops":["89539ae6-e06b-4c76-a057-95df959578a9"],"activities":["a89f5ec2-ab8e-4108-8088-7118500a3aab"],"onAllDesktops":false,"geo":{"x":2752,"y":0,"w":448,"h":210,"exakt":false},"min":{"w":157,"h":150},"max":{"w":2147483647,"h":2147483647},"fullScreen":false,"minimized":false,"maximizeMode":0,"moveable":true,"resizeable":true,"move":false,"resize":false,"managed":true,"deleted":false,"normalWindow":true,"specialWindow":false,"popupWindow":false,"dialog":false,"utility":false,"splash":false,"dock":false,"transient":false,"modal":false,"transientFor":null,"r":1789211737042,"n":61,"ms":3155}
2026-09-12T13:15:40+02:00 HAL9000 kwin_wayland[3254]: KXLGEO1 {"k":"win","s":3,"id":"{40655bec-beca-427f-91c3-dd69d3ebfb1c}","cls":"org.kde.kwrite","caption":"kxl-b3.txt — KWrite","output":"eDP-1","desktops":["89539ae6-e06b-4c76-a057-95df959578a9"],"activities":["a89f5ec2-ab8e-4108-8088-7118500a3aab"],"onAllDesktops":false,"geo":{"x":1920,"y":0,"w":832,"h":720,"exakt":true},"min":{"w":157,"h":150},"max":{"w":2147483647,"h":2147483647},"fullScreen":false,"minimized":false,"maximizeMode":0,"moveable":true,"resizeable":true,"move":false,"resize":false,"managed":true,"deleted":false,"normalWindow":true,"specialWindow":false,"popupWindow":false,"dialog":false,"utility":false,"splash":false,"dock":false,"transient":false,"modal":false,"transientFor":null,"r":1789211737042,"n":62,"ms":3155}
2026-09-12T13:15:40+02:00 HAL9000 kwin_wayland[3254]: KXLGEO1 {"k":"win","s":3,"id":"{b0ac828b-7d0b-4881-8eba-aba34872aa76}","cls":"org.kde.dolphin","caption":"<Titel entfernt>","output":"DP-3","desktops":["b7798180-564c-4f75-ad4a-284026ac7a68"],"activities":["a89f5ec2-ab8e-4108-8088-7118500a3aab"],"onAllDesktops":false,"geo":{"x":0,"y":0,"w":1920,"h":1032,"exakt":true},"min":{"w":346,"h":314},"max":{"w":2147483647,"h":2147483647},"fullScreen":false,"minimized":false,"maximizeMode":3,"moveable":true,"resizeable":true,"move":false,"resize":false,"managed":true,"deleted":false,"normalWindow":true,"specialWindow":false,"popupWindow":false,"dialog":false,"utility":false,"splash":false,"dock":false,"transient":false,"modal":false,"transientFor":null,"r":1789211737042,"n":63,"ms":3156}
2026-09-12T13:15:40+02:00 HAL9000 kwin_wayland[3254]: KXLGEO1 {"k":"win","s":3,"id":"{ab0f184d-e112-4f18-9304-7bd616efe974}","cls":"org.kde.kwrite","caption":"kxl-last-13777.txt — KWrite","output":"DP-3","desktops":["b7798180-564c-4f75-ad4a-284026ac7a68"],"activities":["a89f5ec2-ab8e-4108-8088-7118500a3aab"],"onAllDesktops":false,"geo":{"x":620,"y":192,"w":1920,"h":1032,"exakt":false},"min":{"w":157,"h":150},"max":{"w":2147483647,"h":2147483647},"fullScreen":false,"minimized":false,"maximizeMode":0,"moveable":true,"resizeable":true,"move":false,"resize":false,"managed":true,"deleted":false,"normalWindow":true,"specialWindow":false,"popupWindow":false,"dialog":false,"utility":false,"splash":false,"dock":false,"transient":false,"modal":false,"transientFor":null,"r":1789211737042,"n":64,"ms":3156}
2026-09-12T13:15:40+02:00 HAL9000 kwin_wayland[3254]: KXLGEO1 {"k":"win","s":3,"id":"{80f62281-2f88-4a75-a243-dcee4db77d22}","cls":"org.kde.kwrite","caption":"kxl-last-20075.txt — KWrite","output":"DP-3","desktops":["b7798180-564c-4f75-ad4a-284026ac7a68"],"activities":["a89f5ec2-ab8e-4108-8088-7118500a3aab"],"onAllDesktops":false,"geo":{"x":0,"y":18,"w":1920,"h":1032,"exakt":true},"min":{"w":157,"h":150},"max":{"w":2147483647,"h":2147483647},"fullScreen":false,"minimized":true,"maximizeMode":0,"moveable":true,"resizeable":true,"move":false,"resize":false,"managed":true,"deleted":false,"normalWindow":true,"specialWindow":false,"popupWindow":false,"dialog":false,"utility":false,"splash":false,"dock":false,"transient":false,"modal":false,"transientFor":null,"r":1789211737042,"n":65,"ms":3156}
2026-09-12T13:15:40+02:00 HAL9000 kwin_wayland[3254]: KXLGEO1 {"k":"win","s":3,"id":"{e16fc5c2-abee-4f1e-9a1e-0d152d350f79}","cls":"org.kde.kwrite","caption":"kxl-last-12869.txt — KWrite","output":"DP-3","desktops":["eb859906-5dd5-4314-92bc-4f3cc1582e4f"],"activities":["a89f5ec2-ab8e-4108-8088-7118500a3aab"],"onAllDesktops":false,"geo":{"x":1152,"y":0,"w":768,"h":1050,"exakt":true},"min":{"w":157,"h":150},"max":{"w":2147483647,"h":2147483647},"fullScreen":false,"minimized":false,"maximizeMode":0,"moveable":true,"resizeable":true,"move":false,"resize":false,"managed":true,"deleted":false,"normalWindow":true,"specialWindow":false,"popupWindow":false,"dialog":false,"utility":false,"splash":false,"dock":false,"transient":false,"modal":false,"transientFor":null,"r":1789211737042,"n":66,"ms":3157}
2026-09-12T13:15:40+02:00 HAL9000 kwin_wayland[3254]: KXLGEO1 {"k":"win","s":3,"id":"{4e66eb17-8610-43bd-80ca-5d9c5ca0d871}","cls":"org.kde.kwrite","caption":"kxl-last-32235.txt — KWrite","output":"DP-3","desktops":["eb859906-5dd5-4314-92bc-4f3cc1582e4f"],"activities":["a89f5ec2-ab8e-4108-8088-7118500a3aab"],"onAllDesktops":false,"geo":{"x":0,"y":0,"w":1152,"h":1050,"exakt":true},"min":{"w":157,"h":150},"max":{"w":2147483647,"h":2147483647},"fullScreen":false,"minimized":false,"maximizeMode":0,"moveable":true,"resizeable":true,"move":false,"resize":false,"managed":true,"deleted":false,"normalWindow":true,"specialWindow":false,"popupWindow":false,"dialog":false,"utility":false,"splash":false,"dock":false,"transient":false,"modal":false,"transientFor":null,"r":1789211737042,"n":67,"ms":3157}
2026-09-12T13:15:40+02:00 HAL9000 kwin_wayland[3254]: KXLGEO1 {"k":"win","s":3,"id":"{6eda6876-147a-4a02-9045-6f85b6ebfaeb}","cls":"plasmashell","caption":"<Titel entfernt>","output":"eDP-1","desktops":[],"activities":[],"onAllDesktops":true,"geo":{"x":1920,"y":0,"w":1280,"h":720,"exakt":true},"min":{"w":0,"h":0},"max":{"w":2147483647,"h":2147483647},"fullScreen":false,"minimized":false,"maximizeMode":0,"moveable":false,"resizeable":false,"move":false,"resize":false,"managed":true,"deleted":false,"normalWindow":false,"specialWindow":true,"popupWindow":false,"dialog":false,"utility":false,"splash":false,"dock":false,"transient":false,"modal":false,"transientFor":null,"r":1789211737042,"n":68,"ms":3157}
2026-09-12T13:15:40+02:00 HAL9000 kwin_wayland[3254]: KXLGEO1 {"k":"end","st":"ok","total":69,"samples":4,"fehler":0,"timer_aktiv":0,"r":1789211737042,"n":69,"ms":3158}
