2026-09-06T18:31:28+02:00 HAL9000 kwin_wayland_wrapper[49086]: ATTENTION: default value of option vblank_mode overridden by environment.
2026-09-06T18:31:28+02:00 HAL9000 kwin_wayland_wrapper[49086]: ATTENTION: default value of option vblank_mode overridden by environment.
2026-09-06T18:31:29+02:00 HAL9000 kwin_wayland[49086]: No backend specified, automatically choosing drm
2026-09-06T18:31:29+02:00 HAL9000 kwin_wayland_wrapper[49086]: ATTENTION: default value of option vblank_mode overridden by environment.
2026-09-06T18:31:29+02:00 HAL9000 kwin_wayland[49086]: XKB: [XKB-183] Couldn't find an automatic type for key '<BKSP>' group 1 with 5 levels; Using the default type
2026-09-06T18:31:30+02:00 HAL9000 kwin_wayland[49086]: kwin-xmonad-lite: geladen, Version 0.0.0
2026-09-06T18:31:30+02:00 HAL9000 kwin_wayland[49086]: qmlRegisterType requires absolute URLs.
2026-09-06T18:31:30+02:00 HAL9000 kwin_wayland[49086]: qmlRegisterType requires absolute URLs.
2026-09-06T18:31:30+02:00 HAL9000 kwin_wayland[49086]: qmlRegisterType requires absolute URLs.
2026-09-06T18:31:30+02:00 HAL9000 kwin_wayland[49086]: qmlRegisterType requires absolute URLs.
2026-09-06T18:31:30+02:00 HAL9000 kwin_wayland[49086]: qmlRegisterType requires absolute URLs.
2026-09-06T18:31:30+02:00 HAL9000 kwin_wayland[49086]: qmlRegisterType requires absolute URLs.
2026-09-06T18:31:30+02:00 HAL9000 kwin_wayland[49086]: qmlRegisterType requires absolute URLs.
2026-09-06T18:31:30+02:00 HAL9000 kwin_wayland[49086]: qmlRegisterType requires absolute URLs.
2026-09-06T18:31:30+02:00 HAL9000 kwin_wayland[49086]: qmlRegisterType requires absolute URLs.
2026-09-06T18:31:30+02:00 HAL9000 kwin_wayland[49086]: qmlRegisterType requires absolute URLs.
2026-09-06T18:31:30+02:00 HAL9000 kwin_wayland[49086]: qmlRegisterType requires absolute URLs.
2026-09-06T18:31:30+02:00 HAL9000 kwin_wayland[49086]: qmlRegisterType requires absolute URLs.
2026-09-06T18:31:30+02:00 HAL9000 kwin_wayland[49086]: qmlRegisterType requires absolute URLs.
2026-09-06T18:31:30+02:00 HAL9000 kwin_wayland[49086]: qmlRegisterType requires absolute URLs.
2026-09-06T18:31:30+02:00 HAL9000 kwin_wayland[49086]: qmlRegisterType requires absolute URLs.
2026-09-06T18:31:30+02:00 HAL9000 kwin_wayland[49086]: qmlRegisterType requires absolute URLs.
2026-09-06T18:31:30+02:00 HAL9000 kwin_wayland[49086]: qmlRegisterType requires absolute URLs.
2026-09-06T18:31:30+02:00 HAL9000 kwin_wayland[49086]: qmlRegisterType requires absolute URLs.
2026-09-06T18:31:30+02:00 HAL9000 kwin_wayland[49086]: qmlRegisterType requires absolute URLs.
2026-09-06T18:31:30+02:00 HAL9000 kwin_wayland[49086]: qmlRegisterType requires absolute URLs.
2026-09-06T18:31:30+02:00 HAL9000 kwin_wayland[49086]: qmlRegisterType requires absolute URLs.
2026-09-06T18:31:30+02:00 HAL9000 kwin_wayland[49086]: qmlRegisterType requires absolute URLs.
2026-09-06T18:31:30+02:00 HAL9000 kwin_wayland[49086]: qmlRegisterType requires absolute URLs.
2026-09-06T18:31:30+02:00 HAL9000 kwin_wayland[49086]: qmlRegisterType requires absolute URLs.
2026-09-06T18:31:30+02:00 HAL9000 kwin_wayland[49086]: qmlRegisterType requires absolute URLs.
2026-09-06T18:31:30+02:00 HAL9000 kwin_wayland[49086]: qmlRegisterType requires absolute URLs.
2026-09-06T18:31:30+02:00 HAL9000 kwin_wayland[49086]: qmlRegisterType requires absolute URLs.
2026-09-06T18:31:30+02:00 HAL9000 kwin_wayland[49086]: qmlRegisterType requires absolute URLs.
2026-09-06T18:31:30+02:00 HAL9000 kwin_wayland[49086]: qmlRegisterType requires absolute URLs.
2026-09-06T18:31:30+02:00 HAL9000 kwin_wayland[49086]: qmlRegisterType requires absolute URLs.
2026-09-06T18:31:30+02:00 HAL9000 kwin_wayland[49086]: qmlRegisterType requires absolute URLs.
2026-09-06T18:31:30+02:00 HAL9000 kwin_wayland[49086]: qmlRegisterType requires absolute URLs.
2026-09-06T18:31:30+02:00 HAL9000 kwin_wayland[49086]: qmlRegisterType requires absolute URLs.
2026-09-06T18:31:30+02:00 HAL9000 kwin_wayland[49086]: qmlRegisterType requires absolute URLs.
2026-09-06T18:31:30+02:00 HAL9000 kwin_wayland[49086]: qmlRegisterType requires absolute URLs.
2026-09-06T18:31:30+02:00 HAL9000 kwin_wayland[49086]: qmlRegisterType requires absolute URLs.
2026-09-06T18:31:30+02:00 HAL9000 kwin_wayland[49086]: qmlRegisterType requires absolute URLs.
2026-09-06T18:31:30+02:00 HAL9000 kwin_wayland[49086]: qmlRegisterType requires absolute URLs.
2026-09-06T18:31:30+02:00 HAL9000 kwin_wayland[49086]: qmlRegisterType requires absolute URLs.
2026-09-06T18:31:30+02:00 HAL9000 kwin_wayland[49086]: qmlRegisterType requires absolute URLs.
2026-09-06T18:31:30+02:00 HAL9000 kwin_wayland_wrapper[49231]: ATTENTION: default value of option vblank_mode overridden by environment.
2026-09-06T18:31:30+02:00 HAL9000 kwin_wayland_wrapper[49251]: The XKEYBOARD keymap compiler (xkbcomp) reports:
2026-09-06T18:31:30+02:00 HAL9000 kwin_wayland_wrapper[49251]: > Warning:          Multiple symbols for level 1/group 1 on key <FK23>
2026-09-06T18:31:30+02:00 HAL9000 kwin_wayland_wrapper[49251]: >                   Using F23, ignoring XF86TouchpadOff
2026-09-06T18:31:30+02:00 HAL9000 kwin_wayland_wrapper[49251]: > Warning:          Symbol map for key <FK23> redefined
2026-09-06T18:31:30+02:00 HAL9000 kwin_wayland_wrapper[49251]: >                   Using last definition for conflicting fields
2026-09-06T18:31:30+02:00 HAL9000 kwin_wayland_wrapper[49251]: > Warning:          Symbol map for key <FK24> redefined
2026-09-06T18:31:30+02:00 HAL9000 kwin_wayland_wrapper[49251]: >                   Using last definition for conflicting fields
2026-09-06T18:31:30+02:00 HAL9000 kwin_wayland_wrapper[49251]: > Warning:          Could not resolve keysym XF86ElectronicPrivacyScreenOn
2026-09-06T18:31:30+02:00 HAL9000 kwin_wayland_wrapper[49251]: > Warning:          Could not resolve keysym XF86ElectronicPrivacyScreenOff
2026-09-06T18:31:30+02:00 HAL9000 kwin_wayland_wrapper[49251]: > Warning:          Could not resolve keysym XF86ActionOnSelection
2026-09-06T18:31:30+02:00 HAL9000 kwin_wayland_wrapper[49251]: > Warning:          Could not resolve keysym XF86ContextualInsert
2026-09-06T18:31:30+02:00 HAL9000 kwin_wayland_wrapper[49251]: > Warning:          Could not resolve keysym XF86ContextualQuery
2026-09-06T18:31:30+02:00 HAL9000 kwin_wayland_wrapper[49251]: Errors from xkbcomp are not fatal to the X server
2026-09-06T18:31:30+02:00 HAL9000 kwin_wayland_wrapper[49254]: The XKEYBOARD keymap compiler (xkbcomp) reports:
2026-09-06T18:31:30+02:00 HAL9000 kwin_wayland_wrapper[49254]: > Warning:          Unsupported maximum keycode 709, clipping.
2026-09-06T18:31:30+02:00 HAL9000 kwin_wayland_wrapper[49254]: >                   X11 cannot support keycodes above 255.
2026-09-06T18:31:30+02:00 HAL9000 kwin_wayland_wrapper[49254]: > Warning:          Virtual modifier LevelFive multiply defined
2026-09-06T18:31:30+02:00 HAL9000 kwin_wayland_wrapper[49254]: >                   Using 0, ignoring 0
2026-09-06T18:31:30+02:00 HAL9000 kwin_wayland_wrapper[49254]: > Warning:          Virtual modifier ScrollLock multiply defined
2026-09-06T18:31:30+02:00 HAL9000 kwin_wayland_wrapper[49254]: >                   Using 0, ignoring 0
2026-09-06T18:31:30+02:00 HAL9000 kwin_wayland_wrapper[49254]: Errors from xkbcomp are not fatal to the X server
2026-09-06T18:31:32+02:00 HAL9000 kwin_wayland[49086]: kwin-xmonad-lite: Activities nach 20 Versuchen nicht bereit, starte trotzdem
2026-09-06T18:31:32+02:00 HAL9000 kwin_wayland[49086]: kwin-xmonad-lite: config gaps=0/0 ratio=0.65 layout=0 excludes=7 debug=true
2026-09-06T18:31:32+02:00 HAL9000 kwin_wayland[49086]: kwin-xmonad-lite: config excludes=kded6,krunner,plasmashell,polkit-kde-authentication-agent-1,steam_app_default,xwaylandvideobridge,yakuake
2026-09-06T18:31:32+02:00 HAL9000 kwin_wayland[49086]: kwin-xmonad-lite: shortcuts n=12
2026-09-06T18:31:32+02:00 HAL9000 kwin_wayland[49086]: kwin-xmonad-lite: bereit perOutputDesktops=false
2026-09-06T18:31:32+02:00 HAL9000 kwin_wayland[49086]: kwin-xmonad-lite: arrange #1 grund=start surfaces=1 mitglieder=1 teilnehmer=0
2026-09-06T18:31:32+02:00 HAL9000 kwin_wayland[49086]: kwin-xmonad-lite: surface |89539ae6-e06b-4c76-a057-95df959578a9|DP-3 layout=tall n=0 ratio=0.65 fläche=1920x1080+0+0
2026-09-06T18:31:32+02:00 HAL9000 kwin_wayland[49086]: kwin-xmonad-lite: diagnose |89539ae6-e06b-4c76-a057-95df959578a9|DP-3 order={5cf56e81-3e4f-4406-ab21-ffa1a3c8a9e2} teilnehmer= float=
2026-09-06T18:31:33+02:00 HAL9000 kwin_wayland[49086]: kwin-xmonad-lite: gc #2 fenster=0 surfaces=1
2026-09-06T18:31:33+02:00 HAL9000 kwin_wayland[49086]: kwin-xmonad-lite: surface entfernt |89539ae6-e06b-4c76-a057-95df959578a9|DP-3
2026-09-06T18:31:33+02:00 HAL9000 kwin_wayland[49086]: kwin-xmonad-lite: arrange #2 grund=activityChanged surfaces=1 mitglieder=1 teilnehmer=0
2026-09-06T18:31:33+02:00 HAL9000 kwin_wayland[49086]: kwin-xmonad-lite: surface a89f5ec2-ab8e-4108-8088-7118500a3aab|89539ae6-e06b-4c76-a057-95df959578a9|DP-3 layout=tall n=0 ratio=0.65 fläche=1920x1080+0+0
2026-09-06T18:31:33+02:00 HAL9000 kwin_wayland[49086]: kwin-xmonad-lite: diagnose a89f5ec2-ab8e-4108-8088-7118500a3aab|89539ae6-e06b-4c76-a057-95df959578a9|DP-3 order={5cf56e81-3e4f-4406-ab21-ffa1a3c8a9e2} teilnehmer= float=
2026-09-06T18:31:34+02:00 HAL9000 kwin_wayland[49086]: kwin-xmonad-lite: arrange #3 grund=windowAdded surfaces=1 mitglieder=1 teilnehmer=0
2026-09-06T18:31:34+02:00 HAL9000 kwin_wayland[49086]: kwin-xmonad-lite: surface a89f5ec2-ab8e-4108-8088-7118500a3aab|89539ae6-e06b-4c76-a057-95df959578a9|DP-3 layout=tall n=0 ratio=0.65 fläche=1920x1080+0+0
2026-09-06T18:31:34+02:00 HAL9000 kwin_wayland[49086]: kwin-xmonad-lite: diagnose a89f5ec2-ab8e-4108-8088-7118500a3aab|89539ae6-e06b-4c76-a057-95df959578a9|DP-3 order={5cf56e81-3e4f-4406-ab21-ffa1a3c8a9e2} teilnehmer= float=
2026-09-06T18:31:34+02:00 HAL9000 kwin_wayland[49086]: kwin-xmonad-lite: gc #4 fenster=1 surfaces=0
2026-09-06T18:31:34+02:00 HAL9000 kwin_wayland[49086]: kwin-xmonad-lite: arrange #4 grund=closed,windowActivated,windowRemoved surfaces=1 mitglieder=0 teilnehmer=0
2026-09-06T18:31:35+02:00 HAL9000 kwin_wayland[49086]: kwin-xmonad-lite: arrange #5 grund=windowActivated,windowAdded surfaces=1 mitglieder=0 teilnehmer=0
2026-09-06T18:31:35+02:00 HAL9000 kwin_wayland[49086]: kwin-xmonad-lite: arrange #6 grund=screensChanged surfaces=1 mitglieder=0 teilnehmer=0
2026-09-06T18:31:36+02:00 HAL9000 kwin_wayland[49086]: kwin-xmonad-lite: arrange #7 grund=nachlauf500:screensChanged surfaces=1 mitglieder=0 teilnehmer=0
2026-09-06T18:31:36+02:00 HAL9000 kwin_wayland[49086]: kwin-xmonad-lite: arrange #8 grund=nachlauf1500:screensChanged surfaces=1 mitglieder=0 teilnehmer=0
2026-09-06T18:31:39+02:00 HAL9000 kwin_wayland[49086]: kwin-xmonad-lite: arrange #9 grund=closed,windowActivated,windowRemoved surfaces=1 mitglieder=0 teilnehmer=0
2026-09-06T18:31:41+02:00 HAL9000 kwin_wayland[49086]: kwin-xmonad-lite: dockHinzugefügt {601ada54-23c8-4db2-973b-97cbc0619b0f}
2026-09-06T18:31:41+02:00 HAL9000 kwin_wayland[49086]: kwin-xmonad-lite: arrange #10 grund=windowAdded surfaces=1 mitglieder=0 teilnehmer=0
2026-09-06T18:31:42+02:00 HAL9000 kwin_wayland[49086]: kwin-xmonad-lite: arrange #11 grund=nachlauf500:dockHinzugefügt surfaces=1 mitglieder=0 teilnehmer=0
2026-09-06T18:31:42+02:00 HAL9000 kwin_wayland[49086]: kwin-xmonad-lite: arrange #12 grund=nachlauf1500:dockHinzugefügt surfaces=1 mitglieder=0 teilnehmer=0
2026-09-06T18:32:27+02:00 HAL9000 kwin_wayland[49086]: kwin-xmonad-lite: arrange #13 grund=windowAdded surfaces=1 mitglieder=0 teilnehmer=0
2026-09-06T18:32:32+02:00 HAL9000 kwin_wayland[49086]: kwin-xmonad-lite: arrange #14 grund=closed,windowRemoved surfaces=1 mitglieder=0 teilnehmer=0
2026-09-06T18:32:41+02:00 HAL9000 kwin_wayland[49086]: kwin-xmonad-lite: arrange #15 grund=windowAdded surfaces=1 mitglieder=0 teilnehmer=0
2026-09-06T18:32:46+02:00 HAL9000 kwin_wayland[49086]: kwin-xmonad-lite: arrange #16 grund=closed,windowRemoved surfaces=1 mitglieder=0 teilnehmer=0
2026-09-06T18:32:50+02:00 HAL9000 kwin_wayland[49086]: kwin-xmonad-lite: arrange #17 grund=windowAdded surfaces=1 mitglieder=0 teilnehmer=0
2026-09-06T18:32:50+02:00 HAL9000 kwin_wayland[49086]: kwin-xmonad-lite: arrange #18 grund=closed,windowRemoved surfaces=1 mitglieder=0 teilnehmer=0
2026-09-06T18:32:52+02:00 HAL9000 kwin_wayland[49086]: kwin-xmonad-lite: arrange #19 grund=windowAdded surfaces=1 mitglieder=0 teilnehmer=0
2026-09-06T18:32:52+02:00 HAL9000 kxl-abnahme[50709]: == Fall 25 Anfang ==
2026-09-06T18:32:53+02:00 HAL9000 kwin_wayland[49086]: kwin-xmonad-lite: arrange #20 grund=closed,windowRemoved surfaces=1 mitglieder=0 teilnehmer=0
2026-09-06T18:33:05+02:00 HAL9000 kwin_wayland[49086]: kwin-xmonad-lite: arrange #21 grund=windowActivated,windowAdded surfaces=1 mitglieder=1 teilnehmer=1
2026-09-06T18:33:05+02:00 HAL9000 kwin_wayland[49086]: kwin-xmonad-lite: surface a89f5ec2-ab8e-4108-8088-7118500a3aab|89539ae6-e06b-4c76-a057-95df959578a9|DP-3 layout=tall n=1 ratio=0.65 fläche=1920x1050+0+0
2026-09-06T18:33:05+02:00 HAL9000 kwin_wayland[49086]: kwin-xmonad-lite: diagnose a89f5ec2-ab8e-4108-8088-7118500a3aab|89539ae6-e06b-4c76-a057-95df959578a9|DP-3 order={216d160a-7b46-4f33-855f-6f0209cc7a1b} teilnehmer={216d160a-7b46-4f33-855f-6f0209cc7a1b} float=
2026-09-06T18:33:05+02:00 HAL9000 kwin_wayland[49086]: kwin-xmonad-lite: apply {216d160a-7b46-4f33-855f-6f0209cc7a1b} soll=1920x1050+0+0
2026-09-06T18:33:05+02:00 HAL9000 kwin_wayland[49086]: kwin-xmonad-lite: nachbessern {216d160a-7b46-4f33-855f-6f0209cc7a1b} versuch=1 ist=1024x796+448+127 soll=1920x1050+0+0
2026-09-06T18:33:08+02:00 HAL9000 kwin_wayland[49086]: kwin-xmonad-lite: arrange #22 grund=moveResizeFinished surfaces=1 mitglieder=1 teilnehmer=1
2026-09-06T18:33:08+02:00 HAL9000 kwin_wayland[49086]: kwin-xmonad-lite: surface a89f5ec2-ab8e-4108-8088-7118500a3aab|89539ae6-e06b-4c76-a057-95df959578a9|DP-3 layout=tall n=1 ratio=0.65 fläche=1920x1050+0+0
2026-09-06T18:33:08+02:00 HAL9000 kwin_wayland[49086]: kwin-xmonad-lite: diagnose a89f5ec2-ab8e-4108-8088-7118500a3aab|89539ae6-e06b-4c76-a057-95df959578a9|DP-3 order={216d160a-7b46-4f33-855f-6f0209cc7a1b} teilnehmer={216d160a-7b46-4f33-855f-6f0209cc7a1b} float=
2026-09-06T18:33:08+02:00 HAL9000 kwin_wayland[49086]: kwin-xmonad-lite: apply {216d160a-7b46-4f33-855f-6f0209cc7a1b} soll=1920x1050+0+0
2026-09-06T18:33:12+02:00 HAL9000 kwin_wayland[49086]: kwin-xmonad-lite: arrange #23 grund=windowAdded surfaces=1 mitglieder=1 teilnehmer=1
2026-09-06T18:33:12+02:00 HAL9000 kwin_wayland[49086]: kwin-xmonad-lite: surface a89f5ec2-ab8e-4108-8088-7118500a3aab|89539ae6-e06b-4c76-a057-95df959578a9|DP-3 layout=tall n=1 ratio=0.65 fläche=1920x1050+0+0
2026-09-06T18:33:12+02:00 HAL9000 kwin_wayland[49086]: kwin-xmonad-lite: diagnose a89f5ec2-ab8e-4108-8088-7118500a3aab|89539ae6-e06b-4c76-a057-95df959578a9|DP-3 order={216d160a-7b46-4f33-855f-6f0209cc7a1b} teilnehmer={216d160a-7b46-4f33-855f-6f0209cc7a1b} float=
2026-09-06T18:33:12+02:00 HAL9000 kwin_wayland[49086]: kwin-xmonad-lite: arrange #24 grund=closed,windowRemoved surfaces=1 mitglieder=1 teilnehmer=1
2026-09-06T18:33:12+02:00 HAL9000 kwin_wayland[49086]: kwin-xmonad-lite: surface a89f5ec2-ab8e-4108-8088-7118500a3aab|89539ae6-e06b-4c76-a057-95df959578a9|DP-3 layout=tall n=1 ratio=0.65 fläche=1920x1050+0+0
2026-09-06T18:33:12+02:00 HAL9000 kwin_wayland[49086]: kwin-xmonad-lite: diagnose a89f5ec2-ab8e-4108-8088-7118500a3aab|89539ae6-e06b-4c76-a057-95df959578a9|DP-3 order={216d160a-7b46-4f33-855f-6f0209cc7a1b} teilnehmer={216d160a-7b46-4f33-855f-6f0209cc7a1b} float=
2026-09-06T18:33:12+02:00 HAL9000 kwin_wayland[49086]: kwin-xmonad-lite: gc #25 fenster=1 surfaces=0
2026-09-06T18:33:12+02:00 HAL9000 kwin_wayland[49086]: kwin-xmonad-lite: arrange #25 grund=closed,windowActivated,windowRemoved surfaces=1 mitglieder=0 teilnehmer=0
2026-09-06T18:33:13+02:00 HAL9000 kwin_wayland[49086]: kwin-xmonad-lite: arrange #26 grund=windowActivated,windowAdded surfaces=1 mitglieder=1 teilnehmer=1
2026-09-06T18:33:13+02:00 HAL9000 kwin_wayland[49086]: kwin-xmonad-lite: surface a89f5ec2-ab8e-4108-8088-7118500a3aab|89539ae6-e06b-4c76-a057-95df959578a9|DP-3 layout=tall n=1 ratio=0.65 fläche=1920x1050+0+0
2026-09-06T18:33:13+02:00 HAL9000 kwin_wayland[49086]: kwin-xmonad-lite: diagnose a89f5ec2-ab8e-4108-8088-7118500a3aab|89539ae6-e06b-4c76-a057-95df959578a9|DP-3 order={b1c63a9b-7819-49e9-9836-532c4f9aa206} teilnehmer={b1c63a9b-7819-49e9-9836-532c4f9aa206} float=
2026-09-06T18:33:14+02:00 HAL9000 kwin_wayland[49086]: KXLGEO1 {"k":"meta","tag":"KXLGEO1","start":1788712394089,"perOutputDesktops":false,"outputs":1,"samples":[0,500,1500,3000],"titlePrefix":"kxl-","r":1788712394089,"n":0,"ms":0}
2026-09-06T18:33:14+02:00 HAL9000 kwin_wayland[49086]: KXLGEO1 {"k":"view","s":0,"key":"a89f5ec2-ab8e-4108-8088-7118500a3aab|89539ae6-e06b-4c76-a057-95df959578a9|DP-3","activity":"a89f5ec2-ab8e-4108-8088-7118500a3aab","desktop":"89539ae6-e06b-4c76-a057-95df959578a9","output":"DP-3","area":{"x":0,"y":0,"w":1920,"h":1050,"exakt":true},"r":1788712394089,"n":1,"ms":0}
2026-09-06T18:33:14+02:00 HAL9000 kwin_wayland[49086]: KXLGEO1 {"k":"active","s":0,"activeId":"{b1c63a9b-7819-49e9-9836-532c4f9aa206}","r":1788712394089,"n":2,"ms":0}
2026-09-06T18:33:14+02:00 HAL9000 kwin_wayland[49086]: KXLGEO1 {"k":"win","s":0,"id":"{7a0a4cb3-5b11-494f-b71f-942b970b1d4d}","cls":"plasmashell","caption":"<Titel entfernt>","output":"DP-3","desktops":[],"activities":[],"onAllDesktops":true,"geo":{"x":0,"y":0,"w":1920,"h":1080,"exakt":true},"min":{"w":0,"h":0},"max":{"w":2147483647,"h":2147483647},"fullScreen":false,"minimized":false,"maximizeMode":0,"moveable":false,"resizeable":false,"move":false,"resize":false,"managed":true,"deleted":false,"normalWindow":false,"specialWindow":true,"popupWindow":false,"dialog":false,"utility":false,"splash":false,"dock":false,"transient":false,"modal":false,"transientFor":null,"r":1788712394089,"n":3,"ms":0}
2026-09-06T18:33:14+02:00 HAL9000 kwin_wayland[49086]: KXLGEO1 {"k":"win","s":0,"id":"{601ada54-23c8-4db2-973b-97cbc0619b0f}","cls":"plasmashell","caption":"<Titel entfernt>","output":"DP-3","desktops":[],"activities":[],"onAllDesktops":true,"geo":{"x":0,"y":1050,"w":1920,"h":30,"exakt":true},"min":{"w":0,"h":0},"max":{"w":2147483647,"h":2147483647},"fullScreen":false,"minimized":false,"maximizeMode":0,"moveable":false,"resizeable":false,"move":false,"resize":false,"managed":true,"deleted":false,"normalWindow":false,"specialWindow":true,"popupWindow":false,"dialog":false,"utility":false,"splash":false,"dock":true,"transient":false,"modal":false,"transientFor":null,"r":1788712394089,"n":4,"ms":0}
2026-09-06T18:33:14+02:00 HAL9000 kwin_wayland[49086]: KXLGEO1 {"k":"win","s":0,"id":"{b1c63a9b-7819-49e9-9836-532c4f9aa206}","cls":"element","caption":"<Titel entfernt>","output":"DP-3","desktops":["89539ae6-e06b-4c76-a057-95df959578a9"],"activities":["a89f5ec2-ab8e-4108-8088-7118500a3aab"],"onAllDesktops":false,"geo":{"x":0,"y":0,"w":1920,"h":1050,"exakt":true},"min":{"w":150,"h":150},"max":{"w":2147483647,"h":2147483647},"fullScreen":false,"minimized":false,"maximizeMode":0,"moveable":true,"resizeable":true,"move":false,"resize":false,"managed":true,"deleted":false,"normalWindow":true,"specialWindow":false,"popupWindow":false,"dialog":false,"utility":false,"splash":false,"dock":false,"transient":false,"modal":false,"transientFor":null,"r":1788712394089,"n":5,"ms":0}
2026-09-06T18:33:14+02:00 HAL9000 kwin_wayland[49086]: kwin-xmonad-lite: gc #27 fenster=1 surfaces=0
2026-09-06T18:33:14+02:00 HAL9000 kwin_wayland[49086]: kwin-xmonad-lite: arrange #27 grund=closed,windowActivated,windowRemoved surfaces=1 mitglieder=0 teilnehmer=0
2026-09-06T18:33:14+02:00 HAL9000 kwin_wayland[49086]: KXLGEO1 {"k":"view","s":1,"key":"a89f5ec2-ab8e-4108-8088-7118500a3aab|89539ae6-e06b-4c76-a057-95df959578a9|DP-3","activity":"a89f5ec2-ab8e-4108-8088-7118500a3aab","desktop":"89539ae6-e06b-4c76-a057-95df959578a9","output":"DP-3","area":{"x":0,"y":0,"w":1920,"h":1050,"exakt":true},"r":1788712394089,"n":6,"ms":526}
2026-09-06T18:33:14+02:00 HAL9000 kwin_wayland[49086]: KXLGEO1 {"k":"active","s":1,"activeId":"{7a0a4cb3-5b11-494f-b71f-942b970b1d4d}","r":1788712394089,"n":7,"ms":527}
2026-09-06T18:33:14+02:00 HAL9000 kwin_wayland[49086]: KXLGEO1 {"k":"win","s":1,"id":"{7a0a4cb3-5b11-494f-b71f-942b970b1d4d}","cls":"plasmashell","caption":"<Titel entfernt>","output":"DP-3","desktops":[],"activities":[],"onAllDesktops":true,"geo":{"x":0,"y":0,"w":1920,"h":1080,"exakt":true},"min":{"w":0,"h":0},"max":{"w":2147483647,"h":2147483647},"fullScreen":false,"minimized":false,"maximizeMode":0,"moveable":false,"resizeable":false,"move":false,"resize":false,"managed":true,"deleted":false,"normalWindow":false,"specialWindow":true,"popupWindow":false,"dialog":false,"utility":false,"splash":false,"dock":false,"transient":false,"modal":false,"transientFor":null,"r":1788712394089,"n":8,"ms":527}
2026-09-06T18:33:14+02:00 HAL9000 kwin_wayland[49086]: KXLGEO1 {"k":"win","s":1,"id":"{601ada54-23c8-4db2-973b-97cbc0619b0f}","cls":"plasmashell","caption":"<Titel entfernt>","output":"DP-3","desktops":[],"activities":[],"onAllDesktops":true,"geo":{"x":0,"y":1050,"w":1920,"h":30,"exakt":true},"min":{"w":0,"h":0},"max":{"w":2147483647,"h":2147483647},"fullScreen":false,"minimized":false,"maximizeMode":0,"moveable":false,"resizeable":false,"move":false,"resize":false,"managed":true,"deleted":false,"normalWindow":false,"specialWindow":true,"popupWindow":false,"dialog":false,"utility":false,"splash":false,"dock":true,"transient":false,"modal":false,"transientFor":null,"r":1788712394089,"n":9,"ms":528}
2026-09-06T18:33:15+02:00 HAL9000 kwin_wayland[49086]: kwin-xmonad-lite: arrange #28 grund=windowActivated,windowAdded surfaces=1 mitglieder=1 teilnehmer=1
2026-09-06T18:33:15+02:00 HAL9000 kwin_wayland[49086]: kwin-xmonad-lite: surface a89f5ec2-ab8e-4108-8088-7118500a3aab|89539ae6-e06b-4c76-a057-95df959578a9|DP-3 layout=tall n=1 ratio=0.65 fläche=1920x1050+0+0
2026-09-06T18:33:15+02:00 HAL9000 kwin_wayland[49086]: kwin-xmonad-lite: diagnose a89f5ec2-ab8e-4108-8088-7118500a3aab|89539ae6-e06b-4c76-a057-95df959578a9|DP-3 order={420c04a8-d014-4ba1-8eaf-2daebc57e18f} teilnehmer={420c04a8-d014-4ba1-8eaf-2daebc57e18f} float=
2026-09-06T18:33:15+02:00 HAL9000 kwin_wayland[49086]: kwin-xmonad-lite: gc #29 fenster=1 surfaces=0
2026-09-06T18:33:15+02:00 HAL9000 kwin_wayland[49086]: kwin-xmonad-lite: arrange #29 grund=closed,windowActivated,windowRemoved surfaces=1 mitglieder=0 teilnehmer=0
2026-09-06T18:33:15+02:00 HAL9000 kwin_wayland[49086]: KXLGEO1 {"k":"view","s":2,"key":"a89f5ec2-ab8e-4108-8088-7118500a3aab|89539ae6-e06b-4c76-a057-95df959578a9|DP-3","activity":"a89f5ec2-ab8e-4108-8088-7118500a3aab","desktop":"89539ae6-e06b-4c76-a057-95df959578a9","output":"DP-3","area":{"x":0,"y":0,"w":1920,"h":1050,"exakt":true},"r":1788712394089,"n":10,"ms":1576}
2026-09-06T18:33:15+02:00 HAL9000 kwin_wayland[49086]: KXLGEO1 {"k":"active","s":2,"activeId":"{7a0a4cb3-5b11-494f-b71f-942b970b1d4d}","r":1788712394089,"n":11,"ms":1576}
2026-09-06T18:33:15+02:00 HAL9000 kwin_wayland[49086]: KXLGEO1 {"k":"win","s":2,"id":"{7a0a4cb3-5b11-494f-b71f-942b970b1d4d}","cls":"plasmashell","caption":"<Titel entfernt>","output":"DP-3","desktops":[],"activities":[],"onAllDesktops":true,"geo":{"x":0,"y":0,"w":1920,"h":1080,"exakt":true},"min":{"w":0,"h":0},"max":{"w":2147483647,"h":2147483647},"fullScreen":false,"minimized":false,"maximizeMode":0,"moveable":false,"resizeable":false,"move":false,"resize":false,"managed":true,"deleted":false,"normalWindow":false,"specialWindow":true,"popupWindow":false,"dialog":false,"utility":false,"splash":false,"dock":false,"transient":false,"modal":false,"transientFor":null,"r":1788712394089,"n":12,"ms":1577}
2026-09-06T18:33:15+02:00 HAL9000 kwin_wayland[49086]: KXLGEO1 {"k":"win","s":2,"id":"{601ada54-23c8-4db2-973b-97cbc0619b0f}","cls":"plasmashell","caption":"<Titel entfernt>","output":"DP-3","desktops":[],"activities":[],"onAllDesktops":true,"geo":{"x":0,"y":1050,"w":1920,"h":30,"exakt":true},"min":{"w":0,"h":0},"max":{"w":2147483647,"h":2147483647},"fullScreen":false,"minimized":false,"maximizeMode":0,"moveable":false,"resizeable":false,"move":false,"resize":false,"managed":true,"deleted":false,"normalWindow":false,"specialWindow":true,"popupWindow":false,"dialog":false,"utility":false,"splash":false,"dock":true,"transient":false,"modal":false,"transientFor":null,"r":1788712394089,"n":13,"ms":1577}
2026-09-06T18:33:17+02:00 HAL9000 kwin_wayland[49086]: kwin-xmonad-lite: arrange #30 grund=windowActivated,windowAdded surfaces=1 mitglieder=1 teilnehmer=1
2026-09-06T18:33:17+02:00 HAL9000 kwin_wayland[49086]: kwin-xmonad-lite: surface a89f5ec2-ab8e-4108-8088-7118500a3aab|89539ae6-e06b-4c76-a057-95df959578a9|DP-3 layout=tall n=1 ratio=0.65 fläche=1920x1050+0+0
2026-09-06T18:33:17+02:00 HAL9000 kwin_wayland[49086]: kwin-xmonad-lite: diagnose a89f5ec2-ab8e-4108-8088-7118500a3aab|89539ae6-e06b-4c76-a057-95df959578a9|DP-3 order={9d310cd3-7103-4d3f-8dac-84c25c596c49} teilnehmer={9d310cd3-7103-4d3f-8dac-84c25c596c49} float=
2026-09-06T18:33:17+02:00 HAL9000 kwin_wayland[49086]: KXLGEO1 {"k":"view","s":3,"key":"a89f5ec2-ab8e-4108-8088-7118500a3aab|89539ae6-e06b-4c76-a057-95df959578a9|DP-3","activity":"a89f5ec2-ab8e-4108-8088-7118500a3aab","desktop":"89539ae6-e06b-4c76-a057-95df959578a9","output":"DP-3","area":{"x":0,"y":0,"w":1920,"h":1050,"exakt":true},"r":1788712394089,"n":14,"ms":3151}
2026-09-06T18:33:17+02:00 HAL9000 kwin_wayland[49086]: KXLGEO1 {"k":"active","s":3,"activeId":"{9d310cd3-7103-4d3f-8dac-84c25c596c49}","r":1788712394089,"n":15,"ms":3151}
2026-09-06T18:33:17+02:00 HAL9000 kwin_wayland[49086]: KXLGEO1 {"k":"win","s":3,"id":"{7a0a4cb3-5b11-494f-b71f-942b970b1d4d}","cls":"plasmashell","caption":"<Titel entfernt>","output":"DP-3","desktops":[],"activities":[],"onAllDesktops":true,"geo":{"x":0,"y":0,"w":1920,"h":1080,"exakt":true},"min":{"w":0,"h":0},"max":{"w":2147483647,"h":2147483647},"fullScreen":false,"minimized":false,"maximizeMode":0,"moveable":false,"resizeable":false,"move":false,"resize":false,"managed":true,"deleted":false,"normalWindow":false,"specialWindow":true,"popupWindow":false,"dialog":false,"utility":false,"splash":false,"dock":false,"transient":false,"modal":false,"transientFor":null,"r":1788712394089,"n":16,"ms":3151}
2026-09-06T18:33:17+02:00 HAL9000 kwin_wayland[49086]: KXLGEO1 {"k":"win","s":3,"id":"{601ada54-23c8-4db2-973b-97cbc0619b0f}","cls":"plasmashell","caption":"<Titel entfernt>","output":"DP-3","desktops":[],"activities":[],"onAllDesktops":true,"geo":{"x":0,"y":1050,"w":1920,"h":30,"exakt":true},"min":{"w":0,"h":0},"max":{"w":2147483647,"h":2147483647},"fullScreen":false,"minimized":false,"maximizeMode":0,"moveable":false,"resizeable":false,"move":false,"resize":false,"managed":true,"deleted":false,"normalWindow":false,"specialWindow":true,"popupWindow":false,"dialog":false,"utility":false,"splash":false,"dock":true,"transient":false,"modal":false,"transientFor":null,"r":1788712394089,"n":17,"ms":3151}
2026-09-06T18:33:17+02:00 HAL9000 kwin_wayland[49086]: KXLGEO1 {"k":"win","s":3,"id":"{9d310cd3-7103-4d3f-8dac-84c25c596c49}","cls":"element","caption":"<Titel entfernt>","output":"DP-3","desktops":["89539ae6-e06b-4c76-a057-95df959578a9"],"activities":["a89f5ec2-ab8e-4108-8088-7118500a3aab"],"onAllDesktops":false,"geo":{"x":0,"y":0,"w":1920,"h":1050,"exakt":true},"min":{"w":150,"h":150},"max":{"w":2147483647,"h":2147483647},"fullScreen":false,"minimized":false,"maximizeMode":0,"moveable":true,"resizeable":true,"move":false,"resize":false,"managed":true,"deleted":false,"normalWindow":true,"specialWindow":false,"popupWindow":false,"dialog":false,"utility":false,"splash":false,"dock":false,"transient":false,"modal":false,"transientFor":null,"r":1788712394089,"n":18,"ms":3151}
2026-09-06T18:33:17+02:00 HAL9000 kwin_wayland[49086]: KXLGEO1 {"k":"end","st":"ok","total":19,"samples":4,"fehler":0,"timer_aktiv":0,"r":1788712394089,"n":19,"ms":3152}
2026-09-06T18:33:17+02:00 HAL9000 kwin_wayland[49086]: kwin-xmonad-lite: gc #31 fenster=1 surfaces=0
2026-09-06T18:33:17+02:00 HAL9000 kwin_wayland[49086]: kwin-xmonad-lite: arrange #31 grund=closed,windowActivated,windowRemoved surfaces=1 mitglieder=0 teilnehmer=0
2026-09-06T18:33:18+02:00 HAL9000 kwin_wayland[49086]: kwin-xmonad-lite: arrange #32 grund=windowActivated,windowAdded surfaces=1 mitglieder=1 teilnehmer=1
2026-09-06T18:33:18+02:00 HAL9000 kwin_wayland[49086]: kwin-xmonad-lite: surface a89f5ec2-ab8e-4108-8088-7118500a3aab|89539ae6-e06b-4c76-a057-95df959578a9|DP-3 layout=tall n=1 ratio=0.65 fläche=1920x1050+0+0
2026-09-06T18:33:18+02:00 HAL9000 kwin_wayland[49086]: kwin-xmonad-lite: diagnose a89f5ec2-ab8e-4108-8088-7118500a3aab|89539ae6-e06b-4c76-a057-95df959578a9|DP-3 order={c28c8027-a4b0-4594-9a28-c8f7fee4b2c4} teilnehmer={c28c8027-a4b0-4594-9a28-c8f7fee4b2c4} float=
2026-09-06T18:33:18+02:00 HAL9000 kwin_wayland[49086]: kwin-xmonad-lite: gc #33 fenster=1 surfaces=0
2026-09-06T18:33:18+02:00 HAL9000 kwin_wayland[49086]: kwin-xmonad-lite: arrange #33 grund=closed,windowActivated,windowRemoved surfaces=1 mitglieder=0 teilnehmer=0
2026-09-06T18:33:23+02:00 HAL9000 kwin_wayland[49086]: kwin-xmonad-lite: arrange #34 grund=windowActivated,windowAdded surfaces=1 mitglieder=0 teilnehmer=0
2026-09-06T18:33:24+02:00 HAL9000 kwin_wayland[49086]: kwin-xmonad-lite: arrange #35 grund=closed,windowActivated,windowRemoved surfaces=1 mitglieder=0 teilnehmer=0
2026-09-06T18:33:25+02:00 HAL9000 kwin_wayland[49086]: kwin-xmonad-lite: arrange #36 grund=windowActivated,windowAdded surfaces=1 mitglieder=0 teilnehmer=0
2026-09-06T18:33:27+02:00 HAL9000 kwin_wayland[49086]: kwin-xmonad-lite: arrange #37 grund=closed,windowActivated,windowRemoved surfaces=1 mitglieder=0 teilnehmer=0
2026-09-06T18:33:29+02:00 HAL9000 kwin_wayland[49086]: kwin-xmonad-lite: arrange #38 grund=windowAdded surfaces=1 mitglieder=0 teilnehmer=0
2026-09-06T18:33:33+02:00 HAL9000 kwin_wayland[49086]: kwin-xmonad-lite: arrange #39 grund=closed,windowRemoved surfaces=1 mitglieder=0 teilnehmer=0
2026-09-06T18:34:00+02:00 HAL9000 kwin_wayland[49086]: kwin-xmonad-lite: arrange #40 grund=windowAdded surfaces=1 mitglieder=0 teilnehmer=0
2026-09-06T18:34:19+02:00 HAL9000 kwin_wayland[49086]: kwin-xmonad-lite: arrange #41 grund=windowAdded surfaces=1 mitglieder=0 teilnehmer=0
2026-09-06T18:34:19+02:00 HAL9000 kwin_wayland[49086]: kwin-xmonad-lite: arrange #42 grund=closed,windowRemoved surfaces=1 mitglieder=0 teilnehmer=0
2026-09-06T18:34:24+02:00 HAL9000 kwin_wayland[49086]: kwin-xmonad-lite: arrange #43 grund=windowAdded surfaces=1 mitglieder=0 teilnehmer=0
2026-09-06T18:34:24+02:00 HAL9000 kwin_wayland[49086]: kwin-xmonad-lite: arrange #44 grund=closed,windowRemoved surfaces=1 mitglieder=0 teilnehmer=0
2026-09-06T18:34:29+02:00 HAL9000 kwin_wayland[49086]: kwin-xmonad-lite: arrange #45 grund=closed,windowRemoved surfaces=1 mitglieder=0 teilnehmer=0
2026-09-06T18:34:44+02:00 HAL9000 kwin_wayland[49086]: kwin-xmonad-lite: arrange #46 grund=windowAdded surfaces=1 mitglieder=0 teilnehmer=0
2026-09-06T18:34:49+02:00 HAL9000 kwin_wayland[49086]: kwin-xmonad-lite: arrange #47 grund=closed,windowRemoved surfaces=1 mitglieder=0 teilnehmer=0
2026-09-06T18:34:50+02:00 HAL9000 kwin_wayland[49086]: kwin-xmonad-lite: arrange #48 grund=windowActivated,windowAdded surfaces=1 mitglieder=1 teilnehmer=1
2026-09-06T18:34:50+02:00 HAL9000 kwin_wayland[49086]: kwin-xmonad-lite: surface a89f5ec2-ab8e-4108-8088-7118500a3aab|89539ae6-e06b-4c76-a057-95df959578a9|DP-3 layout=tall n=1 ratio=0.65 fläche=1920x1050+0+0
2026-09-06T18:34:50+02:00 HAL9000 kwin_wayland[49086]: kwin-xmonad-lite: diagnose a89f5ec2-ab8e-4108-8088-7118500a3aab|89539ae6-e06b-4c76-a057-95df959578a9|DP-3 order={772093bc-e8ac-42d0-9554-cf809e0a7339} teilnehmer={772093bc-e8ac-42d0-9554-cf809e0a7339} float=
2026-09-06T18:34:50+02:00 HAL9000 kwin_wayland[49086]: kwin-xmonad-lite: apply {772093bc-e8ac-42d0-9554-cf809e0a7339} soll=1920x1050+0+0
2026-09-06T18:34:50+02:00 HAL9000 kwin_wayland[49086]: kwin-xmonad-lite: nachbessern {772093bc-e8ac-42d0-9554-cf809e0a7339} versuch=1 ist=468x496+1448+550 soll=1920x1050+0+0
2026-09-06T18:34:50+02:00 HAL9000 kwin_wayland[49086]: kwin-xmonad-lite: nachbessern {772093bc-e8ac-42d0-9554-cf809e0a7339} versuch=2 ist=1920x1050+-4+-4 soll=1920x1050+0+0
2026-09-06T18:34:56+02:00 HAL9000 kwin_wayland[49086]: kwin-xmonad-lite: gc #49 fenster=1 surfaces=0
2026-09-06T18:34:56+02:00 HAL9000 kwin_wayland[49086]: kwin-xmonad-lite: arrange #49 grund=closed,windowActivated,windowRemoved surfaces=1 mitglieder=0 teilnehmer=0
2026-09-06T18:35:41+02:00 HAL9000 kwin_wayland[49086]: kwin-xmonad-lite: arrange #50 grund=windowAdded surfaces=1 mitglieder=0 teilnehmer=0
2026-09-06T18:35:46+02:00 HAL9000 kwin_wayland[49086]: kwin-xmonad-lite: arrange #51 grund=closed,windowRemoved surfaces=1 mitglieder=0 teilnehmer=0
2026-09-06T18:36:15+02:00 HAL9000 kwin_wayland[49086]: KXLGEO1 {"k":"meta","tag":"KXLGEO1","start":1788712575176,"perOutputDesktops":false,"outputs":1,"samples":[0,500,1500,3000],"titlePrefix":"kxl-","r":1788712575176,"n":0,"ms":0}
2026-09-06T18:36:15+02:00 HAL9000 kwin_wayland[49086]: KXLGEO1 {"k":"view","s":0,"key":"a89f5ec2-ab8e-4108-8088-7118500a3aab|89539ae6-e06b-4c76-a057-95df959578a9|DP-3","activity":"a89f5ec2-ab8e-4108-8088-7118500a3aab","desktop":"89539ae6-e06b-4c76-a057-95df959578a9","output":"DP-3","area":{"x":0,"y":0,"w":1920,"h":1050,"exakt":true},"r":1788712575176,"n":1,"ms":1}
2026-09-06T18:36:15+02:00 HAL9000 kwin_wayland[49086]: KXLGEO1 {"k":"active","s":0,"activeId":"{7a0a4cb3-5b11-494f-b71f-942b970b1d4d}","r":1788712575176,"n":2,"ms":1}
2026-09-06T18:36:15+02:00 HAL9000 kwin_wayland[49086]: KXLGEO1 {"k":"win","s":0,"id":"{7a0a4cb3-5b11-494f-b71f-942b970b1d4d}","cls":"plasmashell","caption":"<Titel entfernt>","output":"DP-3","desktops":[],"activities":[],"onAllDesktops":true,"geo":{"x":0,"y":0,"w":1920,"h":1080,"exakt":true},"min":{"w":0,"h":0},"max":{"w":2147483647,"h":2147483647},"fullScreen":false,"minimized":false,"maximizeMode":0,"moveable":false,"resizeable":false,"move":false,"resize":false,"managed":true,"deleted":false,"normalWindow":false,"specialWindow":true,"popupWindow":false,"dialog":false,"utility":false,"splash":false,"dock":false,"transient":false,"modal":false,"transientFor":null,"r":1788712575176,"n":3,"ms":1}
2026-09-06T18:36:15+02:00 HAL9000 kwin_wayland[49086]: KXLGEO1 {"k":"win","s":0,"id":"{601ada54-23c8-4db2-973b-97cbc0619b0f}","cls":"plasmashell","caption":"<Titel entfernt>","output":"DP-3","desktops":[],"activities":[],"onAllDesktops":true,"geo":{"x":0,"y":1050,"w":1920,"h":30,"exakt":true},"min":{"w":0,"h":0},"max":{"w":2147483647,"h":2147483647},"fullScreen":false,"minimized":false,"maximizeMode":0,"moveable":false,"resizeable":false,"move":false,"resize":false,"managed":true,"deleted":false,"normalWindow":false,"specialWindow":true,"popupWindow":false,"dialog":false,"utility":false,"splash":false,"dock":true,"transient":false,"modal":false,"transientFor":null,"r":1788712575176,"n":4,"ms":1}
2026-09-06T18:36:15+02:00 HAL9000 kwin_wayland[49086]: KXLGEO1 {"k":"view","s":1,"key":"a89f5ec2-ab8e-4108-8088-7118500a3aab|89539ae6-e06b-4c76-a057-95df959578a9|DP-3","activity":"a89f5ec2-ab8e-4108-8088-7118500a3aab","desktop":"89539ae6-e06b-4c76-a057-95df959578a9","output":"DP-3","area":{"x":0,"y":0,"w":1920,"h":1050,"exakt":true},"r":1788712575176,"n":5,"ms":527}
2026-09-06T18:36:15+02:00 HAL9000 kwin_wayland[49086]: KXLGEO1 {"k":"active","s":1,"activeId":"{7a0a4cb3-5b11-494f-b71f-942b970b1d4d}","r":1788712575176,"n":6,"ms":527}
2026-09-06T18:36:15+02:00 HAL9000 kwin_wayland[49086]: KXLGEO1 {"k":"win","s":1,"id":"{7a0a4cb3-5b11-494f-b71f-942b970b1d4d}","cls":"plasmashell","caption":"<Titel entfernt>","output":"DP-3","desktops":[],"activities":[],"onAllDesktops":true,"geo":{"x":0,"y":0,"w":1920,"h":1080,"exakt":true},"min":{"w":0,"h":0},"max":{"w":2147483647,"h":2147483647},"fullScreen":false,"minimized":false,"maximizeMode":0,"moveable":false,"resizeable":false,"move":false,"resize":false,"managed":true,"deleted":false,"normalWindow":false,"specialWindow":true,"popupWindow":false,"dialog":false,"utility":false,"splash":false,"dock":false,"transient":false,"modal":false,"transientFor":null,"r":1788712575176,"n":7,"ms":528}
2026-09-06T18:36:15+02:00 HAL9000 kwin_wayland[49086]: KXLGEO1 {"k":"win","s":1,"id":"{601ada54-23c8-4db2-973b-97cbc0619b0f}","cls":"plasmashell","caption":"<Titel entfernt>","output":"DP-3","desktops":[],"activities":[],"onAllDesktops":true,"geo":{"x":0,"y":1050,"w":1920,"h":30,"exakt":true},"min":{"w":0,"h":0},"max":{"w":2147483647,"h":2147483647},"fullScreen":false,"minimized":false,"maximizeMode":0,"moveable":false,"resizeable":false,"move":false,"resize":false,"managed":true,"deleted":false,"normalWindow":false,"specialWindow":true,"popupWindow":false,"dialog":false,"utility":false,"splash":false,"dock":true,"transient":false,"modal":false,"transientFor":null,"r":1788712575176,"n":8,"ms":529}
2026-09-06T18:36:16+02:00 HAL9000 kwin_wayland[49086]: KXLGEO1 {"k":"view","s":2,"key":"a89f5ec2-ab8e-4108-8088-7118500a3aab|89539ae6-e06b-4c76-a057-95df959578a9|DP-3","activity":"a89f5ec2-ab8e-4108-8088-7118500a3aab","desktop":"89539ae6-e06b-4c76-a057-95df959578a9","output":"DP-3","area":{"x":0,"y":0,"w":1920,"h":1050,"exakt":true},"r":1788712575176,"n":9,"ms":1578}
2026-09-06T18:36:16+02:00 HAL9000 kwin_wayland[49086]: KXLGEO1 {"k":"active","s":2,"activeId":"{7a0a4cb3-5b11-494f-b71f-942b970b1d4d}","r":1788712575176,"n":10,"ms":1578}
2026-09-06T18:36:16+02:00 HAL9000 kwin_wayland[49086]: KXLGEO1 {"k":"win","s":2,"id":"{7a0a4cb3-5b11-494f-b71f-942b970b1d4d}","cls":"plasmashell","caption":"<Titel entfernt>","output":"DP-3","desktops":[],"activities":[],"onAllDesktops":true,"geo":{"x":0,"y":0,"w":1920,"h":1080,"exakt":true},"min":{"w":0,"h":0},"max":{"w":2147483647,"h":2147483647},"fullScreen":false,"minimized":false,"maximizeMode":0,"moveable":false,"resizeable":false,"move":false,"resize":false,"managed":true,"deleted":false,"normalWindow":false,"specialWindow":true,"popupWindow":false,"dialog":false,"utility":false,"splash":false,"dock":false,"transient":false,"modal":false,"transientFor":null,"r":1788712575176,"n":11,"ms":1578}
2026-09-06T18:36:16+02:00 HAL9000 kwin_wayland[49086]: KXLGEO1 {"k":"win","s":2,"id":"{601ada54-23c8-4db2-973b-97cbc0619b0f}","cls":"plasmashell","caption":"<Titel entfernt>","output":"DP-3","desktops":[],"activities":[],"onAllDesktops":true,"geo":{"x":0,"y":1050,"w":1920,"h":30,"exakt":true},"min":{"w":0,"h":0},"max":{"w":2147483647,"h":2147483647},"fullScreen":false,"minimized":false,"maximizeMode":0,"moveable":false,"resizeable":false,"move":false,"resize":false,"managed":true,"deleted":false,"normalWindow":false,"specialWindow":true,"popupWindow":false,"dialog":false,"utility":false,"splash":false,"dock":true,"transient":false,"modal":false,"transientFor":null,"r":1788712575176,"n":12,"ms":1579}
2026-09-06T18:36:18+02:00 HAL9000 kwin_wayland[49086]: KXLGEO1 {"k":"view","s":3,"key":"a89f5ec2-ab8e-4108-8088-7118500a3aab|89539ae6-e06b-4c76-a057-95df959578a9|DP-3","activity":"a89f5ec2-ab8e-4108-8088-7118500a3aab","desktop":"89539ae6-e06b-4c76-a057-95df959578a9","output":"DP-3","area":{"x":0,"y":0,"w":1920,"h":1050,"exakt":true},"r":1788712575176,"n":13,"ms":3138}
2026-09-06T18:36:18+02:00 HAL9000 kwin_wayland[49086]: KXLGEO1 {"k":"active","s":3,"activeId":"{7a0a4cb3-5b11-494f-b71f-942b970b1d4d}","r":1788712575176,"n":14,"ms":3139}
2026-09-06T18:36:18+02:00 HAL9000 kwin_wayland[49086]: KXLGEO1 {"k":"win","s":3,"id":"{7a0a4cb3-5b11-494f-b71f-942b970b1d4d}","cls":"plasmashell","caption":"<Titel entfernt>","output":"DP-3","desktops":[],"activities":[],"onAllDesktops":true,"geo":{"x":0,"y":0,"w":1920,"h":1080,"exakt":true},"min":{"w":0,"h":0},"max":{"w":2147483647,"h":2147483647},"fullScreen":false,"minimized":false,"maximizeMode":0,"moveable":false,"resizeable":false,"move":false,"resize":false,"managed":true,"deleted":false,"normalWindow":false,"specialWindow":true,"popupWindow":false,"dialog":false,"utility":false,"splash":false,"dock":false,"transient":false,"modal":false,"transientFor":null,"r":1788712575176,"n":15,"ms":3139}
2026-09-06T18:36:18+02:00 HAL9000 kwin_wayland[49086]: KXLGEO1 {"k":"win","s":3,"id":"{601ada54-23c8-4db2-973b-97cbc0619b0f}","cls":"plasmashell","caption":"<Titel entfernt>","output":"DP-3","desktops":[],"activities":[],"onAllDesktops":true,"geo":{"x":0,"y":1050,"w":1920,"h":30,"exakt":true},"min":{"w":0,"h":0},"max":{"w":2147483647,"h":2147483647},"fullScreen":false,"minimized":false,"maximizeMode":0,"moveable":false,"resizeable":false,"move":false,"resize":false,"managed":true,"deleted":false,"normalWindow":false,"specialWindow":true,"popupWindow":false,"dialog":false,"utility":false,"splash":false,"dock":true,"transient":false,"modal":false,"transientFor":null,"r":1788712575176,"n":16,"ms":3140}
2026-09-06T18:36:18+02:00 HAL9000 kwin_wayland[49086]: KXLGEO1 {"k":"end","st":"ok","total":17,"samples":4,"fehler":0,"timer_aktiv":0,"r":1788712575176,"n":17,"ms":3140}
2026-09-06T18:37:19+02:00 HAL9000 kxl-abnahme[52675]: == Fall 25 Ende ==
2026-09-06T18:37:19+02:00 HAL9000 kxl-abnahme[52677]: == Fall 25a Anfang ==
2026-09-06T18:37:19+02:00 HAL9000 kwin_wayland[49086]: kwin-xmonad-lite: arrange #52 grund=windowActivated,windowAdded surfaces=1 mitglieder=1 teilnehmer=1
2026-09-06T18:37:19+02:00 HAL9000 kwin_wayland[49086]: kwin-xmonad-lite: surface a89f5ec2-ab8e-4108-8088-7118500a3aab|89539ae6-e06b-4c76-a057-95df959578a9|DP-3 layout=tall n=1 ratio=0.65 fläche=1920x1050+0+0
2026-09-06T18:37:19+02:00 HAL9000 kwin_wayland[49086]: kwin-xmonad-lite: diagnose a89f5ec2-ab8e-4108-8088-7118500a3aab|89539ae6-e06b-4c76-a057-95df959578a9|DP-3 order={b02c190c-7073-4af1-ae6a-b2cabdefa679} teilnehmer={b02c190c-7073-4af1-ae6a-b2cabdefa679} float=
2026-09-06T18:37:19+02:00 HAL9000 kwin_wayland[49086]: kwin-xmonad-lite: apply {b02c190c-7073-4af1-ae6a-b2cabdefa679} soll=1920x1050+0+0
2026-09-06T18:37:20+02:00 HAL9000 kwin_wayland[49086]: kwin-xmonad-lite: nachbessern {b02c190c-7073-4af1-ae6a-b2cabdefa679} versuch=1 ist=485x1050+717+0 soll=1920x1050+0+0
2026-09-06T18:37:20+02:00 HAL9000 kwin_wayland[49086]: kwin-xmonad-lite: nachbessern {b02c190c-7073-4af1-ae6a-b2cabdefa679} versuch=2 ist=485x1050+717+0 soll=1920x1050+0+0
2026-09-06T18:37:54+02:00 HAL9000 kwin_wayland[49086]: KXLGEO1 {"k":"meta","tag":"KXLGEO1","start":1788712674457,"perOutputDesktops":false,"outputs":1,"samples":[0,500,1500,3000],"titlePrefix":"kxl-","r":1788712674457,"n":0,"ms":0}
2026-09-06T18:37:54+02:00 HAL9000 kwin_wayland[49086]: KXLGEO1 {"k":"view","s":0,"key":"a89f5ec2-ab8e-4108-8088-7118500a3aab|89539ae6-e06b-4c76-a057-95df959578a9|DP-3","activity":"a89f5ec2-ab8e-4108-8088-7118500a3aab","desktop":"89539ae6-e06b-4c76-a057-95df959578a9","output":"DP-3","area":{"x":0,"y":0,"w":1920,"h":1050,"exakt":true},"r":1788712674457,"n":1,"ms":0}
2026-09-06T18:37:54+02:00 HAL9000 kwin_wayland[49086]: KXLGEO1 {"k":"active","s":0,"activeId":"{b02c190c-7073-4af1-ae6a-b2cabdefa679}","r":1788712674457,"n":2,"ms":0}
2026-09-06T18:37:54+02:00 HAL9000 kwin_wayland[49086]: KXLGEO1 {"k":"win","s":0,"id":"{7a0a4cb3-5b11-494f-b71f-942b970b1d4d}","cls":"plasmashell","caption":"<Titel entfernt>","output":"DP-3","desktops":[],"activities":[],"onAllDesktops":true,"geo":{"x":0,"y":0,"w":1920,"h":1080,"exakt":true},"min":{"w":0,"h":0},"max":{"w":2147483647,"h":2147483647},"fullScreen":false,"minimized":false,"maximizeMode":0,"moveable":false,"resizeable":false,"move":false,"resize":false,"managed":true,"deleted":false,"normalWindow":false,"specialWindow":true,"popupWindow":false,"dialog":false,"utility":false,"splash":false,"dock":false,"transient":false,"modal":false,"transientFor":null,"r":1788712674457,"n":3,"ms":0}
2026-09-06T18:37:54+02:00 HAL9000 kwin_wayland[49086]: KXLGEO1 {"k":"win","s":0,"id":"{601ada54-23c8-4db2-973b-97cbc0619b0f}","cls":"plasmashell","caption":"<Titel entfernt>","output":"DP-3","desktops":[],"activities":[],"onAllDesktops":true,"geo":{"x":0,"y":1050,"w":1920,"h":30,"exakt":true},"min":{"w":0,"h":0},"max":{"w":2147483647,"h":2147483647},"fullScreen":false,"minimized":false,"maximizeMode":0,"moveable":false,"resizeable":false,"move":false,"resize":false,"managed":true,"deleted":false,"normalWindow":false,"specialWindow":true,"popupWindow":false,"dialog":false,"utility":false,"splash":false,"dock":true,"transient":false,"modal":false,"transientFor":null,"r":1788712674457,"n":4,"ms":0}
2026-09-06T18:37:54+02:00 HAL9000 kwin_wayland[49086]: KXLGEO1 {"k":"win","s":0,"id":"{b02c190c-7073-4af1-ae6a-b2cabdefa679}","cls":"org.kde.kwrite","caption":"kxl-g1.txt — KWrite","output":"DP-3","desktops":["89539ae6-e06b-4c76-a057-95df959578a9"],"activities":["a89f5ec2-ab8e-4108-8088-7118500a3aab"],"onAllDesktops":false,"geo":{"x":0,"y":0,"w":1920,"h":1050,"exakt":true},"min":{"w":157,"h":150},"max":{"w":2147483647,"h":2147483647},"fullScreen":false,"minimized":false,"maximizeMode":0,"moveable":true,"resizeable":true,"move":false,"resize":false,"managed":true,"deleted":false,"normalWindow":true,"specialWindow":false,"popupWindow":false,"dialog":false,"utility":false,"splash":false,"dock":false,"transient":false,"modal":false,"transientFor":null,"r":1788712674457,"n":5,"ms":0}
2026-09-06T18:37:54+02:00 HAL9000 kwin_wayland[49086]: KXLGEO1 {"k":"view","s":1,"key":"a89f5ec2-ab8e-4108-8088-7118500a3aab|89539ae6-e06b-4c76-a057-95df959578a9|DP-3","activity":"a89f5ec2-ab8e-4108-8088-7118500a3aab","desktop":"89539ae6-e06b-4c76-a057-95df959578a9","output":"DP-3","area":{"x":0,"y":0,"w":1920,"h":1050,"exakt":true},"r":1788712674457,"n":6,"ms":475}
2026-09-06T18:37:54+02:00 HAL9000 kwin_wayland[49086]: KXLGEO1 {"k":"active","s":1,"activeId":"{b02c190c-7073-4af1-ae6a-b2cabdefa679}","r":1788712674457,"n":7,"ms":476}
2026-09-06T18:37:54+02:00 HAL9000 kwin_wayland[49086]: KXLGEO1 {"k":"win","s":1,"id":"{7a0a4cb3-5b11-494f-b71f-942b970b1d4d}","cls":"plasmashell","caption":"<Titel entfernt>","output":"DP-3","desktops":[],"activities":[],"onAllDesktops":true,"geo":{"x":0,"y":0,"w":1920,"h":1080,"exakt":true},"min":{"w":0,"h":0},"max":{"w":2147483647,"h":2147483647},"fullScreen":false,"minimized":false,"maximizeMode":0,"moveable":false,"resizeable":false,"move":false,"resize":false,"managed":true,"deleted":false,"normalWindow":false,"specialWindow":true,"popupWindow":false,"dialog":false,"utility":false,"splash":false,"dock":false,"transient":false,"modal":false,"transientFor":null,"r":1788712674457,"n":8,"ms":476}
2026-09-06T18:37:54+02:00 HAL9000 kwin_wayland[49086]: KXLGEO1 {"k":"win","s":1,"id":"{601ada54-23c8-4db2-973b-97cbc0619b0f}","cls":"plasmashell","caption":"<Titel entfernt>","output":"DP-3","desktops":[],"activities":[],"onAllDesktops":true,"geo":{"x":0,"y":1050,"w":1920,"h":30,"exakt":true},"min":{"w":0,"h":0},"max":{"w":2147483647,"h":2147483647},"fullScreen":false,"minimized":false,"maximizeMode":0,"moveable":false,"resizeable":false,"move":false,"resize":false,"managed":true,"deleted":false,"normalWindow":false,"specialWindow":true,"popupWindow":false,"dialog":false,"utility":false,"splash":false,"dock":true,"transient":false,"modal":false,"transientFor":null,"r":1788712674457,"n":9,"ms":476}
2026-09-06T18:37:54+02:00 HAL9000 kwin_wayland[49086]: KXLGEO1 {"k":"win","s":1,"id":"{b02c190c-7073-4af1-ae6a-b2cabdefa679}","cls":"org.kde.kwrite","caption":"kxl-g1.txt — KWrite","output":"DP-3","desktops":["89539ae6-e06b-4c76-a057-95df959578a9"],"activities":["a89f5ec2-ab8e-4108-8088-7118500a3aab"],"onAllDesktops":false,"geo":{"x":0,"y":0,"w":1920,"h":1050,"exakt":true},"min":{"w":157,"h":150},"max":{"w":2147483647,"h":2147483647},"fullScreen":false,"minimized":false,"maximizeMode":0,"moveable":true,"resizeable":true,"move":false,"resize":false,"managed":true,"deleted":false,"normalWindow":true,"specialWindow":false,"popupWindow":false,"dialog":false,"utility":false,"splash":false,"dock":false,"transient":false,"modal":false,"transientFor":null,"r":1788712674457,"n":10,"ms":476}
2026-09-06T18:37:55+02:00 HAL9000 kwin_wayland[49086]: KXLGEO1 {"k":"view","s":2,"key":"a89f5ec2-ab8e-4108-8088-7118500a3aab|89539ae6-e06b-4c76-a057-95df959578a9|DP-3","activity":"a89f5ec2-ab8e-4108-8088-7118500a3aab","desktop":"89539ae6-e06b-4c76-a057-95df959578a9","output":"DP-3","area":{"x":0,"y":0,"w":1920,"h":1050,"exakt":true},"r":1788712674457,"n":11,"ms":1426}
2026-09-06T18:37:55+02:00 HAL9000 kwin_wayland[49086]: KXLGEO1 {"k":"active","s":2,"activeId":"{b02c190c-7073-4af1-ae6a-b2cabdefa679}","r":1788712674457,"n":12,"ms":1427}
2026-09-06T18:37:55+02:00 HAL9000 kwin_wayland[49086]: KXLGEO1 {"k":"win","s":2,"id":"{7a0a4cb3-5b11-494f-b71f-942b970b1d4d}","cls":"plasmashell","caption":"<Titel entfernt>","output":"DP-3","desktops":[],"activities":[],"onAllDesktops":true,"geo":{"x":0,"y":0,"w":1920,"h":1080,"exakt":true},"min":{"w":0,"h":0},"max":{"w":2147483647,"h":2147483647},"fullScreen":false,"minimized":false,"maximizeMode":0,"moveable":false,"resizeable":false,"move":false,"resize":false,"managed":true,"deleted":false,"normalWindow":false,"specialWindow":true,"popupWindow":false,"dialog":false,"utility":false,"splash":false,"dock":false,"transient":false,"modal":false,"transientFor":null,"r":1788712674457,"n":13,"ms":1427}
2026-09-06T18:37:55+02:00 HAL9000 kwin_wayland[49086]: KXLGEO1 {"k":"win","s":2,"id":"{601ada54-23c8-4db2-973b-97cbc0619b0f}","cls":"plasmashell","caption":"<Titel entfernt>","output":"DP-3","desktops":[],"activities":[],"onAllDesktops":true,"geo":{"x":0,"y":1050,"w":1920,"h":30,"exakt":true},"min":{"w":0,"h":0},"max":{"w":2147483647,"h":2147483647},"fullScreen":false,"minimized":false,"maximizeMode":0,"moveable":false,"resizeable":false,"move":false,"resize":false,"managed":true,"deleted":false,"normalWindow":false,"specialWindow":true,"popupWindow":false,"dialog":false,"utility":false,"splash":false,"dock":true,"transient":false,"modal":false,"transientFor":null,"r":1788712674457,"n":14,"ms":1427}
2026-09-06T18:37:55+02:00 HAL9000 kwin_wayland[49086]: KXLGEO1 {"k":"win","s":2,"id":"{b02c190c-7073-4af1-ae6a-b2cabdefa679}","cls":"org.kde.kwrite","caption":"kxl-g1.txt — KWrite","output":"DP-3","desktops":["89539ae6-e06b-4c76-a057-95df959578a9"],"activities":["a89f5ec2-ab8e-4108-8088-7118500a3aab"],"onAllDesktops":false,"geo":{"x":0,"y":0,"w":1920,"h":1050,"exakt":true},"min":{"w":157,"h":150},"max":{"w":2147483647,"h":2147483647},"fullScreen":false,"minimized":false,"maximizeMode":0,"moveable":true,"resizeable":true,"move":false,"resize":false,"managed":true,"deleted":false,"normalWindow":true,"specialWindow":false,"popupWindow":false,"dialog":false,"utility":false,"splash":false,"dock":false,"transient":false,"modal":false,"transientFor":null,"r":1788712674457,"n":15,"ms":1428}
2026-09-06T18:37:57+02:00 HAL9000 kwin_wayland[49086]: KXLGEO1 {"k":"view","s":3,"key":"a89f5ec2-ab8e-4108-8088-7118500a3aab|89539ae6-e06b-4c76-a057-95df959578a9|DP-3","activity":"a89f5ec2-ab8e-4108-8088-7118500a3aab","desktop":"89539ae6-e06b-4c76-a057-95df959578a9","output":"DP-3","area":{"x":0,"y":0,"w":1920,"h":1050,"exakt":true},"r":1788712674457,"n":16,"ms":2858}
2026-09-06T18:37:57+02:00 HAL9000 kwin_wayland[49086]: KXLGEO1 {"k":"active","s":3,"activeId":"{b02c190c-7073-4af1-ae6a-b2cabdefa679}","r":1788712674457,"n":17,"ms":2858}
2026-09-06T18:37:57+02:00 HAL9000 kwin_wayland[49086]: KXLGEO1 {"k":"win","s":3,"id":"{7a0a4cb3-5b11-494f-b71f-942b970b1d4d}","cls":"plasmashell","caption":"<Titel entfernt>","output":"DP-3","desktops":[],"activities":[],"onAllDesktops":true,"geo":{"x":0,"y":0,"w":1920,"h":1080,"exakt":true},"min":{"w":0,"h":0},"max":{"w":2147483647,"h":2147483647},"fullScreen":false,"minimized":false,"maximizeMode":0,"moveable":false,"resizeable":false,"move":false,"resize":false,"managed":true,"deleted":false,"normalWindow":false,"specialWindow":true,"popupWindow":false,"dialog":false,"utility":false,"splash":false,"dock":false,"transient":false,"modal":false,"transientFor":null,"r":1788712674457,"n":18,"ms":2859}
2026-09-06T18:37:57+02:00 HAL9000 kwin_wayland[49086]: KXLGEO1 {"k":"win","s":3,"id":"{601ada54-23c8-4db2-973b-97cbc0619b0f}","cls":"plasmashell","caption":"<Titel entfernt>","output":"DP-3","desktops":[],"activities":[],"onAllDesktops":true,"geo":{"x":0,"y":1050,"w":1920,"h":30,"exakt":true},"min":{"w":0,"h":0},"max":{"w":2147483647,"h":2147483647},"fullScreen":false,"minimized":false,"maximizeMode":0,"moveable":false,"resizeable":false,"move":false,"resize":false,"managed":true,"deleted":false,"normalWindow":false,"specialWindow":true,"popupWindow":false,"dialog":false,"utility":false,"splash":false,"dock":true,"transient":false,"modal":false,"transientFor":null,"r":1788712674457,"n":19,"ms":2859}
2026-09-06T18:37:57+02:00 HAL9000 kwin_wayland[49086]: KXLGEO1 {"k":"win","s":3,"id":"{b02c190c-7073-4af1-ae6a-b2cabdefa679}","cls":"org.kde.kwrite","caption":"kxl-g1.txt — KWrite","output":"DP-3","desktops":["89539ae6-e06b-4c76-a057-95df959578a9"],"activities":["a89f5ec2-ab8e-4108-8088-7118500a3aab"],"onAllDesktops":false,"geo":{"x":0,"y":0,"w":1920,"h":1050,"exakt":true},"min":{"w":157,"h":150},"max":{"w":2147483647,"h":2147483647},"fullScreen":false,"minimized":false,"maximizeMode":0,"moveable":true,"resizeable":true,"move":false,"resize":false,"managed":true,"deleted":false,"normalWindow":true,"specialWindow":false,"popupWindow":false,"dialog":false,"utility":false,"splash":false,"dock":false,"transient":false,"modal":false,"transientFor":null,"r":1788712674457,"n":20,"ms":2859}
2026-09-06T18:37:57+02:00 HAL9000 kwin_wayland[49086]: KXLGEO1 {"k":"end","st":"ok","total":21,"samples":4,"fehler":0,"timer_aktiv":0,"r":1788712674457,"n":21,"ms":2860}
2026-09-06T18:38:36+02:00 HAL9000 kxl-abnahme[52790]: == Fall 25a Ende ==
2026-09-06T18:38:36+02:00 HAL9000 kxl-abnahme[52791]: == Fall 25b Anfang ==
2026-09-06T18:38:37+02:00 HAL9000 kwin_wayland[49086]: kwin-xmonad-lite: arrange #53 grund=windowActivated,windowAdded surfaces=1 mitglieder=2 teilnehmer=2
2026-09-06T18:38:37+02:00 HAL9000 kwin_wayland[49086]: kwin-xmonad-lite: surface a89f5ec2-ab8e-4108-8088-7118500a3aab|89539ae6-e06b-4c76-a057-95df959578a9|DP-3 layout=tall n=2 ratio=0.65 fläche=1920x1050+0+0
2026-09-06T18:38:37+02:00 HAL9000 kwin_wayland[49086]: kwin-xmonad-lite: diagnose a89f5ec2-ab8e-4108-8088-7118500a3aab|89539ae6-e06b-4c76-a057-95df959578a9|DP-3 order={3fb8e7bc-2e25-46bc-8c00-18d985dd7e4e},{b02c190c-7073-4af1-ae6a-b2cabdefa679} teilnehmer={3fb8e7bc-2e25-46bc-8c00-18d985dd7e4e},{b02c190c-7073-4af1-ae6a-b2cabdefa679} float=
2026-09-06T18:38:37+02:00 HAL9000 kwin_wayland[49086]: kwin-xmonad-lite: apply {3fb8e7bc-2e25-46bc-8c00-18d985dd7e4e} soll=1248x1050+0+0
2026-09-06T18:38:37+02:00 HAL9000 kwin_wayland[49086]: kwin-xmonad-lite: apply {b02c190c-7073-4af1-ae6a-b2cabdefa679} soll=672x1050+1248+0
2026-09-06T18:38:40+02:00 HAL9000 kwin_wayland[49086]: kwin-xmonad-lite: arrange #54 grund=windowActivated,windowAdded surfaces=1 mitglieder=3 teilnehmer=3
2026-09-06T18:38:40+02:00 HAL9000 kwin_wayland[49086]: kwin-xmonad-lite: surface a89f5ec2-ab8e-4108-8088-7118500a3aab|89539ae6-e06b-4c76-a057-95df959578a9|DP-3 layout=tall n=3 ratio=0.65 fläche=1920x1050+0+0
2026-09-06T18:38:40+02:00 HAL9000 kwin_wayland[49086]: kwin-xmonad-lite: diagnose a89f5ec2-ab8e-4108-8088-7118500a3aab|89539ae6-e06b-4c76-a057-95df959578a9|DP-3 order={6ca459a0-baf7-4975-92a1-ff1917e6ac7b},{3fb8e7bc-2e25-46bc-8c00-18d985dd7e4e},{b02c190c-7073-4af1-ae6a-b2cabdefa679} teilnehmer={6ca459a0-baf7-4975-92a1-ff1917e6ac7b},{3fb8e7bc-2e25-46bc-8c00-18d985dd7e4e},{b02c190c-7073-4af1-ae6a-b2cabdefa679} float=
2026-09-06T18:38:40+02:00 HAL9000 kwin_wayland[49086]: kwin-xmonad-lite: apply {6ca459a0-baf7-4975-92a1-ff1917e6ac7b} soll=1248x1050+0+0
2026-09-06T18:38:40+02:00 HAL9000 kwin_wayland[49086]: kwin-xmonad-lite: apply {3fb8e7bc-2e25-46bc-8c00-18d985dd7e4e} soll=672x525+1248+0
2026-09-06T18:38:40+02:00 HAL9000 kwin_wayland[49086]: kwin-xmonad-lite: apply {b02c190c-7073-4af1-ae6a-b2cabdefa679} soll=672x525+1248+525
2026-09-06T18:39:01+02:00 HAL9000 kwin_wayland[49086]: KXLGEO1 {"k":"meta","tag":"KXLGEO1","start":1788712741818,"perOutputDesktops":false,"outputs":1,"samples":[0,500,1500,3000],"titlePrefix":"kxl-","r":1788712741818,"n":0,"ms":0}
2026-09-06T18:39:01+02:00 HAL9000 kwin_wayland[49086]: KXLGEO1 {"k":"view","s":0,"key":"a89f5ec2-ab8e-4108-8088-7118500a3aab|89539ae6-e06b-4c76-a057-95df959578a9|DP-3","activity":"a89f5ec2-ab8e-4108-8088-7118500a3aab","desktop":"89539ae6-e06b-4c76-a057-95df959578a9","output":"DP-3","area":{"x":0,"y":0,"w":1920,"h":1050,"exakt":true},"r":1788712741818,"n":1,"ms":0}
2026-09-06T18:39:01+02:00 HAL9000 kwin_wayland[49086]: KXLGEO1 {"k":"active","s":0,"activeId":"{6ca459a0-baf7-4975-92a1-ff1917e6ac7b}","r":1788712741818,"n":2,"ms":0}
2026-09-06T18:39:01+02:00 HAL9000 kwin_wayland[49086]: KXLGEO1 {"k":"win","s":0,"id":"{7a0a4cb3-5b11-494f-b71f-942b970b1d4d}","cls":"plasmashell","caption":"<Titel entfernt>","output":"DP-3","desktops":[],"activities":[],"onAllDesktops":true,"geo":{"x":0,"y":0,"w":1920,"h":1080,"exakt":true},"min":{"w":0,"h":0},"max":{"w":2147483647,"h":2147483647},"fullScreen":false,"minimized":false,"maximizeMode":0,"moveable":false,"resizeable":false,"move":false,"resize":false,"managed":true,"deleted":false,"normalWindow":false,"specialWindow":true,"popupWindow":false,"dialog":false,"utility":false,"splash":false,"dock":false,"transient":false,"modal":false,"transientFor":null,"r":1788712741818,"n":3,"ms":1}
2026-09-06T18:39:01+02:00 HAL9000 kwin_wayland[49086]: KXLGEO1 {"k":"win","s":0,"id":"{601ada54-23c8-4db2-973b-97cbc0619b0f}","cls":"plasmashell","caption":"<Titel entfernt>","output":"DP-3","desktops":[],"activities":[],"onAllDesktops":true,"geo":{"x":0,"y":1050,"w":1920,"h":30,"exakt":true},"min":{"w":0,"h":0},"max":{"w":2147483647,"h":2147483647},"fullScreen":false,"minimized":false,"maximizeMode":0,"moveable":false,"resizeable":false,"move":false,"resize":false,"managed":true,"deleted":false,"normalWindow":false,"specialWindow":true,"popupWindow":false,"dialog":false,"utility":false,"splash":false,"dock":true,"transient":false,"modal":false,"transientFor":null,"r":1788712741818,"n":4,"ms":1}
2026-09-06T18:39:01+02:00 HAL9000 kwin_wayland[49086]: KXLGEO1 {"k":"win","s":0,"id":"{b02c190c-7073-4af1-ae6a-b2cabdefa679}","cls":"org.kde.kwrite","caption":"kxl-g1.txt — KWrite","output":"DP-3","desktops":["89539ae6-e06b-4c76-a057-95df959578a9"],"activities":["a89f5ec2-ab8e-4108-8088-7118500a3aab"],"onAllDesktops":false,"geo":{"x":1248,"y":525,"w":672,"h":525,"exakt":true},"min":{"w":157,"h":150},"max":{"w":2147483647,"h":2147483647},"fullScreen":false,"minimized":false,"maximizeMode":0,"moveable":true,"resizeable":true,"move":false,"resize":false,"managed":true,"deleted":false,"normalWindow":true,"specialWindow":false,"popupWindow":false,"dialog":false,"utility":false,"splash":false,"dock":false,"transient":false,"modal":false,"transientFor":null,"r":1788712741818,"n":5,"ms":1}
2026-09-06T18:39:01+02:00 HAL9000 kwin_wayland[49086]: KXLGEO1 {"k":"win","s":0,"id":"{3fb8e7bc-2e25-46bc-8c00-18d985dd7e4e}","cls":"org.kde.kwrite","caption":"kxl-g2.txt — KWrite","output":"DP-3","desktops":["89539ae6-e06b-4c76-a057-95df959578a9"],"activities":["a89f5ec2-ab8e-4108-8088-7118500a3aab"],"onAllDesktops":false,"geo":{"x":1248,"y":0,"w":672,"h":525,"exakt":true},"min":{"w":157,"h":150},"max":{"w":2147483647,"h":2147483647},"fullScreen":false,"minimized":false,"maximizeMode":0,"moveable":true,"resizeable":true,"move":false,"resize":false,"managed":true,"deleted":false,"normalWindow":true,"specialWindow":false,"popupWindow":false,"dialog":false,"utility":false,"splash":false,"dock":false,"transient":false,"modal":false,"transientFor":null,"r":1788712741818,"n":6,"ms":1}
2026-09-06T18:39:01+02:00 HAL9000 kwin_wayland[49086]: KXLGEO1 {"k":"win","s":0,"id":"{6ca459a0-baf7-4975-92a1-ff1917e6ac7b}","cls":"org.kde.kwrite","caption":"kxl-g3.txt — KWrite","output":"DP-3","desktops":["89539ae6-e06b-4c76-a057-95df959578a9"],"activities":["a89f5ec2-ab8e-4108-8088-7118500a3aab"],"onAllDesktops":false,"geo":{"x":0,"y":0,"w":1248,"h":1050,"exakt":true},"min":{"w":157,"h":150},"max":{"w":2147483647,"h":2147483647},"fullScreen":false,"minimized":false,"maximizeMode":0,"moveable":true,"resizeable":true,"move":false,"resize":false,"managed":true,"deleted":false,"normalWindow":true,"specialWindow":false,"popupWindow":false,"dialog":false,"utility":false,"splash":false,"dock":false,"transient":false,"modal":false,"transientFor":null,"r":1788712741818,"n":7,"ms":1}
2026-09-06T18:39:02+02:00 HAL9000 kwin_wayland[49086]: KXLGEO1 {"k":"view","s":1,"key":"a89f5ec2-ab8e-4108-8088-7118500a3aab|89539ae6-e06b-4c76-a057-95df959578a9|DP-3","activity":"a89f5ec2-ab8e-4108-8088-7118500a3aab","desktop":"89539ae6-e06b-4c76-a057-95df959578a9","output":"DP-3","area":{"x":0,"y":0,"w":1920,"h":1050,"exakt":true},"r":1788712741818,"n":8,"ms":496}
2026-09-06T18:39:02+02:00 HAL9000 kwin_wayland[49086]: KXLGEO1 {"k":"active","s":1,"activeId":"{6ca459a0-baf7-4975-92a1-ff1917e6ac7b}","r":1788712741818,"n":9,"ms":497}
2026-09-06T18:39:02+02:00 HAL9000 kwin_wayland[49086]: KXLGEO1 {"k":"win","s":1,"id":"{7a0a4cb3-5b11-494f-b71f-942b970b1d4d}","cls":"plasmashell","caption":"<Titel entfernt>","output":"DP-3","desktops":[],"activities":[],"onAllDesktops":true,"geo":{"x":0,"y":0,"w":1920,"h":1080,"exakt":true},"min":{"w":0,"h":0},"max":{"w":2147483647,"h":2147483647},"fullScreen":false,"minimized":false,"maximizeMode":0,"moveable":false,"resizeable":false,"move":false,"resize":false,"managed":true,"deleted":false,"normalWindow":false,"specialWindow":true,"popupWindow":false,"dialog":false,"utility":false,"splash":false,"dock":false,"transient":false,"modal":false,"transientFor":null,"r":1788712741818,"n":10,"ms":497}
2026-09-06T18:39:02+02:00 HAL9000 kwin_wayland[49086]: KXLGEO1 {"k":"win","s":1,"id":"{601ada54-23c8-4db2-973b-97cbc0619b0f}","cls":"plasmashell","caption":"<Titel entfernt>","output":"DP-3","desktops":[],"activities":[],"onAllDesktops":true,"geo":{"x":0,"y":1050,"w":1920,"h":30,"exakt":true},"min":{"w":0,"h":0},"max":{"w":2147483647,"h":2147483647},"fullScreen":false,"minimized":false,"maximizeMode":0,"moveable":false,"resizeable":false,"move":false,"resize":false,"managed":true,"deleted":false,"normalWindow":false,"specialWindow":true,"popupWindow":false,"dialog":false,"utility":false,"splash":false,"dock":true,"transient":false,"modal":false,"transientFor":null,"r":1788712741818,"n":11,"ms":497}
2026-09-06T18:39:02+02:00 HAL9000 kwin_wayland[49086]: KXLGEO1 {"k":"win","s":1,"id":"{b02c190c-7073-4af1-ae6a-b2cabdefa679}","cls":"org.kde.kwrite","caption":"kxl-g1.txt — KWrite","output":"DP-3","desktops":["89539ae6-e06b-4c76-a057-95df959578a9"],"activities":["a89f5ec2-ab8e-4108-8088-7118500a3aab"],"onAllDesktops":false,"geo":{"x":1248,"y":525,"w":672,"h":525,"exakt":true},"min":{"w":157,"h":150},"max":{"w":2147483647,"h":2147483647},"fullScreen":false,"minimized":false,"maximizeMode":0,"moveable":true,"resizeable":true,"move":false,"resize":false,"managed":true,"deleted":false,"normalWindow":true,"specialWindow":false,"popupWindow":false,"dialog":false,"utility":false,"splash":false,"dock":false,"transient":false,"modal":false,"transientFor":null,"r":1788712741818,"n":12,"ms":498}
2026-09-06T18:39:02+02:00 HAL9000 kwin_wayland[49086]: KXLGEO1 {"k":"win","s":1,"id":"{3fb8e7bc-2e25-46bc-8c00-18d985dd7e4e}","cls":"org.kde.kwrite","caption":"kxl-g2.txt — KWrite","output":"DP-3","desktops":["89539ae6-e06b-4c76-a057-95df959578a9"],"activities":["a89f5ec2-ab8e-4108-8088-7118500a3aab"],"onAllDesktops":false,"geo":{"x":1248,"y":0,"w":672,"h":525,"exakt":true},"min":{"w":157,"h":150},"max":{"w":2147483647,"h":2147483647},"fullScreen":false,"minimized":false,"maximizeMode":0,"moveable":true,"resizeable":true,"move":false,"resize":false,"managed":true,"deleted":false,"normalWindow":true,"specialWindow":false,"popupWindow":false,"dialog":false,"utility":false,"splash":false,"dock":false,"transient":false,"modal":false,"transientFor":null,"r":1788712741818,"n":13,"ms":498}
2026-09-06T18:39:02+02:00 HAL9000 kwin_wayland[49086]: KXLGEO1 {"k":"win","s":1,"id":"{6ca459a0-baf7-4975-92a1-ff1917e6ac7b}","cls":"org.kde.kwrite","caption":"kxl-g3.txt — KWrite","output":"DP-3","desktops":["89539ae6-e06b-4c76-a057-95df959578a9"],"activities":["a89f5ec2-ab8e-4108-8088-7118500a3aab"],"onAllDesktops":false,"geo":{"x":0,"y":0,"w":1248,"h":1050,"exakt":true},"min":{"w":157,"h":150},"max":{"w":2147483647,"h":2147483647},"fullScreen":false,"minimized":false,"maximizeMode":0,"moveable":true,"resizeable":true,"move":false,"resize":false,"managed":true,"deleted":false,"normalWindow":true,"specialWindow":false,"popupWindow":false,"dialog":false,"utility":false,"splash":false,"dock":false,"transient":false,"modal":false,"transientFor":null,"r":1788712741818,"n":14,"ms":498}
2026-09-06T18:39:03+02:00 HAL9000 kwin_wayland[49086]: KXLGEO1 {"k":"view","s":2,"key":"a89f5ec2-ab8e-4108-8088-7118500a3aab|89539ae6-e06b-4c76-a057-95df959578a9|DP-3","activity":"a89f5ec2-ab8e-4108-8088-7118500a3aab","desktop":"89539ae6-e06b-4c76-a057-95df959578a9","output":"DP-3","area":{"x":0,"y":0,"w":1920,"h":1050,"exakt":true},"r":1788712741818,"n":15,"ms":1496}
2026-09-06T18:39:03+02:00 HAL9000 kwin_wayland[49086]: KXLGEO1 {"k":"active","s":2,"activeId":"{6ca459a0-baf7-4975-92a1-ff1917e6ac7b}","r":1788712741818,"n":16,"ms":1496}
2026-09-06T18:39:03+02:00 HAL9000 kwin_wayland[49086]: KXLGEO1 {"k":"win","s":2,"id":"{7a0a4cb3-5b11-494f-b71f-942b970b1d4d}","cls":"plasmashell","caption":"<Titel entfernt>","output":"DP-3","desktops":[],"activities":[],"onAllDesktops":true,"geo":{"x":0,"y":0,"w":1920,"h":1080,"exakt":true},"min":{"w":0,"h":0},"max":{"w":2147483647,"h":2147483647},"fullScreen":false,"minimized":false,"maximizeMode":0,"moveable":false,"resizeable":false,"move":false,"resize":false,"managed":true,"deleted":false,"normalWindow":false,"specialWindow":true,"popupWindow":false,"dialog":false,"utility":false,"splash":false,"dock":false,"transient":false,"modal":false,"transientFor":null,"r":1788712741818,"n":17,"ms":1497}
2026-09-06T18:39:03+02:00 HAL9000 kwin_wayland[49086]: KXLGEO1 {"k":"win","s":2,"id":"{601ada54-23c8-4db2-973b-97cbc0619b0f}","cls":"plasmashell","caption":"<Titel entfernt>","output":"DP-3","desktops":[],"activities":[],"onAllDesktops":true,"geo":{"x":0,"y":1050,"w":1920,"h":30,"exakt":true},"min":{"w":0,"h":0},"max":{"w":2147483647,"h":2147483647},"fullScreen":false,"minimized":false,"maximizeMode":0,"moveable":false,"resizeable":false,"move":false,"resize":false,"managed":true,"deleted":false,"normalWindow":false,"specialWindow":true,"popupWindow":false,"dialog":false,"utility":false,"splash":false,"dock":true,"transient":false,"modal":false,"transientFor":null,"r":1788712741818,"n":18,"ms":1497}
2026-09-06T18:39:03+02:00 HAL9000 kwin_wayland[49086]: KXLGEO1 {"k":"win","s":2,"id":"{b02c190c-7073-4af1-ae6a-b2cabdefa679}","cls":"org.kde.kwrite","caption":"kxl-g1.txt — KWrite","output":"DP-3","desktops":["89539ae6-e06b-4c76-a057-95df959578a9"],"activities":["a89f5ec2-ab8e-4108-8088-7118500a3aab"],"onAllDesktops":false,"geo":{"x":1248,"y":525,"w":672,"h":525,"exakt":true},"min":{"w":157,"h":150},"max":{"w":2147483647,"h":2147483647},"fullScreen":false,"minimized":false,"maximizeMode":0,"moveable":true,"resizeable":true,"move":false,"resize":false,"managed":true,"deleted":false,"normalWindow":true,"specialWindow":false,"popupWindow":false,"dialog":false,"utility":false,"splash":false,"dock":false,"transient":false,"modal":false,"transientFor":null,"r":1788712741818,"n":19,"ms":1497}
2026-09-06T18:39:03+02:00 HAL9000 kwin_wayland[49086]: KXLGEO1 {"k":"win","s":2,"id":"{3fb8e7bc-2e25-46bc-8c00-18d985dd7e4e}","cls":"org.kde.kwrite","caption":"kxl-g2.txt — KWrite","output":"DP-3","desktops":["89539ae6-e06b-4c76-a057-95df959578a9"],"activities":["a89f5ec2-ab8e-4108-8088-7118500a3aab"],"onAllDesktops":false,"geo":{"x":1248,"y":0,"w":672,"h":525,"exakt":true},"min":{"w":157,"h":150},"max":{"w":2147483647,"h":2147483647},"fullScreen":false,"minimized":false,"maximizeMode":0,"moveable":true,"resizeable":true,"move":false,"resize":false,"managed":true,"deleted":false,"normalWindow":true,"specialWindow":false,"popupWindow":false,"dialog":false,"utility":false,"splash":false,"dock":false,"transient":false,"modal":false,"transientFor":null,"r":1788712741818,"n":20,"ms":1498}
2026-09-06T18:39:03+02:00 HAL9000 kwin_wayland[49086]: KXLGEO1 {"k":"win","s":2,"id":"{6ca459a0-baf7-4975-92a1-ff1917e6ac7b}","cls":"org.kde.kwrite","caption":"kxl-g3.txt — KWrite","output":"DP-3","desktops":["89539ae6-e06b-4c76-a057-95df959578a9"],"activities":["a89f5ec2-ab8e-4108-8088-7118500a3aab"],"onAllDesktops":false,"geo":{"x":0,"y":0,"w":1248,"h":1050,"exakt":true},"min":{"w":157,"h":150},"max":{"w":2147483647,"h":2147483647},"fullScreen":false,"minimized":false,"maximizeMode":0,"moveable":true,"resizeable":true,"move":false,"resize":false,"managed":true,"deleted":false,"normalWindow":true,"specialWindow":false,"popupWindow":false,"dialog":false,"utility":false,"splash":false,"dock":false,"transient":false,"modal":false,"transientFor":null,"r":1788712741818,"n":21,"ms":1498}
2026-09-06T18:39:04+02:00 HAL9000 kwin_wayland[49086]: KXLGEO1 {"k":"view","s":3,"key":"a89f5ec2-ab8e-4108-8088-7118500a3aab|89539ae6-e06b-4c76-a057-95df959578a9|DP-3","activity":"a89f5ec2-ab8e-4108-8088-7118500a3aab","desktop":"89539ae6-e06b-4c76-a057-95df959578a9","output":"DP-3","area":{"x":0,"y":0,"w":1920,"h":1050,"exakt":true},"r":1788712741818,"n":22,"ms":2997}
2026-09-06T18:39:04+02:00 HAL9000 kwin_wayland[49086]: KXLGEO1 {"k":"active","s":3,"activeId":"{6ca459a0-baf7-4975-92a1-ff1917e6ac7b}","r":1788712741818,"n":23,"ms":2997}
2026-09-06T18:39:04+02:00 HAL9000 kwin_wayland[49086]: KXLGEO1 {"k":"win","s":3,"id":"{7a0a4cb3-5b11-494f-b71f-942b970b1d4d}","cls":"plasmashell","caption":"<Titel entfernt>","output":"DP-3","desktops":[],"activities":[],"onAllDesktops":true,"geo":{"x":0,"y":0,"w":1920,"h":1080,"exakt":true},"min":{"w":0,"h":0},"max":{"w":2147483647,"h":2147483647},"fullScreen":false,"minimized":false,"maximizeMode":0,"moveable":false,"resizeable":false,"move":false,"resize":false,"managed":true,"deleted":false,"normalWindow":false,"specialWindow":true,"popupWindow":false,"dialog":false,"utility":false,"splash":false,"dock":false,"transient":false,"modal":false,"transientFor":null,"r":1788712741818,"n":24,"ms":2998}
2026-09-06T18:39:04+02:00 HAL9000 kwin_wayland[49086]: KXLGEO1 {"k":"win","s":3,"id":"{601ada54-23c8-4db2-973b-97cbc0619b0f}","cls":"plasmashell","caption":"<Titel entfernt>","output":"DP-3","desktops":[],"activities":[],"onAllDesktops":true,"geo":{"x":0,"y":1050,"w":1920,"h":30,"exakt":true},"min":{"w":0,"h":0},"max":{"w":2147483647,"h":2147483647},"fullScreen":false,"minimized":false,"maximizeMode":0,"moveable":false,"resizeable":false,"move":false,"resize":false,"managed":true,"deleted":false,"normalWindow":false,"specialWindow":true,"popupWindow":false,"dialog":false,"utility":false,"splash":false,"dock":true,"transient":false,"modal":false,"transientFor":null,"r":1788712741818,"n":25,"ms":2998}
2026-09-06T18:39:04+02:00 HAL9000 kwin_wayland[49086]: KXLGEO1 {"k":"win","s":3,"id":"{b02c190c-7073-4af1-ae6a-b2cabdefa679}","cls":"org.kde.kwrite","caption":"kxl-g1.txt — KWrite","output":"DP-3","desktops":["89539ae6-e06b-4c76-a057-95df959578a9"],"activities":["a89f5ec2-ab8e-4108-8088-7118500a3aab"],"onAllDesktops":false,"geo":{"x":1248,"y":525,"w":672,"h":525,"exakt":true},"min":{"w":157,"h":150},"max":{"w":2147483647,"h":2147483647},"fullScreen":false,"minimized":false,"maximizeMode":0,"moveable":true,"resizeable":true,"move":false,"resize":false,"managed":true,"deleted":false,"normalWindow":true,"specialWindow":false,"popupWindow":false,"dialog":false,"utility":false,"splash":false,"dock":false,"transient":false,"modal":false,"transientFor":null,"r":1788712741818,"n":26,"ms":2998}
2026-09-06T18:39:04+02:00 HAL9000 kwin_wayland[49086]: KXLGEO1 {"k":"win","s":3,"id":"{3fb8e7bc-2e25-46bc-8c00-18d985dd7e4e}","cls":"org.kde.kwrite","caption":"kxl-g2.txt — KWrite","output":"DP-3","desktops":["89539ae6-e06b-4c76-a057-95df959578a9"],"activities":["a89f5ec2-ab8e-4108-8088-7118500a3aab"],"onAllDesktops":false,"geo":{"x":1248,"y":0,"w":672,"h":525,"exakt":true},"min":{"w":157,"h":150},"max":{"w":2147483647,"h":2147483647},"fullScreen":false,"minimized":false,"maximizeMode":0,"moveable":true,"resizeable":true,"move":false,"resize":false,"managed":true,"deleted":false,"normalWindow":true,"specialWindow":false,"popupWindow":false,"dialog":false,"utility":false,"splash":false,"dock":false,"transient":false,"modal":false,"transientFor":null,"r":1788712741818,"n":27,"ms":2999}
2026-09-06T18:39:04+02:00 HAL9000 kwin_wayland[49086]: KXLGEO1 {"k":"win","s":3,"id":"{6ca459a0-baf7-4975-92a1-ff1917e6ac7b}","cls":"org.kde.kwrite","caption":"kxl-g3.txt — KWrite","output":"DP-3","desktops":["89539ae6-e06b-4c76-a057-95df959578a9"],"activities":["a89f5ec2-ab8e-4108-8088-7118500a3aab"],"onAllDesktops":false,"geo":{"x":0,"y":0,"w":1248,"h":1050,"exakt":true},"min":{"w":157,"h":150},"max":{"w":2147483647,"h":2147483647},"fullScreen":false,"minimized":false,"maximizeMode":0,"moveable":true,"resizeable":true,"move":false,"resize":false,"managed":true,"deleted":false,"normalWindow":true,"specialWindow":false,"popupWindow":false,"dialog":false,"utility":false,"splash":false,"dock":false,"transient":false,"modal":false,"transientFor":null,"r":1788712741818,"n":28,"ms":2999}
2026-09-06T18:39:04+02:00 HAL9000 kwin_wayland[49086]: KXLGEO1 {"k":"end","st":"ok","total":29,"samples":4,"fehler":0,"timer_aktiv":0,"r":1788712741818,"n":29,"ms":2999}
2026-09-06T18:39:38+02:00 HAL9000 kwin_wayland[49086]: kwin-xmonad-lite: arrange #55 grund=windowAdded surfaces=1 mitglieder=3 teilnehmer=3
2026-09-06T18:39:38+02:00 HAL9000 kwin_wayland[49086]: kwin-xmonad-lite: surface a89f5ec2-ab8e-4108-8088-7118500a3aab|89539ae6-e06b-4c76-a057-95df959578a9|DP-3 layout=tall n=3 ratio=0.65 fläche=1920x1050+0+0
2026-09-06T18:39:38+02:00 HAL9000 kwin_wayland[49086]: kwin-xmonad-lite: diagnose a89f5ec2-ab8e-4108-8088-7118500a3aab|89539ae6-e06b-4c76-a057-95df959578a9|DP-3 order={6ca459a0-baf7-4975-92a1-ff1917e6ac7b},{3fb8e7bc-2e25-46bc-8c00-18d985dd7e4e},{b02c190c-7073-4af1-ae6a-b2cabdefa679} teilnehmer={6ca459a0-baf7-4975-92a1-ff1917e6ac7b},{3fb8e7bc-2e25-46bc-8c00-18d985dd7e4e},{b02c190c-7073-4af1-ae6a-b2cabdefa679} float=
2026-09-06T18:39:40+02:00 HAL9000 kwin_wayland[49086]: kwin-xmonad-lite: arrange #56 grund=closed,windowRemoved surfaces=1 mitglieder=3 teilnehmer=3
2026-09-06T18:39:40+02:00 HAL9000 kwin_wayland[49086]: kwin-xmonad-lite: surface a89f5ec2-ab8e-4108-8088-7118500a3aab|89539ae6-e06b-4c76-a057-95df959578a9|DP-3 layout=tall n=3 ratio=0.65 fläche=1920x1050+0+0
2026-09-06T18:39:40+02:00 HAL9000 kwin_wayland[49086]: kwin-xmonad-lite: diagnose a89f5ec2-ab8e-4108-8088-7118500a3aab|89539ae6-e06b-4c76-a057-95df959578a9|DP-3 order={6ca459a0-baf7-4975-92a1-ff1917e6ac7b},{3fb8e7bc-2e25-46bc-8c00-18d985dd7e4e},{b02c190c-7073-4af1-ae6a-b2cabdefa679} teilnehmer={6ca459a0-baf7-4975-92a1-ff1917e6ac7b},{3fb8e7bc-2e25-46bc-8c00-18d985dd7e4e},{b02c190c-7073-4af1-ae6a-b2cabdefa679} float=
2026-09-06T18:39:59+02:00 HAL9000 kxl-abnahme[52931]: == Fall 25b Ende ==
2026-09-06T18:40:02+02:00 HAL9000 kxl-abnahme[52935]: == Fall 20b Anfang ==
2026-09-06T18:40:03+02:00 HAL9000 kwin_wayland[49086]: kwin-xmonad-lite: arrange #57 grund=windowActivated,windowAdded surfaces=1 mitglieder=4 teilnehmer=4
2026-09-06T18:40:03+02:00 HAL9000 kwin_wayland[49086]: kwin-xmonad-lite: surface a89f5ec2-ab8e-4108-8088-7118500a3aab|89539ae6-e06b-4c76-a057-95df959578a9|DP-3 layout=tall n=4 ratio=0.65 fläche=1920x1050+0+0
2026-09-06T18:40:03+02:00 HAL9000 kwin_wayland[49086]: kwin-xmonad-lite: diagnose a89f5ec2-ab8e-4108-8088-7118500a3aab|89539ae6-e06b-4c76-a057-95df959578a9|DP-3 order={202a737b-d537-4f0b-a10a-42b1b5496d70},{6ca459a0-baf7-4975-92a1-ff1917e6ac7b},{3fb8e7bc-2e25-46bc-8c00-18d985dd7e4e},{b02c190c-7073-4af1-ae6a-b2cabdefa679} teilnehmer={202a737b-d537-4f0b-a10a-42b1b5496d70},{6ca459a0-baf7-4975-92a1-ff1917e6ac7b},{3fb8e7bc-2e25-46bc-8c00-18d985dd7e4e},{b02c190c-7073-4af1-ae6a-b2cabdefa679} float=
2026-09-06T18:40:03+02:00 HAL9000 kwin_wayland[49086]: kwin-xmonad-lite: apply {202a737b-d537-4f0b-a10a-42b1b5496d70} soll=1248x1050+0+0
2026-09-06T18:40:03+02:00 HAL9000 kwin_wayland[49086]: kwin-xmonad-lite: apply {6ca459a0-baf7-4975-92a1-ff1917e6ac7b} soll=672x350+1248+0
2026-09-06T18:40:03+02:00 HAL9000 kwin_wayland[49086]: kwin-xmonad-lite: apply {3fb8e7bc-2e25-46bc-8c00-18d985dd7e4e} soll=672x350+1248+350
2026-09-06T18:40:03+02:00 HAL9000 kwin_wayland[49086]: kwin-xmonad-lite: apply {b02c190c-7073-4af1-ae6a-b2cabdefa679} soll=672x350+1248+700
2026-09-06T18:40:06+02:00 HAL9000 kwin_wayland[49086]: kwin-xmonad-lite: arrange #58 grund=windowActivated,windowAdded surfaces=1 mitglieder=5 teilnehmer=5
2026-09-06T18:40:06+02:00 HAL9000 kwin_wayland[49086]: kwin-xmonad-lite: surface a89f5ec2-ab8e-4108-8088-7118500a3aab|89539ae6-e06b-4c76-a057-95df959578a9|DP-3 layout=tall n=5 ratio=0.65 fläche=1920x1050+0+0
2026-09-06T18:40:06+02:00 HAL9000 kwin_wayland[49086]: kwin-xmonad-lite: diagnose a89f5ec2-ab8e-4108-8088-7118500a3aab|89539ae6-e06b-4c76-a057-95df959578a9|DP-3 order={b6036c2f-c07d-4684-a4ba-3afb03e245c0},{202a737b-d537-4f0b-a10a-42b1b5496d70},{6ca459a0-baf7-4975-92a1-ff1917e6ac7b},{3fb8e7bc-2e25-46bc-8c00-18d985dd7e4e},{b02c190c-7073-4af1-ae6a-b2cabdefa679} teilnehmer={b6036c2f-c07d-4684-a4ba-3afb03e245c0},{202a737b-d537-4f0b-a10a-42b1b5496d70},{6ca459a0-baf7-4975-92a1-ff1917e6ac7b},{3fb8e7bc-2e25-46bc-8c00-18d985dd7e4e},{b02c190c-7073-4af1-ae6a-b2cabdefa679} float=
2026-09-06T18:40:06+02:00 HAL9000 kwin_wayland[49086]: kwin-xmonad-lite: apply {b6036c2f-c07d-4684-a4ba-3afb03e245c0} soll=1248x1050+0+0
2026-09-06T18:40:06+02:00 HAL9000 kwin_wayland[49086]: kwin-xmonad-lite: apply {202a737b-d537-4f0b-a10a-42b1b5496d70} soll=672x263+1248+0
2026-09-06T18:40:06+02:00 HAL9000 kwin_wayland[49086]: kwin-xmonad-lite: apply {6ca459a0-baf7-4975-92a1-ff1917e6ac7b} soll=672x263+1248+263
2026-09-06T18:40:06+02:00 HAL9000 kwin_wayland[49086]: kwin-xmonad-lite: apply {3fb8e7bc-2e25-46bc-8c00-18d985dd7e4e} soll=672x262+1248+526
2026-09-06T18:40:06+02:00 HAL9000 kwin_wayland[49086]: kwin-xmonad-lite: apply {b02c190c-7073-4af1-ae6a-b2cabdefa679} soll=672x262+1248+788
2026-09-06T18:40:09+02:00 HAL9000 kwin_wayland[49086]: kwin-xmonad-lite: arrange #59 grund=windowActivated,windowAdded surfaces=1 mitglieder=6 teilnehmer=6
2026-09-06T18:40:09+02:00 HAL9000 kwin_wayland[49086]: kwin-xmonad-lite: surface a89f5ec2-ab8e-4108-8088-7118500a3aab|89539ae6-e06b-4c76-a057-95df959578a9|DP-3 layout=tall n=6 ratio=0.65 fläche=1920x1050+0+0
2026-09-06T18:40:09+02:00 HAL9000 kwin_wayland[49086]: kwin-xmonad-lite: diagnose a89f5ec2-ab8e-4108-8088-7118500a3aab|89539ae6-e06b-4c76-a057-95df959578a9|DP-3 order={d840f8c1-00d7-4a60-af6c-9fd877526403},{b6036c2f-c07d-4684-a4ba-3afb03e245c0},{202a737b-d537-4f0b-a10a-42b1b5496d70},{6ca459a0-baf7-4975-92a1-ff1917e6ac7b},{3fb8e7bc-2e25-46bc-8c00-18d985dd7e4e},{b02c190c-7073-4af1-ae6a-b2cabdefa679} teilnehmer={d840f8c1-00d7-4a60-af6c-9fd877526403},{b6036c2f-c07d-4684-a4ba-3afb03e245c0},{202a737b-d537-4f0b-a10a-42b1b5496d70},{6ca459a0-baf7-4975-92a1-ff1917e6ac7b},{3fb8e7bc-2e25-46bc-8c00-18d985dd7e4e},{b02c190c-7073-4af1-ae6a-b2cabdefa679} float=
2026-09-06T18:40:09+02:00 HAL9000 kwin_wayland[49086]: kwin-xmonad-lite: apply {d840f8c1-00d7-4a60-af6c-9fd877526403} soll=1248x1050+0+0
2026-09-06T18:40:09+02:00 HAL9000 kwin_wayland[49086]: kwin-xmonad-lite: apply {b6036c2f-c07d-4684-a4ba-3afb03e245c0} soll=672x210+1248+0
2026-09-06T18:40:09+02:00 HAL9000 kwin_wayland[49086]: kwin-xmonad-lite: apply {202a737b-d537-4f0b-a10a-42b1b5496d70} soll=672x210+1248+210
2026-09-06T18:40:09+02:00 HAL9000 kwin_wayland[49086]: kwin-xmonad-lite: apply {6ca459a0-baf7-4975-92a1-ff1917e6ac7b} soll=672x210+1248+420
2026-09-06T18:40:09+02:00 HAL9000 kwin_wayland[49086]: kwin-xmonad-lite: apply {3fb8e7bc-2e25-46bc-8c00-18d985dd7e4e} soll=672x210+1248+630
2026-09-06T18:40:09+02:00 HAL9000 kwin_wayland[49086]: kwin-xmonad-lite: apply {b02c190c-7073-4af1-ae6a-b2cabdefa679} soll=672x210+1248+840
2026-09-06T18:40:35+02:00 HAL9000 kwin_wayland[49086]: kwin-xmonad-lite: gc #60 fenster=1 surfaces=0
2026-09-06T18:40:35+02:00 HAL9000 kwin_wayland[49086]: kwin-xmonad-lite: arrange #60 grund=closed,windowRemoved surfaces=1 mitglieder=5 teilnehmer=5
2026-09-06T18:40:35+02:00 HAL9000 kwin_wayland[49086]: kwin-xmonad-lite: surface a89f5ec2-ab8e-4108-8088-7118500a3aab|89539ae6-e06b-4c76-a057-95df959578a9|DP-3 layout=tall n=5 ratio=0.65 fläche=1920x1050+0+0
2026-09-06T18:40:35+02:00 HAL9000 kwin_wayland[49086]: kwin-xmonad-lite: diagnose a89f5ec2-ab8e-4108-8088-7118500a3aab|89539ae6-e06b-4c76-a057-95df959578a9|DP-3 order={d840f8c1-00d7-4a60-af6c-9fd877526403},{b6036c2f-c07d-4684-a4ba-3afb03e245c0},{202a737b-d537-4f0b-a10a-42b1b5496d70},{3fb8e7bc-2e25-46bc-8c00-18d985dd7e4e},{b02c190c-7073-4af1-ae6a-b2cabdefa679} teilnehmer={d840f8c1-00d7-4a60-af6c-9fd877526403},{b6036c2f-c07d-4684-a4ba-3afb03e245c0},{202a737b-d537-4f0b-a10a-42b1b5496d70},{3fb8e7bc-2e25-46bc-8c00-18d985dd7e4e},{b02c190c-7073-4af1-ae6a-b2cabdefa679} float=
2026-09-06T18:40:35+02:00 HAL9000 kwin_wayland[49086]: kwin-xmonad-lite: apply {b6036c2f-c07d-4684-a4ba-3afb03e245c0} soll=672x263+1248+0
2026-09-06T18:40:35+02:00 HAL9000 kwin_wayland[49086]: kwin-xmonad-lite: apply {202a737b-d537-4f0b-a10a-42b1b5496d70} soll=672x263+1248+263
2026-09-06T18:40:35+02:00 HAL9000 kwin_wayland[49086]: kwin-xmonad-lite: apply {3fb8e7bc-2e25-46bc-8c00-18d985dd7e4e} soll=672x262+1248+526
2026-09-06T18:40:35+02:00 HAL9000 kwin_wayland[49086]: kwin-xmonad-lite: apply {b02c190c-7073-4af1-ae6a-b2cabdefa679} soll=672x262+1248+788
2026-09-06T18:40:35+02:00 HAL9000 kwin_wayland[49086]: kwin-xmonad-lite: nachbessern {3fb8e7bc-2e25-46bc-8c00-18d985dd7e4e} versuch=1 ist=672x210+1248+630 soll=672x262+1248+526
2026-09-06T18:40:35+02:00 HAL9000 kwin_wayland[49086]: kwin-xmonad-lite: nachbessern {b02c190c-7073-4af1-ae6a-b2cabdefa679} versuch=1 ist=672x210+1248+840 soll=672x262+1248+788
2026-09-06T18:40:35+02:00 HAL9000 kwin_wayland[49086]: kwin-xmonad-lite: nachbessern {b02c190c-7073-4af1-ae6a-b2cabdefa679} versuch=2 ist=672x210+1248+840 soll=672x262+1248+788
2026-09-06T18:40:35+02:00 HAL9000 kwin_wayland[49086]: kwin-xmonad-lite: gc #61 fenster=1 surfaces=0
2026-09-06T18:40:35+02:00 HAL9000 kwin_wayland[49086]: kwin-xmonad-lite: arrange #61 grund=closed,windowRemoved surfaces=1 mitglieder=4 teilnehmer=4
2026-09-06T18:40:35+02:00 HAL9000 kwin_wayland[49086]: kwin-xmonad-lite: surface a89f5ec2-ab8e-4108-8088-7118500a3aab|89539ae6-e06b-4c76-a057-95df959578a9|DP-3 layout=tall n=4 ratio=0.65 fläche=1920x1050+0+0
2026-09-06T18:40:35+02:00 HAL9000 kwin_wayland[49086]: kwin-xmonad-lite: diagnose a89f5ec2-ab8e-4108-8088-7118500a3aab|89539ae6-e06b-4c76-a057-95df959578a9|DP-3 order={d840f8c1-00d7-4a60-af6c-9fd877526403},{b6036c2f-c07d-4684-a4ba-3afb03e245c0},{202a737b-d537-4f0b-a10a-42b1b5496d70},{b02c190c-7073-4af1-ae6a-b2cabdefa679} teilnehmer={d840f8c1-00d7-4a60-af6c-9fd877526403},{b6036c2f-c07d-4684-a4ba-3afb03e245c0},{202a737b-d537-4f0b-a10a-42b1b5496d70},{b02c190c-7073-4af1-ae6a-b2cabdefa679} float=
2026-09-06T18:40:35+02:00 HAL9000 kwin_wayland[49086]: kwin-xmonad-lite: apply {b6036c2f-c07d-4684-a4ba-3afb03e245c0} soll=672x350+1248+0
2026-09-06T18:40:35+02:00 HAL9000 kwin_wayland[49086]: kwin-xmonad-lite: apply {202a737b-d537-4f0b-a10a-42b1b5496d70} soll=672x350+1248+350
2026-09-06T18:40:35+02:00 HAL9000 kwin_wayland[49086]: kwin-xmonad-lite: apply {b02c190c-7073-4af1-ae6a-b2cabdefa679} soll=672x350+1248+700
2026-09-06T18:40:35+02:00 HAL9000 kwin_wayland[49086]: kwin-xmonad-lite: nachbessern {b02c190c-7073-4af1-ae6a-b2cabdefa679} versuch=1 ist=672x210+1248+840 soll=672x350+1248+700
2026-09-06T18:40:35+02:00 HAL9000 kwin_wayland[49086]: kwin-xmonad-lite: nachbessern {b02c190c-7073-4af1-ae6a-b2cabdefa679} versuch=2 ist=672x210+1248+840 soll=672x350+1248+700
2026-09-06T18:40:35+02:00 HAL9000 kwin_wayland[49086]: kwin-xmonad-lite: aufgegeben {b02c190c-7073-4af1-ae6a-b2cabdefa679} nach 2 Versuchen, ist=672x210+1248+840
2026-09-06T18:40:35+02:00 HAL9000 kwin_wayland[49086]: kwin-xmonad-lite: gc #62 fenster=1 surfaces=0
2026-09-06T18:40:35+02:00 HAL9000 kwin_wayland[49086]: kwin-xmonad-lite: arrange #62 grund=closed,windowRemoved surfaces=1 mitglieder=3 teilnehmer=3
2026-09-06T18:40:35+02:00 HAL9000 kwin_wayland[49086]: kwin-xmonad-lite: surface a89f5ec2-ab8e-4108-8088-7118500a3aab|89539ae6-e06b-4c76-a057-95df959578a9|DP-3 layout=tall n=3 ratio=0.65 fläche=1920x1050+0+0
2026-09-06T18:40:35+02:00 HAL9000 kwin_wayland[49086]: kwin-xmonad-lite: diagnose a89f5ec2-ab8e-4108-8088-7118500a3aab|89539ae6-e06b-4c76-a057-95df959578a9|DP-3 order={d840f8c1-00d7-4a60-af6c-9fd877526403},{b6036c2f-c07d-4684-a4ba-3afb03e245c0},{202a737b-d537-4f0b-a10a-42b1b5496d70} teilnehmer={d840f8c1-00d7-4a60-af6c-9fd877526403},{b6036c2f-c07d-4684-a4ba-3afb03e245c0},{202a737b-d537-4f0b-a10a-42b1b5496d70} float=
2026-09-06T18:40:35+02:00 HAL9000 kwin_wayland[49086]: kwin-xmonad-lite: apply {b6036c2f-c07d-4684-a4ba-3afb03e245c0} soll=672x525+1248+0
2026-09-06T18:40:35+02:00 HAL9000 kwin_wayland[49086]: kwin-xmonad-lite: apply {202a737b-d537-4f0b-a10a-42b1b5496d70} soll=672x525+1248+525
2026-09-06T18:44:46+02:00 HAL9000 kwin_wayland[49086]: kwin-xmonad-lite: befehl focusNext surface=a89f5ec2-ab8e-4108-8088-7118500a3aab|89539ae6-e06b-4c76-a057-95df959578a9|DP-3 via=aktiv fokus={b6036c2f-c07d-4684-a4ba-3afb03e245c0}
2026-09-06T18:44:46+02:00 HAL9000 kwin_wayland[49086]: kwin-xmonad-lite: aktiviere {b6036c2f-c07d-4684-a4ba-3afb03e245c0}
2026-09-06T18:44:46+02:00 HAL9000 kwin_wayland[49086]: kwin-xmonad-lite: arrange #63 grund=windowActivated,shortcut:focusNext surfaces=1 mitglieder=3 teilnehmer=3
2026-09-06T18:44:46+02:00 HAL9000 kwin_wayland[49086]: kwin-xmonad-lite: surface a89f5ec2-ab8e-4108-8088-7118500a3aab|89539ae6-e06b-4c76-a057-95df959578a9|DP-3 layout=tall n=3 ratio=0.65 fläche=1920x1050+0+0
2026-09-06T18:44:46+02:00 HAL9000 kwin_wayland[49086]: kwin-xmonad-lite: diagnose a89f5ec2-ab8e-4108-8088-7118500a3aab|89539ae6-e06b-4c76-a057-95df959578a9|DP-3 order={d840f8c1-00d7-4a60-af6c-9fd877526403},{b6036c2f-c07d-4684-a4ba-3afb03e245c0},{202a737b-d537-4f0b-a10a-42b1b5496d70} teilnehmer={d840f8c1-00d7-4a60-af6c-9fd877526403},{b6036c2f-c07d-4684-a4ba-3afb03e245c0},{202a737b-d537-4f0b-a10a-42b1b5496d70} float=
2026-09-06T18:45:00+02:00 HAL9000 kwin_wayland[49086]: kwin-xmonad-lite: arrange #64 grund=windowActivated,windowAdded surfaces=1 mitglieder=3 teilnehmer=3
2026-09-06T18:45:00+02:00 HAL9000 kwin_wayland[49086]: kwin-xmonad-lite: surface a89f5ec2-ab8e-4108-8088-7118500a3aab|89539ae6-e06b-4c76-a057-95df959578a9|DP-3 layout=tall n=3 ratio=0.65 fläche=1920x1050+0+0
2026-09-06T18:45:00+02:00 HAL9000 kwin_wayland[49086]: kwin-xmonad-lite: diagnose a89f5ec2-ab8e-4108-8088-7118500a3aab|89539ae6-e06b-4c76-a057-95df959578a9|DP-3 order={d840f8c1-00d7-4a60-af6c-9fd877526403},{b6036c2f-c07d-4684-a4ba-3afb03e245c0},{202a737b-d537-4f0b-a10a-42b1b5496d70} teilnehmer={d840f8c1-00d7-4a60-af6c-9fd877526403},{b6036c2f-c07d-4684-a4ba-3afb03e245c0},{202a737b-d537-4f0b-a10a-42b1b5496d70} float=
2026-09-06T18:45:13+02:00 HAL9000 kwin_wayland[49086]: KXLGEO1 {"k":"meta","tag":"KXLGEO1","start":1788713113621,"perOutputDesktops":false,"outputs":1,"samples":[0,500,1500,3000],"titlePrefix":"kxl-","r":1788713113621,"n":0,"ms":0}
2026-09-06T18:45:13+02:00 HAL9000 kwin_wayland[49086]: KXLGEO1 {"k":"view","s":0,"key":"a89f5ec2-ab8e-4108-8088-7118500a3aab|89539ae6-e06b-4c76-a057-95df959578a9|DP-3","activity":"a89f5ec2-ab8e-4108-8088-7118500a3aab","desktop":"89539ae6-e06b-4c76-a057-95df959578a9","output":"DP-3","area":{"x":0,"y":0,"w":1920,"h":1050,"exakt":true},"r":1788713113621,"n":1,"ms":0}
2026-09-06T18:45:13+02:00 HAL9000 kwin_wayland[49086]: KXLGEO1 {"k":"active","s":0,"activeId":"{fb1161ee-f0d2-4cf5-b498-e3288e3952a8}","r":1788713113621,"n":2,"ms":0}
2026-09-06T18:45:13+02:00 HAL9000 kwin_wayland[49086]: KXLGEO1 {"k":"win","s":0,"id":"{7a0a4cb3-5b11-494f-b71f-942b970b1d4d}","cls":"plasmashell","caption":"<Titel entfernt>","output":"DP-3","desktops":[],"activities":[],"onAllDesktops":true,"geo":{"x":0,"y":0,"w":1920,"h":1080,"exakt":true},"min":{"w":0,"h":0},"max":{"w":2147483647,"h":2147483647},"fullScreen":false,"minimized":false,"maximizeMode":0,"moveable":false,"resizeable":false,"move":false,"resize":false,"managed":true,"deleted":false,"normalWindow":false,"specialWindow":true,"popupWindow":false,"dialog":false,"utility":false,"splash":false,"dock":false,"transient":false,"modal":false,"transientFor":null,"r":1788713113621,"n":3,"ms":1}
2026-09-06T18:45:13+02:00 HAL9000 kwin_wayland[49086]: KXLGEO1 {"k":"win","s":0,"id":"{601ada54-23c8-4db2-973b-97cbc0619b0f}","cls":"plasmashell","caption":"<Titel entfernt>","output":"DP-3","desktops":[],"activities":[],"onAllDesktops":true,"geo":{"x":0,"y":1050,"w":1920,"h":30,"exakt":true},"min":{"w":0,"h":0},"max":{"w":2147483647,"h":2147483647},"fullScreen":false,"minimized":false,"maximizeMode":0,"moveable":false,"resizeable":false,"move":false,"resize":false,"managed":true,"deleted":false,"normalWindow":false,"specialWindow":true,"popupWindow":false,"dialog":false,"utility":false,"splash":false,"dock":true,"transient":false,"modal":false,"transientFor":null,"r":1788713113621,"n":4,"ms":1}
2026-09-06T18:45:13+02:00 HAL9000 kwin_wayland[49086]: KXLGEO1 {"k":"win","s":0,"id":"{202a737b-d537-4f0b-a10a-42b1b5496d70}","cls":"org.kde.kwrite","caption":"kxl-m1.txt — KWrite","output":"DP-3","desktops":["89539ae6-e06b-4c76-a057-95df959578a9"],"activities":["a89f5ec2-ab8e-4108-8088-7118500a3aab"],"onAllDesktops":false,"geo":{"x":1248,"y":525,"w":672,"h":525,"exakt":true},"min":{"w":157,"h":150},"max":{"w":2147483647,"h":2147483647},"fullScreen":false,"minimized":false,"maximizeMode":0,"moveable":true,"resizeable":true,"move":false,"resize":false,"managed":true,"deleted":false,"normalWindow":true,"specialWindow":false,"popupWindow":false,"dialog":false,"utility":false,"splash":false,"dock":false,"transient":false,"modal":false,"transientFor":null,"r":1788713113621,"n":5,"ms":1}
2026-09-06T18:45:13+02:00 HAL9000 kwin_wayland[49086]: KXLGEO1 {"k":"win","s":0,"id":"{b6036c2f-c07d-4684-a4ba-3afb03e245c0}","cls":"org.kde.kwrite","caption":"kxl-m2.txt — KWrite","output":"DP-3","desktops":["89539ae6-e06b-4c76-a057-95df959578a9"],"activities":["a89f5ec2-ab8e-4108-8088-7118500a3aab"],"onAllDesktops":false,"geo":{"x":1248,"y":0,"w":672,"h":525,"exakt":true},"min":{"w":157,"h":150},"max":{"w":2147483647,"h":2147483647},"fullScreen":false,"minimized":false,"maximizeMode":0,"moveable":true,"resizeable":true,"move":false,"resize":false,"managed":true,"deleted":false,"normalWindow":true,"specialWindow":false,"popupWindow":false,"dialog":false,"utility":false,"splash":false,"dock":false,"transient":false,"modal":false,"transientFor":null,"r":1788713113621,"n":6,"ms":1}
2026-09-06T18:45:13+02:00 HAL9000 kwin_wayland[49086]: KXLGEO1 {"k":"win","s":0,"id":"{d840f8c1-00d7-4a60-af6c-9fd877526403}","cls":"org.kde.kwrite","caption":"kxl-m3.txt — KWrite","output":"DP-3","desktops":["89539ae6-e06b-4c76-a057-95df959578a9"],"activities":["a89f5ec2-ab8e-4108-8088-7118500a3aab"],"onAllDesktops":false,"geo":{"x":0,"y":0,"w":1248,"h":1050,"exakt":true},"min":{"w":157,"h":150},"max":{"w":2147483647,"h":2147483647},"fullScreen":false,"minimized":false,"maximizeMode":0,"moveable":true,"resizeable":true,"move":false,"resize":false,"managed":true,"deleted":false,"normalWindow":true,"specialWindow":false,"popupWindow":false,"dialog":false,"utility":false,"splash":false,"dock":false,"transient":false,"modal":false,"transientFor":null,"r":1788713113621,"n":7,"ms":1}
2026-09-06T18:45:13+02:00 HAL9000 kwin_wayland[49086]: KXLGEO1 {"k":"win","s":0,"id":"{fb1161ee-f0d2-4cf5-b498-e3288e3952a8}","cls":"org.kde.kwrite","caption":"<Titel entfernt>","output":"DP-3","desktops":["89539ae6-e06b-4c76-a057-95df959578a9"],"activities":["a89f5ec2-ab8e-4108-8088-7118500a3aab"],"onAllDesktops":false,"geo":{"x":1294,"y":30,"w":580,"h":466,"exakt":true},"min":{"w":369,"h":221},"max":{"w":2147483647,"h":2147483647},"fullScreen":false,"minimized":false,"maximizeMode":0,"moveable":true,"resizeable":true,"move":false,"resize":false,"managed":true,"deleted":false,"normalWindow":true,"specialWindow":false,"popupWindow":false,"dialog":false,"utility":false,"splash":false,"dock":false,"transient":true,"modal":true,"transientFor":"{b6036c2f-c07d-4684-a4ba-3afb03e245c0}","r":1788713113621,"n":8,"ms":1}
2026-09-06T18:45:14+02:00 HAL9000 kwin_wayland[49086]: KXLGEO1 {"k":"view","s":1,"key":"a89f5ec2-ab8e-4108-8088-7118500a3aab|89539ae6-e06b-4c76-a057-95df959578a9|DP-3","activity":"a89f5ec2-ab8e-4108-8088-7118500a3aab","desktop":"89539ae6-e06b-4c76-a057-95df959578a9","output":"DP-3","area":{"x":0,"y":0,"w":1920,"h":1050,"exakt":true},"r":1788713113621,"n":9,"ms":526}
2026-09-06T18:45:14+02:00 HAL9000 kwin_wayland[49086]: KXLGEO1 {"k":"active","s":1,"activeId":"{fb1161ee-f0d2-4cf5-b498-e3288e3952a8}","r":1788713113621,"n":10,"ms":526}
2026-09-06T18:45:14+02:00 HAL9000 kwin_wayland[49086]: KXLGEO1 {"k":"win","s":1,"id":"{7a0a4cb3-5b11-494f-b71f-942b970b1d4d}","cls":"plasmashell","caption":"<Titel entfernt>","output":"DP-3","desktops":[],"activities":[],"onAllDesktops":true,"geo":{"x":0,"y":0,"w":1920,"h":1080,"exakt":true},"min":{"w":0,"h":0},"max":{"w":2147483647,"h":2147483647},"fullScreen":false,"minimized":false,"maximizeMode":0,"moveable":false,"resizeable":false,"move":false,"resize":false,"managed":true,"deleted":false,"normalWindow":false,"specialWindow":true,"popupWindow":false,"dialog":false,"utility":false,"splash":false,"dock":false,"transient":false,"modal":false,"transientFor":null,"r":1788713113621,"n":11,"ms":527}
2026-09-06T18:45:14+02:00 HAL9000 kwin_wayland[49086]: KXLGEO1 {"k":"win","s":1,"id":"{601ada54-23c8-4db2-973b-97cbc0619b0f}","cls":"plasmashell","caption":"<Titel entfernt>","output":"DP-3","desktops":[],"activities":[],"onAllDesktops":true,"geo":{"x":0,"y":1050,"w":1920,"h":30,"exakt":true},"min":{"w":0,"h":0},"max":{"w":2147483647,"h":2147483647},"fullScreen":false,"minimized":false,"maximizeMode":0,"moveable":false,"resizeable":false,"move":false,"resize":false,"managed":true,"deleted":false,"normalWindow":false,"specialWindow":true,"popupWindow":false,"dialog":false,"utility":false,"splash":false,"dock":true,"transient":false,"modal":false,"transientFor":null,"r":1788713113621,"n":12,"ms":527}
2026-09-06T18:45:14+02:00 HAL9000 kwin_wayland[49086]: KXLGEO1 {"k":"win","s":1,"id":"{202a737b-d537-4f0b-a10a-42b1b5496d70}","cls":"org.kde.kwrite","caption":"kxl-m1.txt — KWrite","output":"DP-3","desktops":["89539ae6-e06b-4c76-a057-95df959578a9"],"activities":["a89f5ec2-ab8e-4108-8088-7118500a3aab"],"onAllDesktops":false,"geo":{"x":1248,"y":525,"w":672,"h":525,"exakt":true},"min":{"w":157,"h":150},"max":{"w":2147483647,"h":2147483647},"fullScreen":false,"minimized":false,"maximizeMode":0,"moveable":true,"resizeable":true,"move":false,"resize":false,"managed":true,"deleted":false,"normalWindow":true,"specialWindow":false,"popupWindow":false,"dialog":false,"utility":false,"splash":false,"dock":false,"transient":false,"modal":false,"transientFor":null,"r":1788713113621,"n":13,"ms":528}
2026-09-06T18:45:14+02:00 HAL9000 kwin_wayland[49086]: KXLGEO1 {"k":"win","s":1,"id":"{b6036c2f-c07d-4684-a4ba-3afb03e245c0}","cls":"org.kde.kwrite","caption":"kxl-m2.txt — KWrite","output":"DP-3","desktops":["89539ae6-e06b-4c76-a057-95df959578a9"],"activities":["a89f5ec2-ab8e-4108-8088-7118500a3aab"],"onAllDesktops":false,"geo":{"x":1248,"y":0,"w":672,"h":525,"exakt":true},"min":{"w":157,"h":150},"max":{"w":2147483647,"h":2147483647},"fullScreen":false,"minimized":false,"maximizeMode":0,"moveable":true,"resizeable":true,"move":false,"resize":false,"managed":true,"deleted":false,"normalWindow":true,"specialWindow":false,"popupWindow":false,"dialog":false,"utility":false,"splash":false,"dock":false,"transient":false,"modal":false,"transientFor":null,"r":1788713113621,"n":14,"ms":528}
2026-09-06T18:45:14+02:00 HAL9000 kwin_wayland[49086]: KXLGEO1 {"k":"win","s":1,"id":"{d840f8c1-00d7-4a60-af6c-9fd877526403}","cls":"org.kde.kwrite","caption":"kxl-m3.txt — KWrite","output":"DP-3","desktops":["89539ae6-e06b-4c76-a057-95df959578a9"],"activities":["a89f5ec2-ab8e-4108-8088-7118500a3aab"],"onAllDesktops":false,"geo":{"x":0,"y":0,"w":1248,"h":1050,"exakt":true},"min":{"w":157,"h":150},"max":{"w":2147483647,"h":2147483647},"fullScreen":false,"minimized":false,"maximizeMode":0,"moveable":true,"resizeable":true,"move":false,"resize":false,"managed":true,"deleted":false,"normalWindow":true,"specialWindow":false,"popupWindow":false,"dialog":false,"utility":false,"splash":false,"dock":false,"transient":false,"modal":false,"transientFor":null,"r":1788713113621,"n":15,"ms":528}
2026-09-06T18:45:14+02:00 HAL9000 kwin_wayland[49086]: KXLGEO1 {"k":"win","s":1,"id":"{fb1161ee-f0d2-4cf5-b498-e3288e3952a8}","cls":"org.kde.kwrite","caption":"<Titel entfernt>","output":"DP-3","desktops":["89539ae6-e06b-4c76-a057-95df959578a9"],"activities":["a89f5ec2-ab8e-4108-8088-7118500a3aab"],"onAllDesktops":false,"geo":{"x":1294,"y":30,"w":580,"h":466,"exakt":true},"min":{"w":369,"h":221},"max":{"w":2147483647,"h":2147483647},"fullScreen":false,"minimized":false,"maximizeMode":0,"moveable":true,"resizeable":true,"move":false,"resize":false,"managed":true,"deleted":false,"normalWindow":true,"specialWindow":false,"popupWindow":false,"dialog":false,"utility":false,"splash":false,"dock":false,"transient":true,"modal":true,"transientFor":"{b6036c2f-c07d-4684-a4ba-3afb03e245c0}","r":1788713113621,"n":16,"ms":529}
2026-09-06T18:45:15+02:00 HAL9000 kwin_wayland[49086]: KXLGEO1 {"k":"view","s":2,"key":"a89f5ec2-ab8e-4108-8088-7118500a3aab|89539ae6-e06b-4c76-a057-95df959578a9|DP-3","activity":"a89f5ec2-ab8e-4108-8088-7118500a3aab","desktop":"89539ae6-e06b-4c76-a057-95df959578a9","output":"DP-3","area":{"x":0,"y":0,"w":1920,"h":1050,"exakt":true},"r":1788713113621,"n":17,"ms":1577}
2026-09-06T18:45:15+02:00 HAL9000 kwin_wayland[49086]: KXLGEO1 {"k":"active","s":2,"activeId":"{fb1161ee-f0d2-4cf5-b498-e3288e3952a8}","r":1788713113621,"n":18,"ms":1577}
2026-09-06T18:45:15+02:00 HAL9000 kwin_wayland[49086]: KXLGEO1 {"k":"win","s":2,"id":"{7a0a4cb3-5b11-494f-b71f-942b970b1d4d}","cls":"plasmashell","caption":"<Titel entfernt>","output":"DP-3","desktops":[],"activities":[],"onAllDesktops":true,"geo":{"x":0,"y":0,"w":1920,"h":1080,"exakt":true},"min":{"w":0,"h":0},"max":{"w":2147483647,"h":2147483647},"fullScreen":false,"minimized":false,"maximizeMode":0,"moveable":false,"resizeable":false,"move":false,"resize":false,"managed":true,"deleted":false,"normalWindow":false,"specialWindow":true,"popupWindow":false,"dialog":false,"utility":false,"splash":false,"dock":false,"transient":false,"modal":false,"transientFor":null,"r":1788713113621,"n":19,"ms":1577}
2026-09-06T18:45:15+02:00 HAL9000 kwin_wayland[49086]: KXLGEO1 {"k":"win","s":2,"id":"{601ada54-23c8-4db2-973b-97cbc0619b0f}","cls":"plasmashell","caption":"<Titel entfernt>","output":"DP-3","desktops":[],"activities":[],"onAllDesktops":true,"geo":{"x":0,"y":1050,"w":1920,"h":30,"exakt":true},"min":{"w":0,"h":0},"max":{"w":2147483647,"h":2147483647},"fullScreen":false,"minimized":false,"maximizeMode":0,"moveable":false,"resizeable":false,"move":false,"resize":false,"managed":true,"deleted":false,"normalWindow":false,"specialWindow":true,"popupWindow":false,"dialog":false,"utility":false,"splash":false,"dock":true,"transient":false,"modal":false,"transientFor":null,"r":1788713113621,"n":20,"ms":1578}
2026-09-06T18:45:15+02:00 HAL9000 kwin_wayland[49086]: KXLGEO1 {"k":"win","s":2,"id":"{202a737b-d537-4f0b-a10a-42b1b5496d70}","cls":"org.kde.kwrite","caption":"kxl-m1.txt — KWrite","output":"DP-3","desktops":["89539ae6-e06b-4c76-a057-95df959578a9"],"activities":["a89f5ec2-ab8e-4108-8088-7118500a3aab"],"onAllDesktops":false,"geo":{"x":1248,"y":525,"w":672,"h":525,"exakt":true},"min":{"w":157,"h":150},"max":{"w":2147483647,"h":2147483647},"fullScreen":false,"minimized":false,"maximizeMode":0,"moveable":true,"resizeable":true,"move":false,"resize":false,"managed":true,"deleted":false,"normalWindow":true,"specialWindow":false,"popupWindow":false,"dialog":false,"utility":false,"splash":false,"dock":false,"transient":false,"modal":false,"transientFor":null,"r":1788713113621,"n":21,"ms":1578}
2026-09-06T18:45:15+02:00 HAL9000 kwin_wayland[49086]: KXLGEO1 {"k":"win","s":2,"id":"{b6036c2f-c07d-4684-a4ba-3afb03e245c0}","cls":"org.kde.kwrite","caption":"kxl-m2.txt — KWrite","output":"DP-3","desktops":["89539ae6-e06b-4c76-a057-95df959578a9"],"activities":["a89f5ec2-ab8e-4108-8088-7118500a3aab"],"onAllDesktops":false,"geo":{"x":1248,"y":0,"w":672,"h":525,"exakt":true},"min":{"w":157,"h":150},"max":{"w":2147483647,"h":2147483647},"fullScreen":false,"minimized":false,"maximizeMode":0,"moveable":true,"resizeable":true,"move":false,"resize":false,"managed":true,"deleted":false,"normalWindow":true,"specialWindow":false,"popupWindow":false,"dialog":false,"utility":false,"splash":false,"dock":false,"transient":false,"modal":false,"transientFor":null,"r":1788713113621,"n":22,"ms":1578}
2026-09-06T18:45:15+02:00 HAL9000 kwin_wayland[49086]: KXLGEO1 {"k":"win","s":2,"id":"{d840f8c1-00d7-4a60-af6c-9fd877526403}","cls":"org.kde.kwrite","caption":"kxl-m3.txt — KWrite","output":"DP-3","desktops":["89539ae6-e06b-4c76-a057-95df959578a9"],"activities":["a89f5ec2-ab8e-4108-8088-7118500a3aab"],"onAllDesktops":false,"geo":{"x":0,"y":0,"w":1248,"h":1050,"exakt":true},"min":{"w":157,"h":150},"max":{"w":2147483647,"h":2147483647},"fullScreen":false,"minimized":false,"maximizeMode":0,"moveable":true,"resizeable":true,"move":false,"resize":false,"managed":true,"deleted":false,"normalWindow":true,"specialWindow":false,"popupWindow":false,"dialog":false,"utility":false,"splash":false,"dock":false,"transient":false,"modal":false,"transientFor":null,"r":1788713113621,"n":23,"ms":1579}
2026-09-06T18:45:15+02:00 HAL9000 kwin_wayland[49086]: KXLGEO1 {"k":"win","s":2,"id":"{fb1161ee-f0d2-4cf5-b498-e3288e3952a8}","cls":"org.kde.kwrite","caption":"<Titel entfernt>","output":"DP-3","desktops":["89539ae6-e06b-4c76-a057-95df959578a9"],"activities":["a89f5ec2-ab8e-4108-8088-7118500a3aab"],"onAllDesktops":false,"geo":{"x":1294,"y":30,"w":580,"h":466,"exakt":true},"min":{"w":369,"h":221},"max":{"w":2147483647,"h":2147483647},"fullScreen":false,"minimized":false,"maximizeMode":0,"moveable":true,"resizeable":true,"move":false,"resize":false,"managed":true,"deleted":false,"normalWindow":true,"specialWindow":false,"popupWindow":false,"dialog":false,"utility":false,"splash":false,"dock":false,"transient":true,"modal":true,"transientFor":"{b6036c2f-c07d-4684-a4ba-3afb03e245c0}","r":1788713113621,"n":24,"ms":1579}
2026-09-06T18:45:16+02:00 HAL9000 kwin_wayland[49086]: KXLGEO1 {"k":"view","s":3,"key":"a89f5ec2-ab8e-4108-8088-7118500a3aab|89539ae6-e06b-4c76-a057-95df959578a9|DP-3","activity":"a89f5ec2-ab8e-4108-8088-7118500a3aab","desktop":"89539ae6-e06b-4c76-a057-95df959578a9","output":"DP-3","area":{"x":0,"y":0,"w":1920,"h":1050,"exakt":true},"r":1788713113621,"n":25,"ms":3152}
2026-09-06T18:45:16+02:00 HAL9000 kwin_wayland[49086]: KXLGEO1 {"k":"active","s":3,"activeId":"{fb1161ee-f0d2-4cf5-b498-e3288e3952a8}","r":1788713113621,"n":26,"ms":3153}
2026-09-06T18:45:16+02:00 HAL9000 kwin_wayland[49086]: KXLGEO1 {"k":"win","s":3,"id":"{7a0a4cb3-5b11-494f-b71f-942b970b1d4d}","cls":"plasmashell","caption":"<Titel entfernt>","output":"DP-3","desktops":[],"activities":[],"onAllDesktops":true,"geo":{"x":0,"y":0,"w":1920,"h":1080,"exakt":true},"min":{"w":0,"h":0},"max":{"w":2147483647,"h":2147483647},"fullScreen":false,"minimized":false,"maximizeMode":0,"moveable":false,"resizeable":false,"move":false,"resize":false,"managed":true,"deleted":false,"normalWindow":false,"specialWindow":true,"popupWindow":false,"dialog":false,"utility":false,"splash":false,"dock":false,"transient":false,"modal":false,"transientFor":null,"r":1788713113621,"n":27,"ms":3154}
2026-09-06T18:45:16+02:00 HAL9000 kwin_wayland[49086]: KXLGEO1 {"k":"win","s":3,"id":"{601ada54-23c8-4db2-973b-97cbc0619b0f}","cls":"plasmashell","caption":"<Titel entfernt>","output":"DP-3","desktops":[],"activities":[],"onAllDesktops":true,"geo":{"x":0,"y":1050,"w":1920,"h":30,"exakt":true},"min":{"w":0,"h":0},"max":{"w":2147483647,"h":2147483647},"fullScreen":false,"minimized":false,"maximizeMode":0,"moveable":false,"resizeable":false,"move":false,"resize":false,"managed":true,"deleted":false,"normalWindow":false,"specialWindow":true,"popupWindow":false,"dialog":false,"utility":false,"splash":false,"dock":true,"transient":false,"modal":false,"transientFor":null,"r":1788713113621,"n":28,"ms":3154}
2026-09-06T18:45:16+02:00 HAL9000 kwin_wayland[49086]: KXLGEO1 {"k":"win","s":3,"id":"{202a737b-d537-4f0b-a10a-42b1b5496d70}","cls":"org.kde.kwrite","caption":"kxl-m1.txt — KWrite","output":"DP-3","desktops":["89539ae6-e06b-4c76-a057-95df959578a9"],"activities":["a89f5ec2-ab8e-4108-8088-7118500a3aab"],"onAllDesktops":false,"geo":{"x":1248,"y":525,"w":672,"h":525,"exakt":true},"min":{"w":157,"h":150},"max":{"w":2147483647,"h":2147483647},"fullScreen":false,"minimized":false,"maximizeMode":0,"moveable":true,"resizeable":true,"move":false,"resize":false,"managed":true,"deleted":false,"normalWindow":true,"specialWindow":false,"popupWindow":false,"dialog":false,"utility":false,"splash":false,"dock":false,"transient":false,"modal":false,"transientFor":null,"r":1788713113621,"n":29,"ms":3155}
2026-09-06T18:45:16+02:00 HAL9000 kwin_wayland[49086]: KXLGEO1 {"k":"win","s":3,"id":"{b6036c2f-c07d-4684-a4ba-3afb03e245c0}","cls":"org.kde.kwrite","caption":"kxl-m2.txt — KWrite","output":"DP-3","desktops":["89539ae6-e06b-4c76-a057-95df959578a9"],"activities":["a89f5ec2-ab8e-4108-8088-7118500a3aab"],"onAllDesktops":false,"geo":{"x":1248,"y":0,"w":672,"h":525,"exakt":true},"min":{"w":157,"h":150},"max":{"w":2147483647,"h":2147483647},"fullScreen":false,"minimized":false,"maximizeMode":0,"moveable":true,"resizeable":true,"move":false,"resize":false,"managed":true,"deleted":false,"normalWindow":true,"specialWindow":false,"popupWindow":false,"dialog":false,"utility":false,"splash":false,"dock":false,"transient":false,"modal":false,"transientFor":null,"r":1788713113621,"n":30,"ms":3155}
2026-09-06T18:45:16+02:00 HAL9000 kwin_wayland[49086]: KXLGEO1 {"k":"win","s":3,"id":"{d840f8c1-00d7-4a60-af6c-9fd877526403}","cls":"org.kde.kwrite","caption":"kxl-m3.txt — KWrite","output":"DP-3","desktops":["89539ae6-e06b-4c76-a057-95df959578a9"],"activities":["a89f5ec2-ab8e-4108-8088-7118500a3aab"],"onAllDesktops":false,"geo":{"x":0,"y":0,"w":1248,"h":1050,"exakt":true},"min":{"w":157,"h":150},"max":{"w":2147483647,"h":2147483647},"fullScreen":false,"minimized":false,"maximizeMode":0,"moveable":true,"resizeable":true,"move":false,"resize":false,"managed":true,"deleted":false,"normalWindow":true,"specialWindow":false,"popupWindow":false,"dialog":false,"utility":false,"splash":false,"dock":false,"transient":false,"modal":false,"transientFor":null,"r":1788713113621,"n":31,"ms":3156}
2026-09-06T18:45:16+02:00 HAL9000 kwin_wayland[49086]: KXLGEO1 {"k":"win","s":3,"id":"{fb1161ee-f0d2-4cf5-b498-e3288e3952a8}","cls":"org.kde.kwrite","caption":"<Titel entfernt>","output":"DP-3","desktops":["89539ae6-e06b-4c76-a057-95df959578a9"],"activities":["a89f5ec2-ab8e-4108-8088-7118500a3aab"],"onAllDesktops":false,"geo":{"x":1294,"y":30,"w":580,"h":466,"exakt":true},"min":{"w":369,"h":221},"max":{"w":2147483647,"h":2147483647},"fullScreen":false,"minimized":false,"maximizeMode":0,"moveable":true,"resizeable":true,"move":false,"resize":false,"managed":true,"deleted":false,"normalWindow":true,"specialWindow":false,"popupWindow":false,"dialog":false,"utility":false,"splash":false,"dock":false,"transient":true,"modal":true,"transientFor":"{b6036c2f-c07d-4684-a4ba-3afb03e245c0}","r":1788713113621,"n":32,"ms":3156}
2026-09-06T18:45:16+02:00 HAL9000 kwin_wayland[49086]: KXLGEO1 {"k":"end","st":"ok","total":33,"samples":4,"fehler":0,"timer_aktiv":0,"r":1788713113621,"n":33,"ms":3157}
2026-09-06T18:46:11+02:00 HAL9000 kxl-abnahme[53203]: == 20b Durchgang 1 invokeShortcut ==
2026-09-06T18:46:11+02:00 HAL9000 kwin_wayland[49086]: kwin-xmonad-lite: befehl focusMaster surface=a89f5ec2-ab8e-4108-8088-7118500a3aab|89539ae6-e06b-4c76-a057-95df959578a9|DP-3 via=ausgabe fokus={d840f8c1-00d7-4a60-af6c-9fd877526403}
2026-09-06T18:46:11+02:00 HAL9000 kwin_wayland[49086]: kwin-xmonad-lite: aktiviere {d840f8c1-00d7-4a60-af6c-9fd877526403}
2026-09-06T18:46:11+02:00 HAL9000 kwin_wayland[49086]: kwin-xmonad-lite: arrange #65 grund=windowActivated,shortcut:focusMaster surfaces=1 mitglieder=3 teilnehmer=3
2026-09-06T18:46:11+02:00 HAL9000 kwin_wayland[49086]: kwin-xmonad-lite: surface a89f5ec2-ab8e-4108-8088-7118500a3aab|89539ae6-e06b-4c76-a057-95df959578a9|DP-3 layout=tall n=3 ratio=0.65 fläche=1920x1050+0+0
2026-09-06T18:46:11+02:00 HAL9000 kwin_wayland[49086]: kwin-xmonad-lite: diagnose a89f5ec2-ab8e-4108-8088-7118500a3aab|89539ae6-e06b-4c76-a057-95df959578a9|DP-3 order={d840f8c1-00d7-4a60-af6c-9fd877526403},{b6036c2f-c07d-4684-a4ba-3afb03e245c0},{202a737b-d537-4f0b-a10a-42b1b5496d70} teilnehmer={d840f8c1-00d7-4a60-af6c-9fd877526403},{b6036c2f-c07d-4684-a4ba-3afb03e245c0},{202a737b-d537-4f0b-a10a-42b1b5496d70} float=
2026-09-06T18:46:13+02:00 HAL9000 kxl-abnahme[53221]: == 20b D1 Fokus auf m3 gelegt, jetzt focus-next ==
2026-09-06T18:46:13+02:00 HAL9000 kwin_wayland[49086]: kwin-xmonad-lite: befehl focusNext surface=a89f5ec2-ab8e-4108-8088-7118500a3aab|89539ae6-e06b-4c76-a057-95df959578a9|DP-3 via=aktiv fokus={b6036c2f-c07d-4684-a4ba-3afb03e245c0}
2026-09-06T18:46:13+02:00 HAL9000 kwin_wayland[49086]: kwin-xmonad-lite: aktiviere {b6036c2f-c07d-4684-a4ba-3afb03e245c0}
2026-09-06T18:46:13+02:00 HAL9000 kwin_wayland[49086]: kwin-xmonad-lite: arrange #66 grund=windowActivated,shortcut:focusNext surfaces=1 mitglieder=3 teilnehmer=3
2026-09-06T18:46:13+02:00 HAL9000 kwin_wayland[49086]: kwin-xmonad-lite: surface a89f5ec2-ab8e-4108-8088-7118500a3aab|89539ae6-e06b-4c76-a057-95df959578a9|DP-3 layout=tall n=3 ratio=0.65 fläche=1920x1050+0+0
2026-09-06T18:46:13+02:00 HAL9000 kwin_wayland[49086]: kwin-xmonad-lite: diagnose a89f5ec2-ab8e-4108-8088-7118500a3aab|89539ae6-e06b-4c76-a057-95df959578a9|DP-3 order={d840f8c1-00d7-4a60-af6c-9fd877526403},{b6036c2f-c07d-4684-a4ba-3afb03e245c0},{202a737b-d537-4f0b-a10a-42b1b5496d70} teilnehmer={d840f8c1-00d7-4a60-af6c-9fd877526403},{b6036c2f-c07d-4684-a4ba-3afb03e245c0},{202a737b-d537-4f0b-a10a-42b1b5496d70} float=
2026-09-06T18:46:29+02:00 HAL9000 kwin_wayland[49086]: KXLGEO1 {"k":"meta","tag":"KXLGEO1","start":1788713189735,"perOutputDesktops":false,"outputs":1,"samples":[0,500,1500,3000],"titlePrefix":"kxl-","r":1788713189735,"n":0,"ms":0}
2026-09-06T18:46:29+02:00 HAL9000 kwin_wayland[49086]: KXLGEO1 {"k":"view","s":0,"key":"a89f5ec2-ab8e-4108-8088-7118500a3aab|89539ae6-e06b-4c76-a057-95df959578a9|DP-3","activity":"a89f5ec2-ab8e-4108-8088-7118500a3aab","desktop":"89539ae6-e06b-4c76-a057-95df959578a9","output":"DP-3","area":{"x":0,"y":0,"w":1920,"h":1050,"exakt":true},"r":1788713189735,"n":1,"ms":0}
2026-09-06T18:46:29+02:00 HAL9000 kwin_wayland[49086]: KXLGEO1 {"k":"active","s":0,"activeId":"{fb1161ee-f0d2-4cf5-b498-e3288e3952a8}","r":1788713189735,"n":2,"ms":0}
2026-09-06T18:46:29+02:00 HAL9000 kwin_wayland[49086]: KXLGEO1 {"k":"win","s":0,"id":"{7a0a4cb3-5b11-494f-b71f-942b970b1d4d}","cls":"plasmashell","caption":"<Titel entfernt>","output":"DP-3","desktops":[],"activities":[],"onAllDesktops":true,"geo":{"x":0,"y":0,"w":1920,"h":1080,"exakt":true},"min":{"w":0,"h":0},"max":{"w":2147483647,"h":2147483647},"fullScreen":false,"minimized":false,"maximizeMode":0,"moveable":false,"resizeable":false,"move":false,"resize":false,"managed":true,"deleted":false,"normalWindow":false,"specialWindow":true,"popupWindow":false,"dialog":false,"utility":false,"splash":false,"dock":false,"transient":false,"modal":false,"transientFor":null,"r":1788713189735,"n":3,"ms":1}
2026-09-06T18:46:29+02:00 HAL9000 kwin_wayland[49086]: KXLGEO1 {"k":"win","s":0,"id":"{601ada54-23c8-4db2-973b-97cbc0619b0f}","cls":"plasmashell","caption":"<Titel entfernt>","output":"DP-3","desktops":[],"activities":[],"onAllDesktops":true,"geo":{"x":0,"y":1050,"w":1920,"h":30,"exakt":true},"min":{"w":0,"h":0},"max":{"w":2147483647,"h":2147483647},"fullScreen":false,"minimized":false,"maximizeMode":0,"moveable":false,"resizeable":false,"move":false,"resize":false,"managed":true,"deleted":false,"normalWindow":false,"specialWindow":true,"popupWindow":false,"dialog":false,"utility":false,"splash":false,"dock":true,"transient":false,"modal":false,"transientFor":null,"r":1788713189735,"n":4,"ms":1}
2026-09-06T18:46:29+02:00 HAL9000 kwin_wayland[49086]: KXLGEO1 {"k":"win","s":0,"id":"{202a737b-d537-4f0b-a10a-42b1b5496d70}","cls":"org.kde.kwrite","caption":"kxl-m1.txt — KWrite","output":"DP-3","desktops":["89539ae6-e06b-4c76-a057-95df959578a9"],"activities":["a89f5ec2-ab8e-4108-8088-7118500a3aab"],"onAllDesktops":false,"geo":{"x":1248,"y":525,"w":672,"h":525,"exakt":true},"min":{"w":157,"h":150},"max":{"w":2147483647,"h":2147483647},"fullScreen":false,"minimized":false,"maximizeMode":0,"moveable":true,"resizeable":true,"move":false,"resize":false,"managed":true,"deleted":false,"normalWindow":true,"specialWindow":false,"popupWindow":false,"dialog":false,"utility":false,"splash":false,"dock":false,"transient":false,"modal":false,"transientFor":null,"r":1788713189735,"n":5,"ms":1}
2026-09-06T18:46:29+02:00 HAL9000 kwin_wayland[49086]: KXLGEO1 {"k":"win","s":0,"id":"{b6036c2f-c07d-4684-a4ba-3afb03e245c0}","cls":"org.kde.kwrite","caption":"kxl-m2.txt — KWrite","output":"DP-3","desktops":["89539ae6-e06b-4c76-a057-95df959578a9"],"activities":["a89f5ec2-ab8e-4108-8088-7118500a3aab"],"onAllDesktops":false,"geo":{"x":1248,"y":0,"w":672,"h":525,"exakt":true},"min":{"w":157,"h":150},"max":{"w":2147483647,"h":2147483647},"fullScreen":false,"minimized":false,"maximizeMode":0,"moveable":true,"resizeable":true,"move":false,"resize":false,"managed":true,"deleted":false,"normalWindow":true,"specialWindow":false,"popupWindow":false,"dialog":false,"utility":false,"splash":false,"dock":false,"transient":false,"modal":false,"transientFor":null,"r":1788713189735,"n":6,"ms":1}
2026-09-06T18:46:29+02:00 HAL9000 kwin_wayland[49086]: KXLGEO1 {"k":"win","s":0,"id":"{d840f8c1-00d7-4a60-af6c-9fd877526403}","cls":"org.kde.kwrite","caption":"kxl-m3.txt — KWrite","output":"DP-3","desktops":["89539ae6-e06b-4c76-a057-95df959578a9"],"activities":["a89f5ec2-ab8e-4108-8088-7118500a3aab"],"onAllDesktops":false,"geo":{"x":0,"y":0,"w":1248,"h":1050,"exakt":true},"min":{"w":157,"h":150},"max":{"w":2147483647,"h":2147483647},"fullScreen":false,"minimized":false,"maximizeMode":0,"moveable":true,"resizeable":true,"move":false,"resize":false,"managed":true,"deleted":false,"normalWindow":true,"specialWindow":false,"popupWindow":false,"dialog":false,"utility":false,"splash":false,"dock":false,"transient":false,"modal":false,"transientFor":null,"r":1788713189735,"n":7,"ms":1}
2026-09-06T18:46:29+02:00 HAL9000 kwin_wayland[49086]: KXLGEO1 {"k":"win","s":0,"id":"{fb1161ee-f0d2-4cf5-b498-e3288e3952a8}","cls":"org.kde.kwrite","caption":"<Titel entfernt>","output":"DP-3","desktops":["89539ae6-e06b-4c76-a057-95df959578a9"],"activities":["a89f5ec2-ab8e-4108-8088-7118500a3aab"],"onAllDesktops":false,"geo":{"x":1294,"y":30,"w":580,"h":466,"exakt":true},"min":{"w":369,"h":221},"max":{"w":2147483647,"h":2147483647},"fullScreen":false,"minimized":false,"maximizeMode":0,"moveable":true,"resizeable":true,"move":false,"resize":false,"managed":true,"deleted":false,"normalWindow":true,"specialWindow":false,"popupWindow":false,"dialog":false,"utility":false,"splash":false,"dock":false,"transient":true,"modal":true,"transientFor":"{b6036c2f-c07d-4684-a4ba-3afb03e245c0}","r":1788713189735,"n":8,"ms":1}
2026-09-06T18:46:30+02:00 HAL9000 kwin_wayland[49086]: KXLGEO1 {"k":"view","s":1,"key":"a89f5ec2-ab8e-4108-8088-7118500a3aab|89539ae6-e06b-4c76-a057-95df959578a9|DP-3","activity":"a89f5ec2-ab8e-4108-8088-7118500a3aab","desktop":"89539ae6-e06b-4c76-a057-95df959578a9","output":"DP-3","area":{"x":0,"y":0,"w":1920,"h":1050,"exakt":true},"r":1788713189735,"n":9,"ms":527}
2026-09-06T18:46:30+02:00 HAL9000 kwin_wayland[49086]: KXLGEO1 {"k":"active","s":1,"activeId":"{fb1161ee-f0d2-4cf5-b498-e3288e3952a8}","r":1788713189735,"n":10,"ms":527}
2026-09-06T18:46:30+02:00 HAL9000 kwin_wayland[49086]: KXLGEO1 {"k":"win","s":1,"id":"{7a0a4cb3-5b11-494f-b71f-942b970b1d4d}","cls":"plasmashell","caption":"<Titel entfernt>","output":"DP-3","desktops":[],"activities":[],"onAllDesktops":true,"geo":{"x":0,"y":0,"w":1920,"h":1080,"exakt":true},"min":{"w":0,"h":0},"max":{"w":2147483647,"h":2147483647},"fullScreen":false,"minimized":false,"maximizeMode":0,"moveable":false,"resizeable":false,"move":false,"resize":false,"managed":true,"deleted":false,"normalWindow":false,"specialWindow":true,"popupWindow":false,"dialog":false,"utility":false,"splash":false,"dock":false,"transient":false,"modal":false,"transientFor":null,"r":1788713189735,"n":11,"ms":528}
2026-09-06T18:46:30+02:00 HAL9000 kwin_wayland[49086]: KXLGEO1 {"k":"win","s":1,"id":"{601ada54-23c8-4db2-973b-97cbc0619b0f}","cls":"plasmashell","caption":"<Titel entfernt>","output":"DP-3","desktops":[],"activities":[],"onAllDesktops":true,"geo":{"x":0,"y":1050,"w":1920,"h":30,"exakt":true},"min":{"w":0,"h":0},"max":{"w":2147483647,"h":2147483647},"fullScreen":false,"minimized":false,"maximizeMode":0,"moveable":false,"resizeable":false,"move":false,"resize":false,"managed":true,"deleted":false,"normalWindow":false,"specialWindow":true,"popupWindow":false,"dialog":false,"utility":false,"splash":false,"dock":true,"transient":false,"modal":false,"transientFor":null,"r":1788713189735,"n":12,"ms":528}
2026-09-06T18:46:30+02:00 HAL9000 kwin_wayland[49086]: KXLGEO1 {"k":"win","s":1,"id":"{202a737b-d537-4f0b-a10a-42b1b5496d70}","cls":"org.kde.kwrite","caption":"kxl-m1.txt — KWrite","output":"DP-3","desktops":["89539ae6-e06b-4c76-a057-95df959578a9"],"activities":["a89f5ec2-ab8e-4108-8088-7118500a3aab"],"onAllDesktops":false,"geo":{"x":1248,"y":525,"w":672,"h":525,"exakt":true},"min":{"w":157,"h":150},"max":{"w":2147483647,"h":2147483647},"fullScreen":false,"minimized":false,"maximizeMode":0,"moveable":true,"resizeable":true,"move":false,"resize":false,"managed":true,"deleted":false,"normalWindow":true,"specialWindow":false,"popupWindow":false,"dialog":false,"utility":false,"splash":false,"dock":false,"transient":false,"modal":false,"transientFor":null,"r":1788713189735,"n":13,"ms":528}
2026-09-06T18:46:30+02:00 HAL9000 kwin_wayland[49086]: KXLGEO1 {"k":"win","s":1,"id":"{b6036c2f-c07d-4684-a4ba-3afb03e245c0}","cls":"org.kde.kwrite","caption":"kxl-m2.txt — KWrite","output":"DP-3","desktops":["89539ae6-e06b-4c76-a057-95df959578a9"],"activities":["a89f5ec2-ab8e-4108-8088-7118500a3aab"],"onAllDesktops":false,"geo":{"x":1248,"y":0,"w":672,"h":525,"exakt":true},"min":{"w":157,"h":150},"max":{"w":2147483647,"h":2147483647},"fullScreen":false,"minimized":false,"maximizeMode":0,"moveable":true,"resizeable":true,"move":false,"resize":false,"managed":true,"deleted":false,"normalWindow":true,"specialWindow":false,"popupWindow":false,"dialog":false,"utility":false,"splash":false,"dock":false,"transient":false,"modal":false,"transientFor":null,"r":1788713189735,"n":14,"ms":529}
2026-09-06T18:46:30+02:00 HAL9000 kwin_wayland[49086]: KXLGEO1 {"k":"win","s":1,"id":"{d840f8c1-00d7-4a60-af6c-9fd877526403}","cls":"org.kde.kwrite","caption":"kxl-m3.txt — KWrite","output":"DP-3","desktops":["89539ae6-e06b-4c76-a057-95df959578a9"],"activities":["a89f5ec2-ab8e-4108-8088-7118500a3aab"],"onAllDesktops":false,"geo":{"x":0,"y":0,"w":1248,"h":1050,"exakt":true},"min":{"w":157,"h":150},"max":{"w":2147483647,"h":2147483647},"fullScreen":false,"minimized":false,"maximizeMode":0,"moveable":true,"resizeable":true,"move":false,"resize":false,"managed":true,"deleted":false,"normalWindow":true,"specialWindow":false,"popupWindow":false,"dialog":false,"utility":false,"splash":false,"dock":false,"transient":false,"modal":false,"transientFor":null,"r":1788713189735,"n":15,"ms":529}
2026-09-06T18:46:30+02:00 HAL9000 kwin_wayland[49086]: KXLGEO1 {"k":"win","s":1,"id":"{fb1161ee-f0d2-4cf5-b498-e3288e3952a8}","cls":"org.kde.kwrite","caption":"<Titel entfernt>","output":"DP-3","desktops":["89539ae6-e06b-4c76-a057-95df959578a9"],"activities":["a89f5ec2-ab8e-4108-8088-7118500a3aab"],"onAllDesktops":false,"geo":{"x":1294,"y":30,"w":580,"h":466,"exakt":true},"min":{"w":369,"h":221},"max":{"w":2147483647,"h":2147483647},"fullScreen":false,"minimized":false,"maximizeMode":0,"moveable":true,"resizeable":true,"move":false,"resize":false,"managed":true,"deleted":false,"normalWindow":true,"specialWindow":false,"popupWindow":false,"dialog":false,"utility":false,"splash":false,"dock":false,"transient":true,"modal":true,"transientFor":"{b6036c2f-c07d-4684-a4ba-3afb03e245c0}","r":1788713189735,"n":16,"ms":529}
2026-09-06T18:46:31+02:00 HAL9000 kwin_wayland[49086]: KXLGEO1 {"k":"view","s":2,"key":"a89f5ec2-ab8e-4108-8088-7118500a3aab|89539ae6-e06b-4c76-a057-95df959578a9|DP-3","activity":"a89f5ec2-ab8e-4108-8088-7118500a3aab","desktop":"89539ae6-e06b-4c76-a057-95df959578a9","output":"DP-3","area":{"x":0,"y":0,"w":1920,"h":1050,"exakt":true},"r":1788713189735,"n":17,"ms":1578}
2026-09-06T18:46:31+02:00 HAL9000 kwin_wayland[49086]: KXLGEO1 {"k":"active","s":2,"activeId":"{fb1161ee-f0d2-4cf5-b498-e3288e3952a8}","r":1788713189735,"n":18,"ms":1578}
2026-09-06T18:46:31+02:00 HAL9000 kwin_wayland[49086]: KXLGEO1 {"k":"win","s":2,"id":"{7a0a4cb3-5b11-494f-b71f-942b970b1d4d}","cls":"plasmashell","caption":"<Titel entfernt>","output":"DP-3","desktops":[],"activities":[],"onAllDesktops":true,"geo":{"x":0,"y":0,"w":1920,"h":1080,"exakt":true},"min":{"w":0,"h":0},"max":{"w":2147483647,"h":2147483647},"fullScreen":false,"minimized":false,"maximizeMode":0,"moveable":false,"resizeable":false,"move":false,"resize":false,"managed":true,"deleted":false,"normalWindow":false,"specialWindow":true,"popupWindow":false,"dialog":false,"utility":false,"splash":false,"dock":false,"transient":false,"modal":false,"transientFor":null,"r":1788713189735,"n":19,"ms":1578}
2026-09-06T18:46:31+02:00 HAL9000 kwin_wayland[49086]: KXLGEO1 {"k":"win","s":2,"id":"{601ada54-23c8-4db2-973b-97cbc0619b0f}","cls":"plasmashell","caption":"<Titel entfernt>","output":"DP-3","desktops":[],"activities":[],"onAllDesktops":true,"geo":{"x":0,"y":1050,"w":1920,"h":30,"exakt":true},"min":{"w":0,"h":0},"max":{"w":2147483647,"h":2147483647},"fullScreen":false,"minimized":false,"maximizeMode":0,"moveable":false,"resizeable":false,"move":false,"resize":false,"managed":true,"deleted":false,"normalWindow":false,"specialWindow":true,"popupWindow":false,"dialog":false,"utility":false,"splash":false,"dock":true,"transient":false,"modal":false,"transientFor":null,"r":1788713189735,"n":20,"ms":1579}
2026-09-06T18:46:31+02:00 HAL9000 kwin_wayland[49086]: KXLGEO1 {"k":"win","s":2,"id":"{202a737b-d537-4f0b-a10a-42b1b5496d70}","cls":"org.kde.kwrite","caption":"kxl-m1.txt — KWrite","output":"DP-3","desktops":["89539ae6-e06b-4c76-a057-95df959578a9"],"activities":["a89f5ec2-ab8e-4108-8088-7118500a3aab"],"onAllDesktops":false,"geo":{"x":1248,"y":525,"w":672,"h":525,"exakt":true},"min":{"w":157,"h":150},"max":{"w":2147483647,"h":2147483647},"fullScreen":false,"minimized":false,"maximizeMode":0,"moveable":true,"resizeable":true,"move":false,"resize":false,"managed":true,"deleted":false,"normalWindow":true,"specialWindow":false,"popupWindow":false,"dialog":false,"utility":false,"splash":false,"dock":false,"transient":false,"modal":false,"transientFor":null,"r":1788713189735,"n":21,"ms":1579}
2026-09-06T18:46:31+02:00 HAL9000 kwin_wayland[49086]: KXLGEO1 {"k":"win","s":2,"id":"{b6036c2f-c07d-4684-a4ba-3afb03e245c0}","cls":"org.kde.kwrite","caption":"kxl-m2.txt — KWrite","output":"DP-3","desktops":["89539ae6-e06b-4c76-a057-95df959578a9"],"activities":["a89f5ec2-ab8e-4108-8088-7118500a3aab"],"onAllDesktops":false,"geo":{"x":1248,"y":0,"w":672,"h":525,"exakt":true},"min":{"w":157,"h":150},"max":{"w":2147483647,"h":2147483647},"fullScreen":false,"minimized":false,"maximizeMode":0,"moveable":true,"resizeable":true,"move":false,"resize":false,"managed":true,"deleted":false,"normalWindow":true,"specialWindow":false,"popupWindow":false,"dialog":false,"utility":false,"splash":false,"dock":false,"transient":false,"modal":false,"transientFor":null,"r":1788713189735,"n":22,"ms":1579}
2026-09-06T18:46:31+02:00 HAL9000 kwin_wayland[49086]: KXLGEO1 {"k":"win","s":2,"id":"{d840f8c1-00d7-4a60-af6c-9fd877526403}","cls":"org.kde.kwrite","caption":"kxl-m3.txt — KWrite","output":"DP-3","desktops":["89539ae6-e06b-4c76-a057-95df959578a9"],"activities":["a89f5ec2-ab8e-4108-8088-7118500a3aab"],"onAllDesktops":false,"geo":{"x":0,"y":0,"w":1248,"h":1050,"exakt":true},"min":{"w":157,"h":150},"max":{"w":2147483647,"h":2147483647},"fullScreen":false,"minimized":false,"maximizeMode":0,"moveable":true,"resizeable":true,"move":false,"resize":false,"managed":true,"deleted":false,"normalWindow":true,"specialWindow":false,"popupWindow":false,"dialog":false,"utility":false,"splash":false,"dock":false,"transient":false,"modal":false,"transientFor":null,"r":1788713189735,"n":23,"ms":1580}
2026-09-06T18:46:31+02:00 HAL9000 kwin_wayland[49086]: KXLGEO1 {"k":"win","s":2,"id":"{fb1161ee-f0d2-4cf5-b498-e3288e3952a8}","cls":"org.kde.kwrite","caption":"<Titel entfernt>","output":"DP-3","desktops":["89539ae6-e06b-4c76-a057-95df959578a9"],"activities":["a89f5ec2-ab8e-4108-8088-7118500a3aab"],"onAllDesktops":false,"geo":{"x":1294,"y":30,"w":580,"h":466,"exakt":true},"min":{"w":369,"h":221},"max":{"w":2147483647,"h":2147483647},"fullScreen":false,"minimized":false,"maximizeMode":0,"moveable":true,"resizeable":true,"move":false,"resize":false,"managed":true,"deleted":false,"normalWindow":true,"specialWindow":false,"popupWindow":false,"dialog":false,"utility":false,"splash":false,"dock":false,"transient":true,"modal":true,"transientFor":"{b6036c2f-c07d-4684-a4ba-3afb03e245c0}","r":1788713189735,"n":24,"ms":1580}
2026-09-06T18:46:32+02:00 HAL9000 kwin_wayland[49086]: KXLGEO1 {"k":"view","s":3,"key":"a89f5ec2-ab8e-4108-8088-7118500a3aab|89539ae6-e06b-4c76-a057-95df959578a9|DP-3","activity":"a89f5ec2-ab8e-4108-8088-7118500a3aab","desktop":"89539ae6-e06b-4c76-a057-95df959578a9","output":"DP-3","area":{"x":0,"y":0,"w":1920,"h":1050,"exakt":true},"r":1788713189735,"n":25,"ms":3079}
2026-09-06T18:46:32+02:00 HAL9000 kwin_wayland[49086]: KXLGEO1 {"k":"active","s":3,"activeId":"{fb1161ee-f0d2-4cf5-b498-e3288e3952a8}","r":1788713189735,"n":26,"ms":3079}
2026-09-06T18:46:32+02:00 HAL9000 kwin_wayland[49086]: KXLGEO1 {"k":"win","s":3,"id":"{7a0a4cb3-5b11-494f-b71f-942b970b1d4d}","cls":"plasmashell","caption":"<Titel entfernt>","output":"DP-3","desktops":[],"activities":[],"onAllDesktops":true,"geo":{"x":0,"y":0,"w":1920,"h":1080,"exakt":true},"min":{"w":0,"h":0},"max":{"w":2147483647,"h":2147483647},"fullScreen":false,"minimized":false,"maximizeMode":0,"moveable":false,"resizeable":false,"move":false,"resize":false,"managed":true,"deleted":false,"normalWindow":false,"specialWindow":true,"popupWindow":false,"dialog":false,"utility":false,"splash":false,"dock":false,"transient":false,"modal":false,"transientFor":null,"r":1788713189735,"n":27,"ms":3079}
2026-09-06T18:46:32+02:00 HAL9000 kwin_wayland[49086]: KXLGEO1 {"k":"win","s":3,"id":"{601ada54-23c8-4db2-973b-97cbc0619b0f}","cls":"plasmashell","caption":"<Titel entfernt>","output":"DP-3","desktops":[],"activities":[],"onAllDesktops":true,"geo":{"x":0,"y":1050,"w":1920,"h":30,"exakt":true},"min":{"w":0,"h":0},"max":{"w":2147483647,"h":2147483647},"fullScreen":false,"minimized":false,"maximizeMode":0,"moveable":false,"resizeable":false,"move":false,"resize":false,"managed":true,"deleted":false,"normalWindow":false,"specialWindow":true,"popupWindow":false,"dialog":false,"utility":false,"splash":false,"dock":true,"transient":false,"modal":false,"transientFor":null,"r":1788713189735,"n":28,"ms":3080}
2026-09-06T18:46:32+02:00 HAL9000 kwin_wayland[49086]: KXLGEO1 {"k":"win","s":3,"id":"{202a737b-d537-4f0b-a10a-42b1b5496d70}","cls":"org.kde.kwrite","caption":"kxl-m1.txt — KWrite","output":"DP-3","desktops":["89539ae6-e06b-4c76-a057-95df959578a9"],"activities":["a89f5ec2-ab8e-4108-8088-7118500a3aab"],"onAllDesktops":false,"geo":{"x":1248,"y":525,"w":672,"h":525,"exakt":true},"min":{"w":157,"h":150},"max":{"w":2147483647,"h":2147483647},"fullScreen":false,"minimized":false,"maximizeMode":0,"moveable":true,"resizeable":true,"move":false,"resize":false,"managed":true,"deleted":false,"normalWindow":true,"specialWindow":false,"popupWindow":false,"dialog":false,"utility":false,"splash":false,"dock":false,"transient":false,"modal":false,"transientFor":null,"r":1788713189735,"n":29,"ms":3080}
2026-09-06T18:46:32+02:00 HAL9000 kwin_wayland[49086]: KXLGEO1 {"k":"win","s":3,"id":"{b6036c2f-c07d-4684-a4ba-3afb03e245c0}","cls":"org.kde.kwrite","caption":"kxl-m2.txt — KWrite","output":"DP-3","desktops":["89539ae6-e06b-4c76-a057-95df959578a9"],"activities":["a89f5ec2-ab8e-4108-8088-7118500a3aab"],"onAllDesktops":false,"geo":{"x":1248,"y":0,"w":672,"h":525,"exakt":true},"min":{"w":157,"h":150},"max":{"w":2147483647,"h":2147483647},"fullScreen":false,"minimized":false,"maximizeMode":0,"moveable":true,"resizeable":true,"move":false,"resize":false,"managed":true,"deleted":false,"normalWindow":true,"specialWindow":false,"popupWindow":false,"dialog":false,"utility":false,"splash":false,"dock":false,"transient":false,"modal":false,"transientFor":null,"r":1788713189735,"n":30,"ms":3080}
2026-09-06T18:46:32+02:00 HAL9000 kwin_wayland[49086]: KXLGEO1 {"k":"win","s":3,"id":"{d840f8c1-00d7-4a60-af6c-9fd877526403}","cls":"org.kde.kwrite","caption":"kxl-m3.txt — KWrite","output":"DP-3","desktops":["89539ae6-e06b-4c76-a057-95df959578a9"],"activities":["a89f5ec2-ab8e-4108-8088-7118500a3aab"],"onAllDesktops":false,"geo":{"x":0,"y":0,"w":1248,"h":1050,"exakt":true},"min":{"w":157,"h":150},"max":{"w":2147483647,"h":2147483647},"fullScreen":false,"minimized":false,"maximizeMode":0,"moveable":true,"resizeable":true,"move":false,"resize":false,"managed":true,"deleted":false,"normalWindow":true,"specialWindow":false,"popupWindow":false,"dialog":false,"utility":false,"splash":false,"dock":false,"transient":false,"modal":false,"transientFor":null,"r":1788713189735,"n":31,"ms":3080}
2026-09-06T18:46:32+02:00 HAL9000 kwin_wayland[49086]: KXLGEO1 {"k":"win","s":3,"id":"{fb1161ee-f0d2-4cf5-b498-e3288e3952a8}","cls":"org.kde.kwrite","caption":"<Titel entfernt>","output":"DP-3","desktops":["89539ae6-e06b-4c76-a057-95df959578a9"],"activities":["a89f5ec2-ab8e-4108-8088-7118500a3aab"],"onAllDesktops":false,"geo":{"x":1294,"y":30,"w":580,"h":466,"exakt":true},"min":{"w":369,"h":221},"max":{"w":2147483647,"h":2147483647},"fullScreen":false,"minimized":false,"maximizeMode":0,"moveable":true,"resizeable":true,"move":false,"resize":false,"managed":true,"deleted":false,"normalWindow":true,"specialWindow":false,"popupWindow":false,"dialog":false,"utility":false,"splash":false,"dock":false,"transient":true,"modal":true,"transientFor":"{b6036c2f-c07d-4684-a4ba-3afb03e245c0}","r":1788713189735,"n":32,"ms":3080}
2026-09-06T18:46:32+02:00 HAL9000 kwin_wayland[49086]: KXLGEO1 {"k":"end","st":"ok","total":33,"samples":4,"fehler":0,"timer_aktiv":0,"r":1788713189735,"n":33,"ms":3080}
2026-09-06T18:47:10+02:00 HAL9000 kxl-abnahme[53316]: == 20b Durchgang 2 echter Tastendruck: Meta+M ==
2026-09-06T18:47:10+02:00 HAL9000 kwin_wayland[49086]: kwin-xmonad-lite: befehl focusMaster surface=a89f5ec2-ab8e-4108-8088-7118500a3aab|89539ae6-e06b-4c76-a057-95df959578a9|DP-3 via=ausgabe fokus={d840f8c1-00d7-4a60-af6c-9fd877526403}
2026-09-06T18:47:10+02:00 HAL9000 kwin_wayland[49086]: kwin-xmonad-lite: aktiviere {d840f8c1-00d7-4a60-af6c-9fd877526403}
2026-09-06T18:47:10+02:00 HAL9000 kwin_wayland[49086]: kwin-xmonad-lite: arrange #67 grund=windowActivated,shortcut:focusMaster surfaces=1 mitglieder=3 teilnehmer=3
2026-09-06T18:47:10+02:00 HAL9000 kwin_wayland[49086]: kwin-xmonad-lite: surface a89f5ec2-ab8e-4108-8088-7118500a3aab|89539ae6-e06b-4c76-a057-95df959578a9|DP-3 layout=tall n=3 ratio=0.65 fläche=1920x1050+0+0
2026-09-06T18:47:10+02:00 HAL9000 kwin_wayland[49086]: kwin-xmonad-lite: diagnose a89f5ec2-ab8e-4108-8088-7118500a3aab|89539ae6-e06b-4c76-a057-95df959578a9|DP-3 order={d840f8c1-00d7-4a60-af6c-9fd877526403},{b6036c2f-c07d-4684-a4ba-3afb03e245c0},{202a737b-d537-4f0b-a10a-42b1b5496d70} teilnehmer={d840f8c1-00d7-4a60-af6c-9fd877526403},{b6036c2f-c07d-4684-a4ba-3afb03e245c0},{202a737b-d537-4f0b-a10a-42b1b5496d70} float=
2026-09-06T18:47:13+02:00 HAL9000 kxl-abnahme[53336]: == 20b D2 jetzt Meta+J ==
2026-09-06T18:47:13+02:00 HAL9000 kwin_wayland[49086]: kwin-xmonad-lite: befehl focusNext surface=a89f5ec2-ab8e-4108-8088-7118500a3aab|89539ae6-e06b-4c76-a057-95df959578a9|DP-3 via=aktiv fokus={b6036c2f-c07d-4684-a4ba-3afb03e245c0}
2026-09-06T18:47:13+02:00 HAL9000 kwin_wayland[49086]: kwin-xmonad-lite: aktiviere {b6036c2f-c07d-4684-a4ba-3afb03e245c0}
2026-09-06T18:47:13+02:00 HAL9000 kwin_wayland[49086]: kwin-xmonad-lite: arrange #68 grund=windowActivated,shortcut:focusNext surfaces=1 mitglieder=3 teilnehmer=3
2026-09-06T18:47:13+02:00 HAL9000 kwin_wayland[49086]: kwin-xmonad-lite: surface a89f5ec2-ab8e-4108-8088-7118500a3aab|89539ae6-e06b-4c76-a057-95df959578a9|DP-3 layout=tall n=3 ratio=0.65 fläche=1920x1050+0+0
2026-09-06T18:47:13+02:00 HAL9000 kwin_wayland[49086]: kwin-xmonad-lite: diagnose a89f5ec2-ab8e-4108-8088-7118500a3aab|89539ae6-e06b-4c76-a057-95df959578a9|DP-3 order={d840f8c1-00d7-4a60-af6c-9fd877526403},{b6036c2f-c07d-4684-a4ba-3afb03e245c0},{202a737b-d537-4f0b-a10a-42b1b5496d70} teilnehmer={d840f8c1-00d7-4a60-af6c-9fd877526403},{b6036c2f-c07d-4684-a4ba-3afb03e245c0},{202a737b-d537-4f0b-a10a-42b1b5496d70} float=
2026-09-06T18:47:45+02:00 HAL9000 kwin_wayland[49086]: KXLGEO1 {"k":"meta","tag":"KXLGEO1","start":1788713265305,"perOutputDesktops":false,"outputs":1,"samples":[0,500,1500,3000],"titlePrefix":"kxl-","r":1788713265305,"n":0,"ms":0}
2026-09-06T18:47:45+02:00 HAL9000 kwin_wayland[49086]: KXLGEO1 {"k":"view","s":0,"key":"a89f5ec2-ab8e-4108-8088-7118500a3aab|89539ae6-e06b-4c76-a057-95df959578a9|DP-3","activity":"a89f5ec2-ab8e-4108-8088-7118500a3aab","desktop":"89539ae6-e06b-4c76-a057-95df959578a9","output":"DP-3","area":{"x":0,"y":0,"w":1920,"h":1050,"exakt":true},"r":1788713265305,"n":1,"ms":0}
2026-09-06T18:47:45+02:00 HAL9000 kwin_wayland[49086]: KXLGEO1 {"k":"active","s":0,"activeId":"{fb1161ee-f0d2-4cf5-b498-e3288e3952a8}","r":1788713265305,"n":2,"ms":0}
2026-09-06T18:47:45+02:00 HAL9000 kwin_wayland[49086]: KXLGEO1 {"k":"win","s":0,"id":"{7a0a4cb3-5b11-494f-b71f-942b970b1d4d}","cls":"plasmashell","caption":"<Titel entfernt>","output":"DP-3","desktops":[],"activities":[],"onAllDesktops":true,"geo":{"x":0,"y":0,"w":1920,"h":1080,"exakt":true},"min":{"w":0,"h":0},"max":{"w":2147483647,"h":2147483647},"fullScreen":false,"minimized":false,"maximizeMode":0,"moveable":false,"resizeable":false,"move":false,"resize":false,"managed":true,"deleted":false,"normalWindow":false,"specialWindow":true,"popupWindow":false,"dialog":false,"utility":false,"splash":false,"dock":false,"transient":false,"modal":false,"transientFor":null,"r":1788713265305,"n":3,"ms":0}
2026-09-06T18:47:45+02:00 HAL9000 kwin_wayland[49086]: KXLGEO1 {"k":"win","s":0,"id":"{601ada54-23c8-4db2-973b-97cbc0619b0f}","cls":"plasmashell","caption":"<Titel entfernt>","output":"DP-3","desktops":[],"activities":[],"onAllDesktops":true,"geo":{"x":0,"y":1050,"w":1920,"h":30,"exakt":true},"min":{"w":0,"h":0},"max":{"w":2147483647,"h":2147483647},"fullScreen":false,"minimized":false,"maximizeMode":0,"moveable":false,"resizeable":false,"move":false,"resize":false,"managed":true,"deleted":false,"normalWindow":false,"specialWindow":true,"popupWindow":false,"dialog":false,"utility":false,"splash":false,"dock":true,"transient":false,"modal":false,"transientFor":null,"r":1788713265305,"n":4,"ms":0}
2026-09-06T18:47:45+02:00 HAL9000 kwin_wayland[49086]: KXLGEO1 {"k":"win","s":0,"id":"{202a737b-d537-4f0b-a10a-42b1b5496d70}","cls":"org.kde.kwrite","caption":"kxl-m1.txt — KWrite","output":"DP-3","desktops":["89539ae6-e06b-4c76-a057-95df959578a9"],"activities":["a89f5ec2-ab8e-4108-8088-7118500a3aab"],"onAllDesktops":false,"geo":{"x":1248,"y":525,"w":672,"h":525,"exakt":true},"min":{"w":157,"h":150},"max":{"w":2147483647,"h":2147483647},"fullScreen":false,"minimized":false,"maximizeMode":0,"moveable":true,"resizeable":true,"move":false,"resize":false,"managed":true,"deleted":false,"normalWindow":true,"specialWindow":false,"popupWindow":false,"dialog":false,"utility":false,"splash":false,"dock":false,"transient":false,"modal":false,"transientFor":null,"r":1788713265305,"n":5,"ms":1}
2026-09-06T18:47:45+02:00 HAL9000 kwin_wayland[49086]: KXLGEO1 {"k":"win","s":0,"id":"{b6036c2f-c07d-4684-a4ba-3afb03e245c0}","cls":"org.kde.kwrite","caption":"kxl-m2.txt — KWrite","output":"DP-3","desktops":["89539ae6-e06b-4c76-a057-95df959578a9"],"activities":["a89f5ec2-ab8e-4108-8088-7118500a3aab"],"onAllDesktops":false,"geo":{"x":1248,"y":0,"w":672,"h":525,"exakt":true},"min":{"w":157,"h":150},"max":{"w":2147483647,"h":2147483647},"fullScreen":false,"minimized":false,"maximizeMode":0,"moveable":true,"resizeable":true,"move":false,"resize":false,"managed":true,"deleted":false,"normalWindow":true,"specialWindow":false,"popupWindow":false,"dialog":false,"utility":false,"splash":false,"dock":false,"transient":false,"modal":false,"transientFor":null,"r":1788713265305,"n":6,"ms":1}
2026-09-06T18:47:45+02:00 HAL9000 kwin_wayland[49086]: KXLGEO1 {"k":"win","s":0,"id":"{d840f8c1-00d7-4a60-af6c-9fd877526403}","cls":"org.kde.kwrite","caption":"kxl-m3.txt — KWrite","output":"DP-3","desktops":["89539ae6-e06b-4c76-a057-95df959578a9"],"activities":["a89f5ec2-ab8e-4108-8088-7118500a3aab"],"onAllDesktops":false,"geo":{"x":0,"y":0,"w":1248,"h":1050,"exakt":true},"min":{"w":157,"h":150},"max":{"w":2147483647,"h":2147483647},"fullScreen":false,"minimized":false,"maximizeMode":0,"moveable":true,"resizeable":true,"move":false,"resize":false,"managed":true,"deleted":false,"normalWindow":true,"specialWindow":false,"popupWindow":false,"dialog":false,"utility":false,"splash":false,"dock":false,"transient":false,"modal":false,"transientFor":null,"r":1788713265305,"n":7,"ms":1}
2026-09-06T18:47:45+02:00 HAL9000 kwin_wayland[49086]: KXLGEO1 {"k":"win","s":0,"id":"{fb1161ee-f0d2-4cf5-b498-e3288e3952a8}","cls":"org.kde.kwrite","caption":"<Titel entfernt>","output":"DP-3","desktops":["89539ae6-e06b-4c76-a057-95df959578a9"],"activities":["a89f5ec2-ab8e-4108-8088-7118500a3aab"],"onAllDesktops":false,"geo":{"x":1294,"y":30,"w":580,"h":466,"exakt":true},"min":{"w":369,"h":221},"max":{"w":2147483647,"h":2147483647},"fullScreen":false,"minimized":false,"maximizeMode":0,"moveable":true,"resizeable":true,"move":false,"resize":false,"managed":true,"deleted":false,"normalWindow":true,"specialWindow":false,"popupWindow":false,"dialog":false,"utility":false,"splash":false,"dock":false,"transient":true,"modal":true,"transientFor":"{b6036c2f-c07d-4684-a4ba-3afb03e245c0}","r":1788713265305,"n":8,"ms":1}
2026-09-06T18:47:45+02:00 HAL9000 kwin_wayland[49086]: KXLGEO1 {"k":"view","s":1,"key":"a89f5ec2-ab8e-4108-8088-7118500a3aab|89539ae6-e06b-4c76-a057-95df959578a9|DP-3","activity":"a89f5ec2-ab8e-4108-8088-7118500a3aab","desktop":"89539ae6-e06b-4c76-a057-95df959578a9","output":"DP-3","area":{"x":0,"y":0,"w":1920,"h":1050,"exakt":true},"r":1788713265305,"n":9,"ms":509}
2026-09-06T18:47:45+02:00 HAL9000 kwin_wayland[49086]: KXLGEO1 {"k":"active","s":1,"activeId":"{fb1161ee-f0d2-4cf5-b498-e3288e3952a8}","r":1788713265305,"n":10,"ms":510}
2026-09-06T18:47:45+02:00 HAL9000 kwin_wayland[49086]: KXLGEO1 {"k":"win","s":1,"id":"{7a0a4cb3-5b11-494f-b71f-942b970b1d4d}","cls":"plasmashell","caption":"<Titel entfernt>","output":"DP-3","desktops":[],"activities":[],"onAllDesktops":true,"geo":{"x":0,"y":0,"w":1920,"h":1080,"exakt":true},"min":{"w":0,"h":0},"max":{"w":2147483647,"h":2147483647},"fullScreen":false,"minimized":false,"maximizeMode":0,"moveable":false,"resizeable":false,"move":false,"resize":false,"managed":true,"deleted":false,"normalWindow":false,"specialWindow":true,"popupWindow":false,"dialog":false,"utility":false,"splash":false,"dock":false,"transient":false,"modal":false,"transientFor":null,"r":1788713265305,"n":11,"ms":510}
2026-09-06T18:47:45+02:00 HAL9000 kwin_wayland[49086]: KXLGEO1 {"k":"win","s":1,"id":"{601ada54-23c8-4db2-973b-97cbc0619b0f}","cls":"plasmashell","caption":"<Titel entfernt>","output":"DP-3","desktops":[],"activities":[],"onAllDesktops":true,"geo":{"x":0,"y":1050,"w":1920,"h":30,"exakt":true},"min":{"w":0,"h":0},"max":{"w":2147483647,"h":2147483647},"fullScreen":false,"minimized":false,"maximizeMode":0,"moveable":false,"resizeable":false,"move":false,"resize":false,"managed":true,"deleted":false,"normalWindow":false,"specialWindow":true,"popupWindow":false,"dialog":false,"utility":false,"splash":false,"dock":true,"transient":false,"modal":false,"transientFor":null,"r":1788713265305,"n":12,"ms":511}
2026-09-06T18:47:45+02:00 HAL9000 kwin_wayland[49086]: KXLGEO1 {"k":"win","s":1,"id":"{202a737b-d537-4f0b-a10a-42b1b5496d70}","cls":"org.kde.kwrite","caption":"kxl-m1.txt — KWrite","output":"DP-3","desktops":["89539ae6-e06b-4c76-a057-95df959578a9"],"activities":["a89f5ec2-ab8e-4108-8088-7118500a3aab"],"onAllDesktops":false,"geo":{"x":1248,"y":525,"w":672,"h":525,"exakt":true},"min":{"w":157,"h":150},"max":{"w":2147483647,"h":2147483647},"fullScreen":false,"minimized":false,"maximizeMode":0,"moveable":true,"resizeable":true,"move":false,"resize":false,"managed":true,"deleted":false,"normalWindow":true,"specialWindow":false,"popupWindow":false,"dialog":false,"utility":false,"splash":false,"dock":false,"transient":false,"modal":false,"transientFor":null,"r":1788713265305,"n":13,"ms":511}
2026-09-06T18:47:45+02:00 HAL9000 kwin_wayland[49086]: KXLGEO1 {"k":"win","s":1,"id":"{b6036c2f-c07d-4684-a4ba-3afb03e245c0}","cls":"org.kde.kwrite","caption":"kxl-m2.txt — KWrite","output":"DP-3","desktops":["89539ae6-e06b-4c76-a057-95df959578a9"],"activities":["a89f5ec2-ab8e-4108-8088-7118500a3aab"],"onAllDesktops":false,"geo":{"x":1248,"y":0,"w":672,"h":525,"exakt":true},"min":{"w":157,"h":150},"max":{"w":2147483647,"h":2147483647},"fullScreen":false,"minimized":false,"maximizeMode":0,"moveable":true,"resizeable":true,"move":false,"resize":false,"managed":true,"deleted":false,"normalWindow":true,"specialWindow":false,"popupWindow":false,"dialog":false,"utility":false,"splash":false,"dock":false,"transient":false,"modal":false,"transientFor":null,"r":1788713265305,"n":14,"ms":512}
2026-09-06T18:47:45+02:00 HAL9000 kwin_wayland[49086]: KXLGEO1 {"k":"win","s":1,"id":"{d840f8c1-00d7-4a60-af6c-9fd877526403}","cls":"org.kde.kwrite","caption":"kxl-m3.txt — KWrite","output":"DP-3","desktops":["89539ae6-e06b-4c76-a057-95df959578a9"],"activities":["a89f5ec2-ab8e-4108-8088-7118500a3aab"],"onAllDesktops":false,"geo":{"x":0,"y":0,"w":1248,"h":1050,"exakt":true},"min":{"w":157,"h":150},"max":{"w":2147483647,"h":2147483647},"fullScreen":false,"minimized":false,"maximizeMode":0,"moveable":true,"resizeable":true,"move":false,"resize":false,"managed":true,"deleted":false,"normalWindow":true,"specialWindow":false,"popupWindow":false,"dialog":false,"utility":false,"splash":false,"dock":false,"transient":false,"modal":false,"transientFor":null,"r":1788713265305,"n":15,"ms":513}
2026-09-06T18:47:45+02:00 HAL9000 kwin_wayland[49086]: KXLGEO1 {"k":"win","s":1,"id":"{fb1161ee-f0d2-4cf5-b498-e3288e3952a8}","cls":"org.kde.kwrite","caption":"<Titel entfernt>","output":"DP-3","desktops":["89539ae6-e06b-4c76-a057-95df959578a9"],"activities":["a89f5ec2-ab8e-4108-8088-7118500a3aab"],"onAllDesktops":false,"geo":{"x":1294,"y":30,"w":580,"h":466,"exakt":true},"min":{"w":369,"h":221},"max":{"w":2147483647,"h":2147483647},"fullScreen":false,"minimized":false,"maximizeMode":0,"moveable":true,"resizeable":true,"move":false,"resize":false,"managed":true,"deleted":false,"normalWindow":true,"specialWindow":false,"popupWindow":false,"dialog":false,"utility":false,"splash":false,"dock":false,"transient":true,"modal":true,"transientFor":"{b6036c2f-c07d-4684-a4ba-3afb03e245c0}","r":1788713265305,"n":16,"ms":513}
2026-09-06T18:47:46+02:00 HAL9000 kwin_wayland[49086]: KXLGEO1 {"k":"view","s":2,"key":"a89f5ec2-ab8e-4108-8088-7118500a3aab|89539ae6-e06b-4c76-a057-95df959578a9|DP-3","activity":"a89f5ec2-ab8e-4108-8088-7118500a3aab","desktop":"89539ae6-e06b-4c76-a057-95df959578a9","output":"DP-3","area":{"x":0,"y":0,"w":1920,"h":1050,"exakt":true},"r":1788713265305,"n":17,"ms":1509}
2026-09-06T18:47:46+02:00 HAL9000 kwin_wayland[49086]: KXLGEO1 {"k":"active","s":2,"activeId":"{fb1161ee-f0d2-4cf5-b498-e3288e3952a8}","r":1788713265305,"n":18,"ms":1509}
2026-09-06T18:47:46+02:00 HAL9000 kwin_wayland[49086]: KXLGEO1 {"k":"win","s":2,"id":"{7a0a4cb3-5b11-494f-b71f-942b970b1d4d}","cls":"plasmashell","caption":"<Titel entfernt>","output":"DP-3","desktops":[],"activities":[],"onAllDesktops":true,"geo":{"x":0,"y":0,"w":1920,"h":1080,"exakt":true},"min":{"w":0,"h":0},"max":{"w":2147483647,"h":2147483647},"fullScreen":false,"minimized":false,"maximizeMode":0,"moveable":false,"resizeable":false,"move":false,"resize":false,"managed":true,"deleted":false,"normalWindow":false,"specialWindow":true,"popupWindow":false,"dialog":false,"utility":false,"splash":false,"dock":false,"transient":false,"modal":false,"transientFor":null,"r":1788713265305,"n":19,"ms":1510}
2026-09-06T18:47:46+02:00 HAL9000 kwin_wayland[49086]: KXLGEO1 {"k":"win","s":2,"id":"{601ada54-23c8-4db2-973b-97cbc0619b0f}","cls":"plasmashell","caption":"<Titel entfernt>","output":"DP-3","desktops":[],"activities":[],"onAllDesktops":true,"geo":{"x":0,"y":1050,"w":1920,"h":30,"exakt":true},"min":{"w":0,"h":0},"max":{"w":2147483647,"h":2147483647},"fullScreen":false,"minimized":false,"maximizeMode":0,"moveable":false,"resizeable":false,"move":false,"resize":false,"managed":true,"deleted":false,"normalWindow":false,"specialWindow":true,"popupWindow":false,"dialog":false,"utility":false,"splash":false,"dock":true,"transient":false,"modal":false,"transientFor":null,"r":1788713265305,"n":20,"ms":1511}
2026-09-06T18:47:46+02:00 HAL9000 kwin_wayland[49086]: KXLGEO1 {"k":"win","s":2,"id":"{202a737b-d537-4f0b-a10a-42b1b5496d70}","cls":"org.kde.kwrite","caption":"kxl-m1.txt — KWrite","output":"DP-3","desktops":["89539ae6-e06b-4c76-a057-95df959578a9"],"activities":["a89f5ec2-ab8e-4108-8088-7118500a3aab"],"onAllDesktops":false,"geo":{"x":1248,"y":525,"w":672,"h":525,"exakt":true},"min":{"w":157,"h":150},"max":{"w":2147483647,"h":2147483647},"fullScreen":false,"minimized":false,"maximizeMode":0,"moveable":true,"resizeable":true,"move":false,"resize":false,"managed":true,"deleted":false,"normalWindow":true,"specialWindow":false,"popupWindow":false,"dialog":false,"utility":false,"splash":false,"dock":false,"transient":false,"modal":false,"transientFor":null,"r":1788713265305,"n":21,"ms":1511}
2026-09-06T18:47:46+02:00 HAL9000 kwin_wayland[49086]: KXLGEO1 {"k":"win","s":2,"id":"{b6036c2f-c07d-4684-a4ba-3afb03e245c0}","cls":"org.kde.kwrite","caption":"kxl-m2.txt — KWrite","output":"DP-3","desktops":["89539ae6-e06b-4c76-a057-95df959578a9"],"activities":["a89f5ec2-ab8e-4108-8088-7118500a3aab"],"onAllDesktops":false,"geo":{"x":1248,"y":0,"w":672,"h":525,"exakt":true},"min":{"w":157,"h":150},"max":{"w":2147483647,"h":2147483647},"fullScreen":false,"minimized":false,"maximizeMode":0,"moveable":true,"resizeable":true,"move":false,"resize":false,"managed":true,"deleted":false,"normalWindow":true,"specialWindow":false,"popupWindow":false,"dialog":false,"utility":false,"splash":false,"dock":false,"transient":false,"modal":false,"transientFor":null,"r":1788713265305,"n":22,"ms":1512}
2026-09-06T18:47:46+02:00 HAL9000 kwin_wayland[49086]: KXLGEO1 {"k":"win","s":2,"id":"{d840f8c1-00d7-4a60-af6c-9fd877526403}","cls":"org.kde.kwrite","caption":"kxl-m3.txt — KWrite","output":"DP-3","desktops":["89539ae6-e06b-4c76-a057-95df959578a9"],"activities":["a89f5ec2-ab8e-4108-8088-7118500a3aab"],"onAllDesktops":false,"geo":{"x":0,"y":0,"w":1248,"h":1050,"exakt":true},"min":{"w":157,"h":150},"max":{"w":2147483647,"h":2147483647},"fullScreen":false,"minimized":false,"maximizeMode":0,"moveable":true,"resizeable":true,"move":false,"resize":false,"managed":true,"deleted":false,"normalWindow":true,"specialWindow":false,"popupWindow":false,"dialog":false,"utility":false,"splash":false,"dock":false,"transient":false,"modal":false,"transientFor":null,"r":1788713265305,"n":23,"ms":1512}
2026-09-06T18:47:46+02:00 HAL9000 kwin_wayland[49086]: KXLGEO1 {"k":"win","s":2,"id":"{fb1161ee-f0d2-4cf5-b498-e3288e3952a8}","cls":"org.kde.kwrite","caption":"<Titel entfernt>","output":"DP-3","desktops":["89539ae6-e06b-4c76-a057-95df959578a9"],"activities":["a89f5ec2-ab8e-4108-8088-7118500a3aab"],"onAllDesktops":false,"geo":{"x":1294,"y":30,"w":580,"h":466,"exakt":true},"min":{"w":369,"h":221},"max":{"w":2147483647,"h":2147483647},"fullScreen":false,"minimized":false,"maximizeMode":0,"moveable":true,"resizeable":true,"move":false,"resize":false,"managed":true,"deleted":false,"normalWindow":true,"specialWindow":false,"popupWindow":false,"dialog":false,"utility":false,"splash":false,"dock":false,"transient":true,"modal":true,"transientFor":"{b6036c2f-c07d-4684-a4ba-3afb03e245c0}","r":1788713265305,"n":24,"ms":1513}
2026-09-06T18:47:48+02:00 HAL9000 kwin_wayland[49086]: KXLGEO1 {"k":"view","s":3,"key":"a89f5ec2-ab8e-4108-8088-7118500a3aab|89539ae6-e06b-4c76-a057-95df959578a9|DP-3","activity":"a89f5ec2-ab8e-4108-8088-7118500a3aab","desktop":"89539ae6-e06b-4c76-a057-95df959578a9","output":"DP-3","area":{"x":0,"y":0,"w":1920,"h":1050,"exakt":true},"r":1788713265305,"n":25,"ms":3009}
2026-09-06T18:47:48+02:00 HAL9000 kwin_wayland[49086]: KXLGEO1 {"k":"active","s":3,"activeId":"{fb1161ee-f0d2-4cf5-b498-e3288e3952a8}","r":1788713265305,"n":26,"ms":3010}
2026-09-06T18:47:48+02:00 HAL9000 kwin_wayland[49086]: KXLGEO1 {"k":"win","s":3,"id":"{7a0a4cb3-5b11-494f-b71f-942b970b1d4d}","cls":"plasmashell","caption":"<Titel entfernt>","output":"DP-3","desktops":[],"activities":[],"onAllDesktops":true,"geo":{"x":0,"y":0,"w":1920,"h":1080,"exakt":true},"min":{"w":0,"h":0},"max":{"w":2147483647,"h":2147483647},"fullScreen":false,"minimized":false,"maximizeMode":0,"moveable":false,"resizeable":false,"move":false,"resize":false,"managed":true,"deleted":false,"normalWindow":false,"specialWindow":true,"popupWindow":false,"dialog":false,"utility":false,"splash":false,"dock":false,"transient":false,"modal":false,"transientFor":null,"r":1788713265305,"n":27,"ms":3011}
2026-09-06T18:47:48+02:00 HAL9000 kwin_wayland[49086]: KXLGEO1 {"k":"win","s":3,"id":"{601ada54-23c8-4db2-973b-97cbc0619b0f}","cls":"plasmashell","caption":"<Titel entfernt>","output":"DP-3","desktops":[],"activities":[],"onAllDesktops":true,"geo":{"x":0,"y":1050,"w":1920,"h":30,"exakt":true},"min":{"w":0,"h":0},"max":{"w":2147483647,"h":2147483647},"fullScreen":false,"minimized":false,"maximizeMode":0,"moveable":false,"resizeable":false,"move":false,"resize":false,"managed":true,"deleted":false,"normalWindow":false,"specialWindow":true,"popupWindow":false,"dialog":false,"utility":false,"splash":false,"dock":true,"transient":false,"modal":false,"transientFor":null,"r":1788713265305,"n":28,"ms":3011}
2026-09-06T18:47:48+02:00 HAL9000 kwin_wayland[49086]: KXLGEO1 {"k":"win","s":3,"id":"{202a737b-d537-4f0b-a10a-42b1b5496d70}","cls":"org.kde.kwrite","caption":"kxl-m1.txt — KWrite","output":"DP-3","desktops":["89539ae6-e06b-4c76-a057-95df959578a9"],"activities":["a89f5ec2-ab8e-4108-8088-7118500a3aab"],"onAllDesktops":false,"geo":{"x":1248,"y":525,"w":672,"h":525,"exakt":true},"min":{"w":157,"h":150},"max":{"w":2147483647,"h":2147483647},"fullScreen":false,"minimized":false,"maximizeMode":0,"moveable":true,"resizeable":true,"move":false,"resize":false,"managed":true,"deleted":false,"normalWindow":true,"specialWindow":false,"popupWindow":false,"dialog":false,"utility":false,"splash":false,"dock":false,"transient":false,"modal":false,"transientFor":null,"r":1788713265305,"n":29,"ms":3011}
2026-09-06T18:47:48+02:00 HAL9000 kwin_wayland[49086]: KXLGEO1 {"k":"win","s":3,"id":"{b6036c2f-c07d-4684-a4ba-3afb03e245c0}","cls":"org.kde.kwrite","caption":"kxl-m2.txt — KWrite","output":"DP-3","desktops":["89539ae6-e06b-4c76-a057-95df959578a9"],"activities":["a89f5ec2-ab8e-4108-8088-7118500a3aab"],"onAllDesktops":false,"geo":{"x":1248,"y":0,"w":672,"h":525,"exakt":true},"min":{"w":157,"h":150},"max":{"w":2147483647,"h":2147483647},"fullScreen":false,"minimized":false,"maximizeMode":0,"moveable":true,"resizeable":true,"move":false,"resize":false,"managed":true,"deleted":false,"normalWindow":true,"specialWindow":false,"popupWindow":false,"dialog":false,"utility":false,"splash":false,"dock":false,"transient":false,"modal":false,"transientFor":null,"r":1788713265305,"n":30,"ms":3011}
2026-09-06T18:47:48+02:00 HAL9000 kwin_wayland[49086]: KXLGEO1 {"k":"win","s":3,"id":"{d840f8c1-00d7-4a60-af6c-9fd877526403}","cls":"org.kde.kwrite","caption":"kxl-m3.txt — KWrite","output":"DP-3","desktops":["89539ae6-e06b-4c76-a057-95df959578a9"],"activities":["a89f5ec2-ab8e-4108-8088-7118500a3aab"],"onAllDesktops":false,"geo":{"x":0,"y":0,"w":1248,"h":1050,"exakt":true},"min":{"w":157,"h":150},"max":{"w":2147483647,"h":2147483647},"fullScreen":false,"minimized":false,"maximizeMode":0,"moveable":true,"resizeable":true,"move":false,"resize":false,"managed":true,"deleted":false,"normalWindow":true,"specialWindow":false,"popupWindow":false,"dialog":false,"utility":false,"splash":false,"dock":false,"transient":false,"modal":false,"transientFor":null,"r":1788713265305,"n":31,"ms":3012}
2026-09-06T18:47:48+02:00 HAL9000 kwin_wayland[49086]: KXLGEO1 {"k":"win","s":3,"id":"{fb1161ee-f0d2-4cf5-b498-e3288e3952a8}","cls":"org.kde.kwrite","caption":"<Titel entfernt>","output":"DP-3","desktops":["89539ae6-e06b-4c76-a057-95df959578a9"],"activities":["a89f5ec2-ab8e-4108-8088-7118500a3aab"],"onAllDesktops":false,"geo":{"x":1294,"y":30,"w":580,"h":466,"exakt":true},"min":{"w":369,"h":221},"max":{"w":2147483647,"h":2147483647},"fullScreen":false,"minimized":false,"maximizeMode":0,"moveable":true,"resizeable":true,"move":false,"resize":false,"managed":true,"deleted":false,"normalWindow":true,"specialWindow":false,"popupWindow":false,"dialog":false,"utility":false,"splash":false,"dock":false,"transient":true,"modal":true,"transientFor":"{b6036c2f-c07d-4684-a4ba-3afb03e245c0}","r":1788713265305,"n":32,"ms":3012}
2026-09-06T18:47:48+02:00 HAL9000 kwin_wayland[49086]: KXLGEO1 {"k":"end","st":"ok","total":33,"samples":4,"fehler":0,"timer_aktiv":0,"r":1788713265305,"n":33,"ms":3012}
2026-09-06T18:48:35+02:00 HAL9000 kwin_wayland[49086]: kwin-xmonad-lite: arrange #69 grund=closed,windowActivated,windowRemoved surfaces=1 mitglieder=3 teilnehmer=3
2026-09-06T18:48:35+02:00 HAL9000 kwin_wayland[49086]: kwin-xmonad-lite: surface a89f5ec2-ab8e-4108-8088-7118500a3aab|89539ae6-e06b-4c76-a057-95df959578a9|DP-3 layout=tall n=3 ratio=0.65 fläche=1920x1050+0+0
2026-09-06T18:48:35+02:00 HAL9000 kwin_wayland[49086]: kwin-xmonad-lite: diagnose a89f5ec2-ab8e-4108-8088-7118500a3aab|89539ae6-e06b-4c76-a057-95df959578a9|DP-3 order={d840f8c1-00d7-4a60-af6c-9fd877526403},{b6036c2f-c07d-4684-a4ba-3afb03e245c0},{202a737b-d537-4f0b-a10a-42b1b5496d70} teilnehmer={d840f8c1-00d7-4a60-af6c-9fd877526403},{b6036c2f-c07d-4684-a4ba-3afb03e245c0},{202a737b-d537-4f0b-a10a-42b1b5496d70} float=
2026-09-06T18:48:37+02:00 HAL9000 kxl-abnahme[53445]: == Fall 20b Ende ==
2026-09-06T18:48:37+02:00 HAL9000 kwin_wayland[49086]: kwin-xmonad-lite: gc #70 fenster=1 surfaces=0
2026-09-06T18:48:37+02:00 HAL9000 kwin_wayland[49086]: kwin-xmonad-lite: arrange #70 grund=closed,windowRemoved surfaces=1 mitglieder=2 teilnehmer=2
2026-09-06T18:48:37+02:00 HAL9000 kwin_wayland[49086]: kwin-xmonad-lite: surface a89f5ec2-ab8e-4108-8088-7118500a3aab|89539ae6-e06b-4c76-a057-95df959578a9|DP-3 layout=tall n=2 ratio=0.65 fläche=1920x1050+0+0
2026-09-06T18:48:37+02:00 HAL9000 kwin_wayland[49086]: kwin-xmonad-lite: diagnose a89f5ec2-ab8e-4108-8088-7118500a3aab|89539ae6-e06b-4c76-a057-95df959578a9|DP-3 order={d840f8c1-00d7-4a60-af6c-9fd877526403},{b6036c2f-c07d-4684-a4ba-3afb03e245c0} teilnehmer={d840f8c1-00d7-4a60-af6c-9fd877526403},{b6036c2f-c07d-4684-a4ba-3afb03e245c0} float=
2026-09-06T18:48:37+02:00 HAL9000 kwin_wayland[49086]: kwin-xmonad-lite: apply {b6036c2f-c07d-4684-a4ba-3afb03e245c0} soll=672x1050+1248+0
2026-09-06T18:48:37+02:00 HAL9000 kwin_wayland[49086]: kwin-xmonad-lite: nachbessern {b6036c2f-c07d-4684-a4ba-3afb03e245c0} versuch=1 ist=672x525+1248+0 soll=672x1050+1248+0
2026-09-06T18:48:37+02:00 HAL9000 kwin_wayland[49086]: kwin-xmonad-lite: gc #71 fenster=1 surfaces=0
2026-09-06T18:48:37+02:00 HAL9000 kwin_wayland[49086]: kwin-xmonad-lite: arrange #71 grund=closed,windowActivated,windowRemoved surfaces=1 mitglieder=1 teilnehmer=1
2026-09-06T18:48:37+02:00 HAL9000 kwin_wayland[49086]: kwin-xmonad-lite: surface a89f5ec2-ab8e-4108-8088-7118500a3aab|89539ae6-e06b-4c76-a057-95df959578a9|DP-3 layout=tall n=1 ratio=0.65 fläche=1920x1050+0+0
2026-09-06T18:48:37+02:00 HAL9000 kwin_wayland[49086]: kwin-xmonad-lite: diagnose a89f5ec2-ab8e-4108-8088-7118500a3aab|89539ae6-e06b-4c76-a057-95df959578a9|DP-3 order={d840f8c1-00d7-4a60-af6c-9fd877526403} teilnehmer={d840f8c1-00d7-4a60-af6c-9fd877526403} float=
2026-09-06T18:48:37+02:00 HAL9000 kwin_wayland[49086]: kwin-xmonad-lite: apply {d840f8c1-00d7-4a60-af6c-9fd877526403} soll=1920x1050+0+0
2026-09-06T18:48:37+02:00 HAL9000 kwin_wayland[49086]: kwin-xmonad-lite: nachbessern {d840f8c1-00d7-4a60-af6c-9fd877526403} versuch=1 ist=1248x1050+0+0 soll=1920x1050+0+0
2026-09-06T18:48:38+02:00 HAL9000 kwin_wayland[49086]: kwin-xmonad-lite: nachbessern {d840f8c1-00d7-4a60-af6c-9fd877526403} versuch=2 ist=1248x1050+0+0 soll=1920x1050+0+0
2026-09-06T18:48:38+02:00 HAL9000 kwin_wayland[49086]: kwin-xmonad-lite: aufgegeben {d840f8c1-00d7-4a60-af6c-9fd877526403} nach 2 Versuchen, ist=1248x1050+0+0
2026-09-06T18:48:38+02:00 HAL9000 kwin_wayland[49086]: kwin-xmonad-lite: gc #72 fenster=1 surfaces=0
2026-09-06T18:48:38+02:00 HAL9000 kwin_wayland[49086]: kwin-xmonad-lite: arrange #72 grund=closed,windowActivated,windowRemoved surfaces=1 mitglieder=0 teilnehmer=0
2026-09-06T18:49:12+02:00 HAL9000 kxl-abnahme[53480]: == Fall 16 Anfang ==
2026-09-06T18:49:12+02:00 HAL9000 kwin_wayland[49086]: kwin-xmonad-lite: arrange #73 grund=windowActivated,windowAdded surfaces=1 mitglieder=1 teilnehmer=1
2026-09-06T18:49:12+02:00 HAL9000 kwin_wayland[49086]: kwin-xmonad-lite: surface a89f5ec2-ab8e-4108-8088-7118500a3aab|89539ae6-e06b-4c76-a057-95df959578a9|DP-3 layout=tall n=1 ratio=0.65 fläche=1920x1050+0+0
2026-09-06T18:49:12+02:00 HAL9000 kwin_wayland[49086]: kwin-xmonad-lite: diagnose a89f5ec2-ab8e-4108-8088-7118500a3aab|89539ae6-e06b-4c76-a057-95df959578a9|DP-3 order={c9c07d64-d0d8-4cfc-8d64-105c89d1cf5b} teilnehmer={c9c07d64-d0d8-4cfc-8d64-105c89d1cf5b} float=
2026-09-06T18:49:12+02:00 HAL9000 kwin_wayland[49086]: kwin-xmonad-lite: apply {c9c07d64-d0d8-4cfc-8d64-105c89d1cf5b} soll=1920x1050+0+0
2026-09-06T18:49:15+02:00 HAL9000 kwin_wayland[49086]: kwin-xmonad-lite: arrange #74 grund=windowActivated,windowAdded surfaces=1 mitglieder=2 teilnehmer=2
2026-09-06T18:49:15+02:00 HAL9000 kwin_wayland[49086]: kwin-xmonad-lite: surface a89f5ec2-ab8e-4108-8088-7118500a3aab|89539ae6-e06b-4c76-a057-95df959578a9|DP-3 layout=tall n=2 ratio=0.65 fläche=1920x1050+0+0
2026-09-06T18:49:15+02:00 HAL9000 kwin_wayland[49086]: kwin-xmonad-lite: diagnose a89f5ec2-ab8e-4108-8088-7118500a3aab|89539ae6-e06b-4c76-a057-95df959578a9|DP-3 order={69d93dee-41f6-4b10-b5f6-ff2288b7597a},{c9c07d64-d0d8-4cfc-8d64-105c89d1cf5b} teilnehmer={69d93dee-41f6-4b10-b5f6-ff2288b7597a},{c9c07d64-d0d8-4cfc-8d64-105c89d1cf5b} float=
2026-09-06T18:49:15+02:00 HAL9000 kwin_wayland[49086]: kwin-xmonad-lite: apply {69d93dee-41f6-4b10-b5f6-ff2288b7597a} soll=1248x1050+0+0
2026-09-06T18:49:15+02:00 HAL9000 kwin_wayland[49086]: kwin-xmonad-lite: apply {c9c07d64-d0d8-4cfc-8d64-105c89d1cf5b} soll=672x1050+1248+0
2026-09-06T18:49:18+02:00 HAL9000 kwin_wayland[49086]: kwin-xmonad-lite: arrange #75 grund=windowActivated,windowAdded surfaces=1 mitglieder=3 teilnehmer=3
2026-09-06T18:49:18+02:00 HAL9000 kwin_wayland[49086]: kwin-xmonad-lite: surface a89f5ec2-ab8e-4108-8088-7118500a3aab|89539ae6-e06b-4c76-a057-95df959578a9|DP-3 layout=tall n=3 ratio=0.65 fläche=1920x1050+0+0
2026-09-06T18:49:18+02:00 HAL9000 kwin_wayland[49086]: kwin-xmonad-lite: diagnose a89f5ec2-ab8e-4108-8088-7118500a3aab|89539ae6-e06b-4c76-a057-95df959578a9|DP-3 order={c07a41e7-5771-4138-84e6-d4b964803bf1},{69d93dee-41f6-4b10-b5f6-ff2288b7597a},{c9c07d64-d0d8-4cfc-8d64-105c89d1cf5b} teilnehmer={c07a41e7-5771-4138-84e6-d4b964803bf1},{69d93dee-41f6-4b10-b5f6-ff2288b7597a},{c9c07d64-d0d8-4cfc-8d64-105c89d1cf5b} float=
2026-09-06T18:49:18+02:00 HAL9000 kwin_wayland[49086]: kwin-xmonad-lite: apply {c07a41e7-5771-4138-84e6-d4b964803bf1} soll=1248x1050+0+0
2026-09-06T18:49:18+02:00 HAL9000 kwin_wayland[49086]: kwin-xmonad-lite: apply {69d93dee-41f6-4b10-b5f6-ff2288b7597a} soll=672x525+1248+0
2026-09-06T18:49:18+02:00 HAL9000 kwin_wayland[49086]: kwin-xmonad-lite: apply {c9c07d64-d0d8-4cfc-8d64-105c89d1cf5b} soll=672x525+1248+525
2026-09-06T18:49:21+02:00 HAL9000 kwin_wayland[49086]: kwin-xmonad-lite: arrange #76 grund=windowActivated,windowAdded surfaces=1 mitglieder=4 teilnehmer=4
2026-09-06T18:49:21+02:00 HAL9000 kwin_wayland[49086]: kwin-xmonad-lite: surface a89f5ec2-ab8e-4108-8088-7118500a3aab|89539ae6-e06b-4c76-a057-95df959578a9|DP-3 layout=tall n=4 ratio=0.65 fläche=1920x1050+0+0
2026-09-06T18:49:21+02:00 HAL9000 kwin_wayland[49086]: kwin-xmonad-lite: diagnose a89f5ec2-ab8e-4108-8088-7118500a3aab|89539ae6-e06b-4c76-a057-95df959578a9|DP-3 order={6d41a5c4-a445-473a-8601-ce54c73f7646},{c07a41e7-5771-4138-84e6-d4b964803bf1},{69d93dee-41f6-4b10-b5f6-ff2288b7597a},{c9c07d64-d0d8-4cfc-8d64-105c89d1cf5b} teilnehmer={6d41a5c4-a445-473a-8601-ce54c73f7646},{c07a41e7-5771-4138-84e6-d4b964803bf1},{69d93dee-41f6-4b10-b5f6-ff2288b7597a},{c9c07d64-d0d8-4cfc-8d64-105c89d1cf5b} float=
2026-09-06T18:49:21+02:00 HAL9000 kwin_wayland[49086]: kwin-xmonad-lite: apply {6d41a5c4-a445-473a-8601-ce54c73f7646} soll=1248x1050+0+0
2026-09-06T18:49:21+02:00 HAL9000 kwin_wayland[49086]: kwin-xmonad-lite: apply {c07a41e7-5771-4138-84e6-d4b964803bf1} soll=672x350+1248+0
2026-09-06T18:49:21+02:00 HAL9000 kwin_wayland[49086]: kwin-xmonad-lite: apply {69d93dee-41f6-4b10-b5f6-ff2288b7597a} soll=672x350+1248+350
2026-09-06T18:49:21+02:00 HAL9000 kwin_wayland[49086]: kwin-xmonad-lite: apply {c9c07d64-d0d8-4cfc-8d64-105c89d1cf5b} soll=672x350+1248+700
2026-09-06T18:49:50+02:00 HAL9000 kwin_wayland[49086]: kwin-xmonad-lite: befehl nextLayout surface=a89f5ec2-ab8e-4108-8088-7118500a3aab|89539ae6-e06b-4c76-a057-95df959578a9|DP-3 via=aktiv layout=full
2026-09-06T18:49:50+02:00 HAL9000 kwin_wayland[49086]: kwin-xmonad-lite: arrange #77 grund=shortcut:nextLayout surfaces=1 mitglieder=4 teilnehmer=4
2026-09-06T18:49:50+02:00 HAL9000 kwin_wayland[49086]: kwin-xmonad-lite: surface a89f5ec2-ab8e-4108-8088-7118500a3aab|89539ae6-e06b-4c76-a057-95df959578a9|DP-3 layout=full n=4 ratio=0.65 fläche=1920x1050+0+0
2026-09-06T18:49:50+02:00 HAL9000 kwin_wayland[49086]: kwin-xmonad-lite: diagnose a89f5ec2-ab8e-4108-8088-7118500a3aab|89539ae6-e06b-4c76-a057-95df959578a9|DP-3 order={6d41a5c4-a445-473a-8601-ce54c73f7646},{c07a41e7-5771-4138-84e6-d4b964803bf1},{69d93dee-41f6-4b10-b5f6-ff2288b7597a},{c9c07d64-d0d8-4cfc-8d64-105c89d1cf5b} teilnehmer={6d41a5c4-a445-473a-8601-ce54c73f7646},{c07a41e7-5771-4138-84e6-d4b964803bf1},{69d93dee-41f6-4b10-b5f6-ff2288b7597a},{c9c07d64-d0d8-4cfc-8d64-105c89d1cf5b} float=
2026-09-06T18:49:50+02:00 HAL9000 kwin_wayland[49086]: kwin-xmonad-lite: apply {6d41a5c4-a445-473a-8601-ce54c73f7646} soll=1920x1050+0+0
2026-09-06T18:49:50+02:00 HAL9000 kwin_wayland[49086]: kwin-xmonad-lite: apply {c07a41e7-5771-4138-84e6-d4b964803bf1} soll=1920x1050+0+0
2026-09-06T18:49:50+02:00 HAL9000 kwin_wayland[49086]: kwin-xmonad-lite: apply {69d93dee-41f6-4b10-b5f6-ff2288b7597a} soll=1920x1050+0+0
2026-09-06T18:49:50+02:00 HAL9000 kwin_wayland[49086]: kwin-xmonad-lite: apply {c9c07d64-d0d8-4cfc-8d64-105c89d1cf5b} soll=1920x1050+0+0
2026-09-06T18:49:52+02:00 HAL9000 kwin_wayland[49086]: kwin-xmonad-lite: befehl shrink surface=a89f5ec2-ab8e-4108-8088-7118500a3aab|89539ae6-e06b-4c76-a057-95df959578a9|DP-3 via=aktiv ratio=0.6
2026-09-06T18:49:52+02:00 HAL9000 kwin_wayland[49086]: kwin-xmonad-lite: arrange #78 grund=shortcut:shrink surfaces=1 mitglieder=4 teilnehmer=4
2026-09-06T18:49:52+02:00 HAL9000 kwin_wayland[49086]: kwin-xmonad-lite: surface a89f5ec2-ab8e-4108-8088-7118500a3aab|89539ae6-e06b-4c76-a057-95df959578a9|DP-3 layout=full n=4 ratio=0.6 fläche=1920x1050+0+0
2026-09-06T18:49:52+02:00 HAL9000 kwin_wayland[49086]: kwin-xmonad-lite: diagnose a89f5ec2-ab8e-4108-8088-7118500a3aab|89539ae6-e06b-4c76-a057-95df959578a9|DP-3 order={6d41a5c4-a445-473a-8601-ce54c73f7646},{c07a41e7-5771-4138-84e6-d4b964803bf1},{69d93dee-41f6-4b10-b5f6-ff2288b7597a},{c9c07d64-d0d8-4cfc-8d64-105c89d1cf5b} teilnehmer={6d41a5c4-a445-473a-8601-ce54c73f7646},{c07a41e7-5771-4138-84e6-d4b964803bf1},{69d93dee-41f6-4b10-b5f6-ff2288b7597a},{c9c07d64-d0d8-4cfc-8d64-105c89d1cf5b} float=
2026-09-06T18:49:53+02:00 HAL9000 kwin_wayland[49086]: kwin-xmonad-lite: befehl shrink surface=a89f5ec2-ab8e-4108-8088-7118500a3aab|89539ae6-e06b-4c76-a057-95df959578a9|DP-3 via=aktiv ratio=0.55
2026-09-06T18:49:53+02:00 HAL9000 kwin_wayland[49086]: kwin-xmonad-lite: arrange #79 grund=shortcut:shrink surfaces=1 mitglieder=4 teilnehmer=4
2026-09-06T18:49:53+02:00 HAL9000 kwin_wayland[49086]: kwin-xmonad-lite: surface a89f5ec2-ab8e-4108-8088-7118500a3aab|89539ae6-e06b-4c76-a057-95df959578a9|DP-3 layout=full n=4 ratio=0.55 fläche=1920x1050+0+0
2026-09-06T18:49:53+02:00 HAL9000 kwin_wayland[49086]: kwin-xmonad-lite: diagnose a89f5ec2-ab8e-4108-8088-7118500a3aab|89539ae6-e06b-4c76-a057-95df959578a9|DP-3 order={6d41a5c4-a445-473a-8601-ce54c73f7646},{c07a41e7-5771-4138-84e6-d4b964803bf1},{69d93dee-41f6-4b10-b5f6-ff2288b7597a},{c9c07d64-d0d8-4cfc-8d64-105c89d1cf5b} teilnehmer={6d41a5c4-a445-473a-8601-ce54c73f7646},{c07a41e7-5771-4138-84e6-d4b964803bf1},{69d93dee-41f6-4b10-b5f6-ff2288b7597a},{c9c07d64-d0d8-4cfc-8d64-105c89d1cf5b} float=
2026-09-06T18:49:55+02:00 HAL9000 kwin_wayland[49086]: kwin-xmonad-lite: befehl toggleFloat surface=a89f5ec2-ab8e-4108-8088-7118500a3aab|89539ae6-e06b-4c76-a057-95df959578a9|DP-3 via=aktiv fenster={6d41a5c4-a445-473a-8601-ce54c73f7646} → gefloatet
2026-09-06T18:49:55+02:00 HAL9000 kwin_wayland[49086]: kwin-xmonad-lite: arrange #80 grund=shortcut:toggleFloat surfaces=1 mitglieder=4 teilnehmer=3
2026-09-06T18:49:55+02:00 HAL9000 kwin_wayland[49086]: kwin-xmonad-lite: surface a89f5ec2-ab8e-4108-8088-7118500a3aab|89539ae6-e06b-4c76-a057-95df959578a9|DP-3 layout=full n=3 ratio=0.55 fläche=1920x1050+0+0
2026-09-06T18:49:55+02:00 HAL9000 kwin_wayland[49086]: kwin-xmonad-lite: diagnose a89f5ec2-ab8e-4108-8088-7118500a3aab|89539ae6-e06b-4c76-a057-95df959578a9|DP-3 order={6d41a5c4-a445-473a-8601-ce54c73f7646},{c07a41e7-5771-4138-84e6-d4b964803bf1},{69d93dee-41f6-4b10-b5f6-ff2288b7597a},{c9c07d64-d0d8-4cfc-8d64-105c89d1cf5b} teilnehmer={c07a41e7-5771-4138-84e6-d4b964803bf1},{69d93dee-41f6-4b10-b5f6-ff2288b7597a},{c9c07d64-d0d8-4cfc-8d64-105c89d1cf5b} float={6d41a5c4-a445-473a-8601-ce54c73f7646}
2026-09-06T18:50:12+02:00 HAL9000 kwin_wayland[49086]: kwin-xmonad-lite: befehl focusPrev surface=a89f5ec2-ab8e-4108-8088-7118500a3aab|89539ae6-e06b-4c76-a057-95df959578a9|DP-3 via=aktiv fokus={c9c07d64-d0d8-4cfc-8d64-105c89d1cf5b}
2026-09-06T18:50:12+02:00 HAL9000 kwin_wayland[49086]: kwin-xmonad-lite: aktiviere {c9c07d64-d0d8-4cfc-8d64-105c89d1cf5b}
2026-09-06T18:50:12+02:00 HAL9000 kwin_wayland[49086]: kwin-xmonad-lite: arrange #81 grund=windowActivated,shortcut:focusPrev surfaces=1 mitglieder=4 teilnehmer=3
2026-09-06T18:50:12+02:00 HAL9000 kwin_wayland[49086]: kwin-xmonad-lite: surface a89f5ec2-ab8e-4108-8088-7118500a3aab|89539ae6-e06b-4c76-a057-95df959578a9|DP-3 layout=full n=3 ratio=0.55 fläche=1920x1050+0+0
2026-09-06T18:50:12+02:00 HAL9000 kwin_wayland[49086]: kwin-xmonad-lite: diagnose a89f5ec2-ab8e-4108-8088-7118500a3aab|89539ae6-e06b-4c76-a057-95df959578a9|DP-3 order={6d41a5c4-a445-473a-8601-ce54c73f7646},{c07a41e7-5771-4138-84e6-d4b964803bf1},{69d93dee-41f6-4b10-b5f6-ff2288b7597a},{c9c07d64-d0d8-4cfc-8d64-105c89d1cf5b} teilnehmer={c07a41e7-5771-4138-84e6-d4b964803bf1},{69d93dee-41f6-4b10-b5f6-ff2288b7597a},{c9c07d64-d0d8-4cfc-8d64-105c89d1cf5b} float={6d41a5c4-a445-473a-8601-ce54c73f7646}
2026-09-06T18:50:14+02:00 HAL9000 kwin_wayland[49086]: kwin-xmonad-lite: befehl promote surface=a89f5ec2-ab8e-4108-8088-7118500a3aab|89539ae6-e06b-4c76-a057-95df959578a9|DP-3 via=aktiv master={c9c07d64-d0d8-4cfc-8d64-105c89d1cf5b}
2026-09-06T18:50:14+02:00 HAL9000 kwin_wayland[49086]: kwin-xmonad-lite: arrange #82 grund=shortcut:promote surfaces=1 mitglieder=4 teilnehmer=3
2026-09-06T18:50:14+02:00 HAL9000 kwin_wayland[49086]: kwin-xmonad-lite: surface a89f5ec2-ab8e-4108-8088-7118500a3aab|89539ae6-e06b-4c76-a057-95df959578a9|DP-3 layout=full n=3 ratio=0.55 fläche=1920x1050+0+0
2026-09-06T18:50:14+02:00 HAL9000 kwin_wayland[49086]: kwin-xmonad-lite: diagnose a89f5ec2-ab8e-4108-8088-7118500a3aab|89539ae6-e06b-4c76-a057-95df959578a9|DP-3 order={c9c07d64-d0d8-4cfc-8d64-105c89d1cf5b},{6d41a5c4-a445-473a-8601-ce54c73f7646},{c07a41e7-5771-4138-84e6-d4b964803bf1},{69d93dee-41f6-4b10-b5f6-ff2288b7597a} teilnehmer={c9c07d64-d0d8-4cfc-8d64-105c89d1cf5b},{c07a41e7-5771-4138-84e6-d4b964803bf1},{69d93dee-41f6-4b10-b5f6-ff2288b7597a} float={6d41a5c4-a445-473a-8601-ce54c73f7646}
2026-09-06T18:50:43+02:00 HAL9000 kxl-abnahme[53579]: == Fall 16 Reload jetzt ==
2026-09-06T18:50:43+02:00 HAL9000 kwin_wayland[49086]: kwin-xmonad-lite: geladen, Version 0.0.0
2026-09-06T18:50:43+02:00 HAL9000 kwin_wayland[49086]: kwin-xmonad-lite: bereit nach 1 Versuch(en), activities=1 outputs=1
2026-09-06T18:50:43+02:00 HAL9000 kwin_wayland[49086]: kwin-xmonad-lite: config gaps=0/0 ratio=0.65 layout=0 excludes=7 debug=true
2026-09-06T18:50:43+02:00 HAL9000 kwin_wayland[49086]: kwin-xmonad-lite: config excludes=kded6,krunner,plasmashell,polkit-kde-authentication-agent-1,steam_app_default,xwaylandvideobridge,yakuake
2026-09-06T18:50:43+02:00 HAL9000 kwin_wayland[49086]: kwin-xmonad-lite: shortcuts n=12
2026-09-06T18:50:43+02:00 HAL9000 kwin_wayland[49086]: kwin-xmonad-lite: bereit perOutputDesktops=false
2026-09-06T18:50:43+02:00 HAL9000 kwin_wayland[49086]: kwin-xmonad-lite: arrange #1 grund=start surfaces=1 mitglieder=4 teilnehmer=4
2026-09-06T18:50:43+02:00 HAL9000 kwin_wayland[49086]: kwin-xmonad-lite: surface a89f5ec2-ab8e-4108-8088-7118500a3aab|89539ae6-e06b-4c76-a057-95df959578a9|DP-3 layout=tall n=4 ratio=0.65 fläche=1920x1050+0+0
2026-09-06T18:50:43+02:00 HAL9000 kwin_wayland[49086]: kwin-xmonad-lite: diagnose a89f5ec2-ab8e-4108-8088-7118500a3aab|89539ae6-e06b-4c76-a057-95df959578a9|DP-3 order={6d41a5c4-a445-473a-8601-ce54c73f7646},{c07a41e7-5771-4138-84e6-d4b964803bf1},{69d93dee-41f6-4b10-b5f6-ff2288b7597a},{c9c07d64-d0d8-4cfc-8d64-105c89d1cf5b} teilnehmer={6d41a5c4-a445-473a-8601-ce54c73f7646},{c07a41e7-5771-4138-84e6-d4b964803bf1},{69d93dee-41f6-4b10-b5f6-ff2288b7597a},{c9c07d64-d0d8-4cfc-8d64-105c89d1cf5b} float=
2026-09-06T18:50:43+02:00 HAL9000 kwin_wayland[49086]: kwin-xmonad-lite: apply {6d41a5c4-a445-473a-8601-ce54c73f7646} soll=1248x1050+0+0
2026-09-06T18:50:43+02:00 HAL9000 kwin_wayland[49086]: kwin-xmonad-lite: apply {c07a41e7-5771-4138-84e6-d4b964803bf1} soll=672x350+1248+0
2026-09-06T18:50:43+02:00 HAL9000 kwin_wayland[49086]: kwin-xmonad-lite: apply {69d93dee-41f6-4b10-b5f6-ff2288b7597a} soll=672x350+1248+350
2026-09-06T18:50:43+02:00 HAL9000 kwin_wayland[49086]: kwin-xmonad-lite: apply {c9c07d64-d0d8-4cfc-8d64-105c89d1cf5b} soll=672x350+1248+700
2026-09-06T18:51:22+02:00 HAL9000 kxl-abnahme[53627]: == Fall 16 Ende ==
2026-09-06T18:51:23+02:00 HAL9000 kxl-abnahme[53630]: == Fall 16b Anfang: 5 Minuten Ruhe ==
2026-09-06T18:57:33+02:00 HAL9000 kxl-abnahme[53752]: == Fall 16b Ende ==
2026-09-06T18:57:33+02:00 HAL9000 kxl-abnahme[53753]: == Fall 16c Anfang ==
2026-09-06T18:57:44+02:00 HAL9000 kwin_wayland[49086]: kwin-xmonad-lite: geladen, Version 0.0.0
2026-09-06T18:57:44+02:00 HAL9000 kwin_wayland[49086]: kwin-xmonad-lite: bereit nach 1 Versuch(en), activities=1 outputs=1
2026-09-06T18:57:44+02:00 HAL9000 kwin_wayland[49086]: kwin-xmonad-lite: config gaps=0/0 ratio=0.65 layout=0 excludes=7 debug=true
2026-09-06T18:57:44+02:00 HAL9000 kwin_wayland[49086]: kwin-xmonad-lite: config excludes=kded6,krunner,plasmashell,polkit-kde-authentication-agent-1,steam_app_default,xwaylandvideobridge,yakuake
2026-09-06T18:57:44+02:00 HAL9000 kwin_wayland[49086]: kwin-xmonad-lite: shortcuts n=12
2026-09-06T18:57:44+02:00 HAL9000 kwin_wayland[49086]: kwin-xmonad-lite: bereit perOutputDesktops=false
2026-09-06T18:57:44+02:00 HAL9000 kwin_wayland[49086]: kwin-xmonad-lite: arrange #1 grund=start surfaces=1 mitglieder=4 teilnehmer=4
2026-09-06T18:57:44+02:00 HAL9000 kwin_wayland[49086]: kwin-xmonad-lite: surface a89f5ec2-ab8e-4108-8088-7118500a3aab|89539ae6-e06b-4c76-a057-95df959578a9|DP-3 layout=tall n=4 ratio=0.65 fläche=1920x1050+0+0
2026-09-06T18:57:44+02:00 HAL9000 kwin_wayland[49086]: kwin-xmonad-lite: diagnose a89f5ec2-ab8e-4108-8088-7118500a3aab|89539ae6-e06b-4c76-a057-95df959578a9|DP-3 order={6d41a5c4-a445-473a-8601-ce54c73f7646},{c07a41e7-5771-4138-84e6-d4b964803bf1},{69d93dee-41f6-4b10-b5f6-ff2288b7597a},{c9c07d64-d0d8-4cfc-8d64-105c89d1cf5b} teilnehmer={6d41a5c4-a445-473a-8601-ce54c73f7646},{c07a41e7-5771-4138-84e6-d4b964803bf1},{69d93dee-41f6-4b10-b5f6-ff2288b7597a},{c9c07d64-d0d8-4cfc-8d64-105c89d1cf5b} float=
2026-09-06T18:58:04+02:00 HAL9000 kxl-abnahme[53788]: == Fall 16c Ende ==
2026-09-06T18:58:04+02:00 HAL9000 kxl-abnahme[53789]: == Fall 17a Anfang ==
2026-09-06T18:58:04+02:00 HAL9000 kwin_wayland[49086]: kwin-xmonad-lite: befehl nextLayout surface=a89f5ec2-ab8e-4108-8088-7118500a3aab|89539ae6-e06b-4c76-a057-95df959578a9|DP-3 via=aktiv layout=full
2026-09-06T18:58:04+02:00 HAL9000 kwin_wayland[49086]: kwin-xmonad-lite: arrange #2 grund=shortcut:nextLayout surfaces=1 mitglieder=4 teilnehmer=4
2026-09-06T18:58:04+02:00 HAL9000 kwin_wayland[49086]: kwin-xmonad-lite: surface a89f5ec2-ab8e-4108-8088-7118500a3aab|89539ae6-e06b-4c76-a057-95df959578a9|DP-3 layout=full n=4 ratio=0.65 fläche=1920x1050+0+0
2026-09-06T18:58:04+02:00 HAL9000 kwin_wayland[49086]: kwin-xmonad-lite: diagnose a89f5ec2-ab8e-4108-8088-7118500a3aab|89539ae6-e06b-4c76-a057-95df959578a9|DP-3 order={6d41a5c4-a445-473a-8601-ce54c73f7646},{c07a41e7-5771-4138-84e6-d4b964803bf1},{69d93dee-41f6-4b10-b5f6-ff2288b7597a},{c9c07d64-d0d8-4cfc-8d64-105c89d1cf5b} teilnehmer={6d41a5c4-a445-473a-8601-ce54c73f7646},{c07a41e7-5771-4138-84e6-d4b964803bf1},{69d93dee-41f6-4b10-b5f6-ff2288b7597a},{c9c07d64-d0d8-4cfc-8d64-105c89d1cf5b} float=
2026-09-06T18:58:04+02:00 HAL9000 kwin_wayland[49086]: kwin-xmonad-lite: apply {6d41a5c4-a445-473a-8601-ce54c73f7646} soll=1920x1050+0+0
2026-09-06T18:58:04+02:00 HAL9000 kwin_wayland[49086]: kwin-xmonad-lite: apply {c07a41e7-5771-4138-84e6-d4b964803bf1} soll=1920x1050+0+0
2026-09-06T18:58:04+02:00 HAL9000 kwin_wayland[49086]: kwin-xmonad-lite: apply {69d93dee-41f6-4b10-b5f6-ff2288b7597a} soll=1920x1050+0+0
2026-09-06T18:58:04+02:00 HAL9000 kwin_wayland[49086]: kwin-xmonad-lite: apply {c9c07d64-d0d8-4cfc-8d64-105c89d1cf5b} soll=1920x1050+0+0
2026-09-06T18:58:06+02:00 HAL9000 kwin_wayland[49086]: kwin-xmonad-lite: befehl shrink surface=a89f5ec2-ab8e-4108-8088-7118500a3aab|89539ae6-e06b-4c76-a057-95df959578a9|DP-3 via=aktiv ratio=0.6
2026-09-06T18:58:06+02:00 HAL9000 kwin_wayland[49086]: kwin-xmonad-lite: arrange #3 grund=shortcut:shrink surfaces=1 mitglieder=4 teilnehmer=4
2026-09-06T18:58:06+02:00 HAL9000 kwin_wayland[49086]: kwin-xmonad-lite: surface a89f5ec2-ab8e-4108-8088-7118500a3aab|89539ae6-e06b-4c76-a057-95df959578a9|DP-3 layout=full n=4 ratio=0.6 fläche=1920x1050+0+0
2026-09-06T18:58:06+02:00 HAL9000 kwin_wayland[49086]: kwin-xmonad-lite: diagnose a89f5ec2-ab8e-4108-8088-7118500a3aab|89539ae6-e06b-4c76-a057-95df959578a9|DP-3 order={6d41a5c4-a445-473a-8601-ce54c73f7646},{c07a41e7-5771-4138-84e6-d4b964803bf1},{69d93dee-41f6-4b10-b5f6-ff2288b7597a},{c9c07d64-d0d8-4cfc-8d64-105c89d1cf5b} teilnehmer={6d41a5c4-a445-473a-8601-ce54c73f7646},{c07a41e7-5771-4138-84e6-d4b964803bf1},{69d93dee-41f6-4b10-b5f6-ff2288b7597a},{c9c07d64-d0d8-4cfc-8d64-105c89d1cf5b} float=
2026-09-06T18:58:07+02:00 HAL9000 kwin_wayland[49086]: kwin-xmonad-lite: befehl shrink surface=a89f5ec2-ab8e-4108-8088-7118500a3aab|89539ae6-e06b-4c76-a057-95df959578a9|DP-3 via=aktiv ratio=0.55
2026-09-06T18:58:07+02:00 HAL9000 kwin_wayland[49086]: kwin-xmonad-lite: arrange #4 grund=shortcut:shrink surfaces=1 mitglieder=4 teilnehmer=4
2026-09-06T18:58:07+02:00 HAL9000 kwin_wayland[49086]: kwin-xmonad-lite: surface a89f5ec2-ab8e-4108-8088-7118500a3aab|89539ae6-e06b-4c76-a057-95df959578a9|DP-3 layout=full n=4 ratio=0.55 fläche=1920x1050+0+0
2026-09-06T18:58:07+02:00 HAL9000 kwin_wayland[49086]: kwin-xmonad-lite: diagnose a89f5ec2-ab8e-4108-8088-7118500a3aab|89539ae6-e06b-4c76-a057-95df959578a9|DP-3 order={6d41a5c4-a445-473a-8601-ce54c73f7646},{c07a41e7-5771-4138-84e6-d4b964803bf1},{69d93dee-41f6-4b10-b5f6-ff2288b7597a},{c9c07d64-d0d8-4cfc-8d64-105c89d1cf5b} teilnehmer={6d41a5c4-a445-473a-8601-ce54c73f7646},{c07a41e7-5771-4138-84e6-d4b964803bf1},{69d93dee-41f6-4b10-b5f6-ff2288b7597a},{c9c07d64-d0d8-4cfc-8d64-105c89d1cf5b} float=
2026-09-06T18:58:09+02:00 HAL9000 kwin_wayland[49086]: kwin-xmonad-lite: befehl toggleFloat surface=a89f5ec2-ab8e-4108-8088-7118500a3aab|89539ae6-e06b-4c76-a057-95df959578a9|DP-3 via=aktiv fenster={c9c07d64-d0d8-4cfc-8d64-105c89d1cf5b} → gefloatet
2026-09-06T18:58:09+02:00 HAL9000 kwin_wayland[49086]: kwin-xmonad-lite: arrange #5 grund=shortcut:toggleFloat surfaces=1 mitglieder=4 teilnehmer=3
2026-09-06T18:58:09+02:00 HAL9000 kwin_wayland[49086]: kwin-xmonad-lite: surface a89f5ec2-ab8e-4108-8088-7118500a3aab|89539ae6-e06b-4c76-a057-95df959578a9|DP-3 layout=full n=3 ratio=0.55 fläche=1920x1050+0+0
2026-09-06T18:58:09+02:00 HAL9000 kwin_wayland[49086]: kwin-xmonad-lite: diagnose a89f5ec2-ab8e-4108-8088-7118500a3aab|89539ae6-e06b-4c76-a057-95df959578a9|DP-3 order={6d41a5c4-a445-473a-8601-ce54c73f7646},{c07a41e7-5771-4138-84e6-d4b964803bf1},{69d93dee-41f6-4b10-b5f6-ff2288b7597a},{c9c07d64-d0d8-4cfc-8d64-105c89d1cf5b} teilnehmer={6d41a5c4-a445-473a-8601-ce54c73f7646},{c07a41e7-5771-4138-84e6-d4b964803bf1},{69d93dee-41f6-4b10-b5f6-ff2288b7597a} float={c9c07d64-d0d8-4cfc-8d64-105c89d1cf5b}
2026-09-06T18:58:10+02:00 HAL9000 kwin_wayland[49086]: kwin-xmonad-lite: befehl focusPrev surface=a89f5ec2-ab8e-4108-8088-7118500a3aab|89539ae6-e06b-4c76-a057-95df959578a9|DP-3 via=aktiv fokus={69d93dee-41f6-4b10-b5f6-ff2288b7597a}
2026-09-06T18:58:10+02:00 HAL9000 kwin_wayland[49086]: kwin-xmonad-lite: aktiviere {69d93dee-41f6-4b10-b5f6-ff2288b7597a}
2026-09-06T18:58:10+02:00 HAL9000 kwin_wayland[49086]: kwin-xmonad-lite: arrange #6 grund=windowActivated,shortcut:focusPrev surfaces=1 mitglieder=4 teilnehmer=3
2026-09-06T18:58:10+02:00 HAL9000 kwin_wayland[49086]: kwin-xmonad-lite: surface a89f5ec2-ab8e-4108-8088-7118500a3aab|89539ae6-e06b-4c76-a057-95df959578a9|DP-3 layout=full n=3 ratio=0.55 fläche=1920x1050+0+0
2026-09-06T18:58:10+02:00 HAL9000 kwin_wayland[49086]: kwin-xmonad-lite: diagnose a89f5ec2-ab8e-4108-8088-7118500a3aab|89539ae6-e06b-4c76-a057-95df959578a9|DP-3 order={6d41a5c4-a445-473a-8601-ce54c73f7646},{c07a41e7-5771-4138-84e6-d4b964803bf1},{69d93dee-41f6-4b10-b5f6-ff2288b7597a},{c9c07d64-d0d8-4cfc-8d64-105c89d1cf5b} teilnehmer={6d41a5c4-a445-473a-8601-ce54c73f7646},{c07a41e7-5771-4138-84e6-d4b964803bf1},{69d93dee-41f6-4b10-b5f6-ff2288b7597a} float={c9c07d64-d0d8-4cfc-8d64-105c89d1cf5b}
2026-09-06T18:58:12+02:00 HAL9000 kwin_wayland[49086]: kwin-xmonad-lite: befehl promote surface=a89f5ec2-ab8e-4108-8088-7118500a3aab|89539ae6-e06b-4c76-a057-95df959578a9|DP-3 via=aktiv master={69d93dee-41f6-4b10-b5f6-ff2288b7597a}
2026-09-06T18:58:12+02:00 HAL9000 kwin_wayland[49086]: kwin-xmonad-lite: arrange #7 grund=shortcut:promote surfaces=1 mitglieder=4 teilnehmer=3
2026-09-06T18:58:12+02:00 HAL9000 kwin_wayland[49086]: kwin-xmonad-lite: surface a89f5ec2-ab8e-4108-8088-7118500a3aab|89539ae6-e06b-4c76-a057-95df959578a9|DP-3 layout=full n=3 ratio=0.55 fläche=1920x1050+0+0
2026-09-06T18:58:12+02:00 HAL9000 kwin_wayland[49086]: kwin-xmonad-lite: diagnose a89f5ec2-ab8e-4108-8088-7118500a3aab|89539ae6-e06b-4c76-a057-95df959578a9|DP-3 order={69d93dee-41f6-4b10-b5f6-ff2288b7597a},{6d41a5c4-a445-473a-8601-ce54c73f7646},{c07a41e7-5771-4138-84e6-d4b964803bf1},{c9c07d64-d0d8-4cfc-8d64-105c89d1cf5b} teilnehmer={69d93dee-41f6-4b10-b5f6-ff2288b7597a},{6d41a5c4-a445-473a-8601-ce54c73f7646},{c07a41e7-5771-4138-84e6-d4b964803bf1} float={c9c07d64-d0d8-4cfc-8d64-105c89d1cf5b}
2026-09-06T18:58:24+02:00 HAL9000 kwin_wayland[49086]: kwin-xmonad-lite: dockEntfernt {601ada54-23c8-4db2-973b-97cbc0619b0f}
2026-09-06T18:58:24+02:00 HAL9000 kwin_wayland_wrapper[53902]: ATTENTION: default value of option vblank_mode overridden by environment.
2026-09-06T18:58:24+02:00 HAL9000 kwin_wayland_wrapper[53902]: ATTENTION: default value of option vblank_mode overridden by environment.
2026-09-06T18:58:25+02:00 HAL9000 kwin_wayland[53902]: No backend specified, automatically choosing drm
2026-09-06T18:58:25+02:00 HAL9000 kwin_wayland_wrapper[53902]: ATTENTION: default value of option vblank_mode overridden by environment.
2026-09-06T18:58:25+02:00 HAL9000 kwin_wayland[53902]: XKB: [XKB-183] Couldn't find an automatic type for key '<BKSP>' group 1 with 5 levels; Using the default type
2026-09-06T18:58:25+02:00 HAL9000 kwin_wayland[53902]: kwin-xmonad-lite: geladen, Version 0.0.0
2026-09-06T18:58:25+02:00 HAL9000 kwin_wayland[53902]: kwin-xmonad-lite: bereit nach 1 Versuch(en), activities=1 outputs=1
2026-09-06T18:58:25+02:00 HAL9000 kwin_wayland[53902]: kwin-xmonad-lite: config gaps=0/0 ratio=0.65 layout=0 excludes=7 debug=true
2026-09-06T18:58:25+02:00 HAL9000 kwin_wayland[53902]: kwin-xmonad-lite: config excludes=kded6,krunner,plasmashell,polkit-kde-authentication-agent-1,steam_app_default,xwaylandvideobridge,yakuake
2026-09-06T18:58:25+02:00 HAL9000 kwin_wayland[53902]: kwin-xmonad-lite: shortcuts n=12
2026-09-06T18:58:25+02:00 HAL9000 kwin_wayland[53902]: kwin-xmonad-lite: bereit perOutputDesktops=false
2026-09-06T18:58:25+02:00 HAL9000 kwin_wayland[53902]: kwin-xmonad-lite: arrange #1 grund=start surfaces=1 mitglieder=0 teilnehmer=0
2026-09-06T18:58:26+02:00 HAL9000 kwin_wayland[53902]: qmlRegisterType requires absolute URLs.
2026-09-06T18:58:26+02:00 HAL9000 kwin_wayland[53902]: qmlRegisterType requires absolute URLs.
2026-09-06T18:58:26+02:00 HAL9000 kwin_wayland[53902]: qmlRegisterType requires absolute URLs.
2026-09-06T18:58:26+02:00 HAL9000 kwin_wayland[53902]: qmlRegisterType requires absolute URLs.
2026-09-06T18:58:26+02:00 HAL9000 kwin_wayland[53902]: qmlRegisterType requires absolute URLs.
2026-09-06T18:58:26+02:00 HAL9000 kwin_wayland[53902]: qmlRegisterType requires absolute URLs.
2026-09-06T18:58:26+02:00 HAL9000 kwin_wayland[53902]: qmlRegisterType requires absolute URLs.
2026-09-06T18:58:26+02:00 HAL9000 kwin_wayland[53902]: qmlRegisterType requires absolute URLs.
2026-09-06T18:58:26+02:00 HAL9000 kwin_wayland[53902]: qmlRegisterType requires absolute URLs.
2026-09-06T18:58:26+02:00 HAL9000 kwin_wayland[53902]: qmlRegisterType requires absolute URLs.
2026-09-06T18:58:26+02:00 HAL9000 kwin_wayland[53902]: qmlRegisterType requires absolute URLs.
2026-09-06T18:58:26+02:00 HAL9000 kwin_wayland[53902]: qmlRegisterType requires absolute URLs.
2026-09-06T18:58:26+02:00 HAL9000 kwin_wayland[53902]: qmlRegisterType requires absolute URLs.
2026-09-06T18:58:26+02:00 HAL9000 kwin_wayland[53902]: qmlRegisterType requires absolute URLs.
2026-09-06T18:58:26+02:00 HAL9000 kwin_wayland[53902]: qmlRegisterType requires absolute URLs.
2026-09-06T18:58:26+02:00 HAL9000 kwin_wayland[53902]: qmlRegisterType requires absolute URLs.
2026-09-06T18:58:26+02:00 HAL9000 kwin_wayland[53902]: qmlRegisterType requires absolute URLs.
2026-09-06T18:58:26+02:00 HAL9000 kwin_wayland[53902]: qmlRegisterType requires absolute URLs.
2026-09-06T18:58:26+02:00 HAL9000 kwin_wayland[53902]: qmlRegisterType requires absolute URLs.
2026-09-06T18:58:26+02:00 HAL9000 kwin_wayland[53902]: qmlRegisterType requires absolute URLs.
2026-09-06T18:58:26+02:00 HAL9000 kwin_wayland[53902]: qmlRegisterType requires absolute URLs.
2026-09-06T18:58:26+02:00 HAL9000 kwin_wayland[53902]: qmlRegisterType requires absolute URLs.
2026-09-06T18:58:26+02:00 HAL9000 kwin_wayland[53902]: qmlRegisterType requires absolute URLs.
2026-09-06T18:58:26+02:00 HAL9000 kwin_wayland[53902]: qmlRegisterType requires absolute URLs.
2026-09-06T18:58:26+02:00 HAL9000 kwin_wayland[53902]: qmlRegisterType requires absolute URLs.
2026-09-06T18:58:26+02:00 HAL9000 kwin_wayland[53902]: qmlRegisterType requires absolute URLs.
2026-09-06T18:58:26+02:00 HAL9000 kwin_wayland[53902]: qmlRegisterType requires absolute URLs.
2026-09-06T18:58:26+02:00 HAL9000 kwin_wayland[53902]: qmlRegisterType requires absolute URLs.
2026-09-06T18:58:26+02:00 HAL9000 kwin_wayland[53902]: qmlRegisterType requires absolute URLs.
2026-09-06T18:58:26+02:00 HAL9000 kwin_wayland[53902]: qmlRegisterType requires absolute URLs.
2026-09-06T18:58:26+02:00 HAL9000 kwin_wayland[53902]: qmlRegisterType requires absolute URLs.
2026-09-06T18:58:26+02:00 HAL9000 kwin_wayland[53902]: qmlRegisterType requires absolute URLs.
2026-09-06T18:58:26+02:00 HAL9000 kwin_wayland[53902]: qmlRegisterType requires absolute URLs.
2026-09-06T18:58:26+02:00 HAL9000 kwin_wayland[53902]: qmlRegisterType requires absolute URLs.
2026-09-06T18:58:26+02:00 HAL9000 kwin_wayland[53902]: qmlRegisterType requires absolute URLs.
2026-09-06T18:58:26+02:00 HAL9000 kwin_wayland[53902]: qmlRegisterType requires absolute URLs.
2026-09-06T18:58:26+02:00 HAL9000 kwin_wayland[53902]: qmlRegisterType requires absolute URLs.
2026-09-06T18:58:26+02:00 HAL9000 kwin_wayland[53902]: qmlRegisterType requires absolute URLs.
2026-09-06T18:58:26+02:00 HAL9000 kwin_wayland[53902]: qmlRegisterType requires absolute URLs.
2026-09-06T18:58:26+02:00 HAL9000 kwin_wayland[53902]: qmlRegisterType requires absolute URLs.
2026-09-06T18:58:26+02:00 HAL9000 kwin_wayland_wrapper[53944]: ATTENTION: default value of option vblank_mode overridden by environment.
2026-09-06T18:58:26+02:00 HAL9000 kwin_wayland[53902]: kwin-xmonad-lite: arrange #2 grund=screensChanged surfaces=1 mitglieder=0 teilnehmer=0
2026-09-06T18:58:26+02:00 HAL9000 kwin_wayland_wrapper[53958]: The XKEYBOARD keymap compiler (xkbcomp) reports:
2026-09-06T18:58:26+02:00 HAL9000 kwin_wayland_wrapper[53958]: > Warning:          Multiple symbols for level 1/group 1 on key <FK23>
2026-09-06T18:58:26+02:00 HAL9000 kwin_wayland_wrapper[53958]: >                   Using F23, ignoring XF86TouchpadOff
2026-09-06T18:58:26+02:00 HAL9000 kwin_wayland_wrapper[53958]: > Warning:          Symbol map for key <FK23> redefined
2026-09-06T18:58:26+02:00 HAL9000 kwin_wayland_wrapper[53958]: >                   Using last definition for conflicting fields
2026-09-06T18:58:26+02:00 HAL9000 kwin_wayland_wrapper[53958]: > Warning:          Symbol map for key <FK24> redefined
2026-09-06T18:58:26+02:00 HAL9000 kwin_wayland_wrapper[53958]: >                   Using last definition for conflicting fields
2026-09-06T18:58:26+02:00 HAL9000 kwin_wayland_wrapper[53958]: > Warning:          Could not resolve keysym XF86ElectronicPrivacyScreenOn
2026-09-06T18:58:26+02:00 HAL9000 kwin_wayland_wrapper[53958]: > Warning:          Could not resolve keysym XF86ElectronicPrivacyScreenOff
2026-09-06T18:58:26+02:00 HAL9000 kwin_wayland_wrapper[53958]: > Warning:          Could not resolve keysym XF86ActionOnSelection
2026-09-06T18:58:26+02:00 HAL9000 kwin_wayland_wrapper[53958]: > Warning:          Could not resolve keysym XF86ContextualInsert
2026-09-06T18:58:26+02:00 HAL9000 kwin_wayland_wrapper[53958]: > Warning:          Could not resolve keysym XF86ContextualQuery
2026-09-06T18:58:26+02:00 HAL9000 kwin_wayland_wrapper[53958]: Errors from xkbcomp are not fatal to the X server
2026-09-06T18:58:26+02:00 HAL9000 kwin_wayland_wrapper[53962]: The XKEYBOARD keymap compiler (xkbcomp) reports:
2026-09-06T18:58:26+02:00 HAL9000 kwin_wayland_wrapper[53962]: > Warning:          Unsupported maximum keycode 709, clipping.
2026-09-06T18:58:26+02:00 HAL9000 kwin_wayland_wrapper[53962]: >                   X11 cannot support keycodes above 255.
2026-09-06T18:58:26+02:00 HAL9000 kwin_wayland_wrapper[53962]: > Warning:          Virtual modifier LevelFive multiply defined
2026-09-06T18:58:26+02:00 HAL9000 kwin_wayland_wrapper[53962]: >                   Using 0, ignoring 0
2026-09-06T18:58:26+02:00 HAL9000 kwin_wayland_wrapper[53962]: > Warning:          Virtual modifier ScrollLock multiply defined
2026-09-06T18:58:26+02:00 HAL9000 kwin_wayland_wrapper[53962]: >                   Using 0, ignoring 0
2026-09-06T18:58:26+02:00 HAL9000 kwin_wayland_wrapper[53962]: Errors from xkbcomp are not fatal to the X server
2026-09-06T18:58:26+02:00 HAL9000 kwin_wayland[53902]: kwin-xmonad-lite: arrange #3 grund=nachlauf500:screensChanged surfaces=1 mitglieder=0 teilnehmer=0
2026-09-06T18:58:27+02:00 HAL9000 kwin_wayland[53902]: kwin-xmonad-lite: arrange #4 grund=windowActivated,windowAdded surfaces=1 mitglieder=0 teilnehmer=0
2026-09-06T18:58:27+02:00 HAL9000 kwin_wayland[53902]: kwin-xmonad-lite: arrange #5 grund=nachlauf1500:screensChanged surfaces=1 mitglieder=0 teilnehmer=0
2026-09-06T18:58:29+02:00 HAL9000 kwin_wayland[53902]: kwin-xmonad-lite: dockHinzugefügt {5820292e-7a2e-43c1-8064-16170c8da207}
2026-09-06T18:58:29+02:00 HAL9000 kwin_wayland[53902]: kwin-xmonad-lite: arrange #6 grund=windowAdded surfaces=1 mitglieder=0 teilnehmer=0
2026-09-06T18:58:30+02:00 HAL9000 kwin_wayland[53902]: kwin-xmonad-lite: arrange #7 grund=nachlauf500:dockHinzugefügt surfaces=1 mitglieder=0 teilnehmer=0
2026-09-06T18:58:31+02:00 HAL9000 kwin_wayland[53902]: kwin-xmonad-lite: arrange #8 grund=nachlauf1500:dockHinzugefügt surfaces=1 mitglieder=0 teilnehmer=0
2026-09-06T18:58:32+02:00 HAL9000 kwin_wayland[53902]: kwin-xmonad-lite: arrange #9 grund=windowAdded surfaces=1 mitglieder=0 teilnehmer=0
2026-09-06T18:58:39+02:00 HAL9000 kwin_wayland[53902]: kwin-xmonad-lite: arrange #10 grund=closed,windowRemoved surfaces=1 mitglieder=0 teilnehmer=0
2026-09-06T18:59:36+02:00 HAL9000 kxl-abnahme[54118]: == Fall 17a Ende ==
2026-09-06T18:59:36+02:00 HAL9000 kxl-abnahme[54119]: == Fall 17b Anfang ==
2026-09-06T18:59:36+02:00 HAL9000 kwin_wayland[53902]: kwin-xmonad-lite: arrange #11 grund=windowActivated,windowAdded surfaces=1 mitglieder=1 teilnehmer=1
2026-09-06T18:59:36+02:00 HAL9000 kwin_wayland[53902]: kwin-xmonad-lite: surface a89f5ec2-ab8e-4108-8088-7118500a3aab|89539ae6-e06b-4c76-a057-95df959578a9|DP-3 layout=tall n=1 ratio=0.65 fläche=1920x1050+0+0
2026-09-06T18:59:36+02:00 HAL9000 kwin_wayland[53902]: kwin-xmonad-lite: diagnose a89f5ec2-ab8e-4108-8088-7118500a3aab|89539ae6-e06b-4c76-a057-95df959578a9|DP-3 order={f0d3b608-d93e-4690-8b12-3dddf0f4bf56} teilnehmer={f0d3b608-d93e-4690-8b12-3dddf0f4bf56} float=
2026-09-06T18:59:36+02:00 HAL9000 kwin_wayland[53902]: kwin-xmonad-lite: apply {f0d3b608-d93e-4690-8b12-3dddf0f4bf56} soll=1920x1050+0+0
2026-09-06T18:59:39+02:00 HAL9000 kwin_wayland[53902]: kwin-xmonad-lite: arrange #12 grund=windowActivated,windowAdded surfaces=1 mitglieder=2 teilnehmer=2
2026-09-06T18:59:39+02:00 HAL9000 kwin_wayland[53902]: kwin-xmonad-lite: surface a89f5ec2-ab8e-4108-8088-7118500a3aab|89539ae6-e06b-4c76-a057-95df959578a9|DP-3 layout=tall n=2 ratio=0.65 fläche=1920x1050+0+0
2026-09-06T18:59:39+02:00 HAL9000 kwin_wayland[53902]: kwin-xmonad-lite: diagnose a89f5ec2-ab8e-4108-8088-7118500a3aab|89539ae6-e06b-4c76-a057-95df959578a9|DP-3 order={4e9374a6-e65b-431d-a958-97f3c6e50792},{f0d3b608-d93e-4690-8b12-3dddf0f4bf56} teilnehmer={4e9374a6-e65b-431d-a958-97f3c6e50792},{f0d3b608-d93e-4690-8b12-3dddf0f4bf56} float=
2026-09-06T18:59:39+02:00 HAL9000 kwin_wayland[53902]: kwin-xmonad-lite: apply {4e9374a6-e65b-431d-a958-97f3c6e50792} soll=1248x1050+0+0
2026-09-06T18:59:39+02:00 HAL9000 kwin_wayland[53902]: kwin-xmonad-lite: apply {f0d3b608-d93e-4690-8b12-3dddf0f4bf56} soll=672x1050+1248+0
2026-09-06T18:59:42+02:00 HAL9000 kwin_wayland[53902]: kwin-xmonad-lite: arrange #13 grund=windowActivated,windowAdded surfaces=1 mitglieder=3 teilnehmer=3
2026-09-06T18:59:42+02:00 HAL9000 kwin_wayland[53902]: kwin-xmonad-lite: surface a89f5ec2-ab8e-4108-8088-7118500a3aab|89539ae6-e06b-4c76-a057-95df959578a9|DP-3 layout=tall n=3 ratio=0.65 fläche=1920x1050+0+0
2026-09-06T18:59:42+02:00 HAL9000 kwin_wayland[53902]: kwin-xmonad-lite: diagnose a89f5ec2-ab8e-4108-8088-7118500a3aab|89539ae6-e06b-4c76-a057-95df959578a9|DP-3 order={d0661a6d-2ecb-448b-8141-bac003657cb7},{4e9374a6-e65b-431d-a958-97f3c6e50792},{f0d3b608-d93e-4690-8b12-3dddf0f4bf56} teilnehmer={d0661a6d-2ecb-448b-8141-bac003657cb7},{4e9374a6-e65b-431d-a958-97f3c6e50792},{f0d3b608-d93e-4690-8b12-3dddf0f4bf56} float=
2026-09-06T18:59:42+02:00 HAL9000 kwin_wayland[53902]: kwin-xmonad-lite: apply {d0661a6d-2ecb-448b-8141-bac003657cb7} soll=1248x1050+0+0
2026-09-06T18:59:42+02:00 HAL9000 kwin_wayland[53902]: kwin-xmonad-lite: apply {4e9374a6-e65b-431d-a958-97f3c6e50792} soll=672x525+1248+0
2026-09-06T18:59:42+02:00 HAL9000 kwin_wayland[53902]: kwin-xmonad-lite: apply {f0d3b608-d93e-4690-8b12-3dddf0f4bf56} soll=672x525+1248+525
2026-09-06T18:59:45+02:00 HAL9000 kwin_wayland[53902]: kwin-xmonad-lite: arrange #14 grund=windowActivated,windowAdded surfaces=1 mitglieder=4 teilnehmer=4
2026-09-06T18:59:45+02:00 HAL9000 kwin_wayland[53902]: kwin-xmonad-lite: surface a89f5ec2-ab8e-4108-8088-7118500a3aab|89539ae6-e06b-4c76-a057-95df959578a9|DP-3 layout=tall n=4 ratio=0.65 fläche=1920x1050+0+0
2026-09-06T18:59:45+02:00 HAL9000 kwin_wayland[53902]: kwin-xmonad-lite: diagnose a89f5ec2-ab8e-4108-8088-7118500a3aab|89539ae6-e06b-4c76-a057-95df959578a9|DP-3 order={0a1b3db6-088e-4b90-913a-c0802b2c8fdb},{d0661a6d-2ecb-448b-8141-bac003657cb7},{4e9374a6-e65b-431d-a958-97f3c6e50792},{f0d3b608-d93e-4690-8b12-3dddf0f4bf56} teilnehmer={0a1b3db6-088e-4b90-913a-c0802b2c8fdb},{d0661a6d-2ecb-448b-8141-bac003657cb7},{4e9374a6-e65b-431d-a958-97f3c6e50792},{f0d3b608-d93e-4690-8b12-3dddf0f4bf56} float=
2026-09-06T18:59:45+02:00 HAL9000 kwin_wayland[53902]: kwin-xmonad-lite: apply {0a1b3db6-088e-4b90-913a-c0802b2c8fdb} soll=1248x1050+0+0
2026-09-06T18:59:45+02:00 HAL9000 kwin_wayland[53902]: kwin-xmonad-lite: apply {d0661a6d-2ecb-448b-8141-bac003657cb7} soll=672x350+1248+0
2026-09-06T18:59:45+02:00 HAL9000 kwin_wayland[53902]: kwin-xmonad-lite: apply {4e9374a6-e65b-431d-a958-97f3c6e50792} soll=672x350+1248+350
2026-09-06T18:59:45+02:00 HAL9000 kwin_wayland[53902]: kwin-xmonad-lite: apply {f0d3b608-d93e-4690-8b12-3dddf0f4bf56} soll=672x350+1248+700
2026-09-06T18:59:51+02:00 HAL9000 kwin_wayland[53902]: kwin-xmonad-lite: befehl nextLayout surface=a89f5ec2-ab8e-4108-8088-7118500a3aab|89539ae6-e06b-4c76-a057-95df959578a9|DP-3 via=aktiv layout=full
2026-09-06T18:59:51+02:00 HAL9000 kwin_wayland[53902]: kwin-xmonad-lite: arrange #15 grund=shortcut:nextLayout surfaces=1 mitglieder=4 teilnehmer=4
2026-09-06T18:59:51+02:00 HAL9000 kwin_wayland[53902]: kwin-xmonad-lite: surface a89f5ec2-ab8e-4108-8088-7118500a3aab|89539ae6-e06b-4c76-a057-95df959578a9|DP-3 layout=full n=4 ratio=0.65 fläche=1920x1050+0+0
2026-09-06T18:59:51+02:00 HAL9000 kwin_wayland[53902]: kwin-xmonad-lite: diagnose a89f5ec2-ab8e-4108-8088-7118500a3aab|89539ae6-e06b-4c76-a057-95df959578a9|DP-3 order={0a1b3db6-088e-4b90-913a-c0802b2c8fdb},{d0661a6d-2ecb-448b-8141-bac003657cb7},{4e9374a6-e65b-431d-a958-97f3c6e50792},{f0d3b608-d93e-4690-8b12-3dddf0f4bf56} teilnehmer={0a1b3db6-088e-4b90-913a-c0802b2c8fdb},{d0661a6d-2ecb-448b-8141-bac003657cb7},{4e9374a6-e65b-431d-a958-97f3c6e50792},{f0d3b608-d93e-4690-8b12-3dddf0f4bf56} float=
2026-09-06T18:59:51+02:00 HAL9000 kwin_wayland[53902]: kwin-xmonad-lite: apply {0a1b3db6-088e-4b90-913a-c0802b2c8fdb} soll=1920x1050+0+0
2026-09-06T18:59:51+02:00 HAL9000 kwin_wayland[53902]: kwin-xmonad-lite: apply {d0661a6d-2ecb-448b-8141-bac003657cb7} soll=1920x1050+0+0
2026-09-06T18:59:51+02:00 HAL9000 kwin_wayland[53902]: kwin-xmonad-lite: apply {4e9374a6-e65b-431d-a958-97f3c6e50792} soll=1920x1050+0+0
2026-09-06T18:59:51+02:00 HAL9000 kwin_wayland[53902]: kwin-xmonad-lite: apply {f0d3b608-d93e-4690-8b12-3dddf0f4bf56} soll=1920x1050+0+0
2026-09-06T18:59:52+02:00 HAL9000 kwin_wayland[53902]: kwin-xmonad-lite: befehl shrink surface=a89f5ec2-ab8e-4108-8088-7118500a3aab|89539ae6-e06b-4c76-a057-95df959578a9|DP-3 via=aktiv ratio=0.6
2026-09-06T18:59:52+02:00 HAL9000 kwin_wayland[53902]: kwin-xmonad-lite: arrange #16 grund=shortcut:shrink surfaces=1 mitglieder=4 teilnehmer=4
2026-09-06T18:59:52+02:00 HAL9000 kwin_wayland[53902]: kwin-xmonad-lite: surface a89f5ec2-ab8e-4108-8088-7118500a3aab|89539ae6-e06b-4c76-a057-95df959578a9|DP-3 layout=full n=4 ratio=0.6 fläche=1920x1050+0+0
2026-09-06T18:59:52+02:00 HAL9000 kwin_wayland[53902]: kwin-xmonad-lite: diagnose a89f5ec2-ab8e-4108-8088-7118500a3aab|89539ae6-e06b-4c76-a057-95df959578a9|DP-3 order={0a1b3db6-088e-4b90-913a-c0802b2c8fdb},{d0661a6d-2ecb-448b-8141-bac003657cb7},{4e9374a6-e65b-431d-a958-97f3c6e50792},{f0d3b608-d93e-4690-8b12-3dddf0f4bf56} teilnehmer={0a1b3db6-088e-4b90-913a-c0802b2c8fdb},{d0661a6d-2ecb-448b-8141-bac003657cb7},{4e9374a6-e65b-431d-a958-97f3c6e50792},{f0d3b608-d93e-4690-8b12-3dddf0f4bf56} float=
2026-09-06T18:59:54+02:00 HAL9000 kwin_wayland[53902]: kwin-xmonad-lite: befehl shrink surface=a89f5ec2-ab8e-4108-8088-7118500a3aab|89539ae6-e06b-4c76-a057-95df959578a9|DP-3 via=aktiv ratio=0.55
2026-09-06T18:59:54+02:00 HAL9000 kwin_wayland[53902]: kwin-xmonad-lite: arrange #17 grund=shortcut:shrink surfaces=1 mitglieder=4 teilnehmer=4
2026-09-06T18:59:54+02:00 HAL9000 kwin_wayland[53902]: kwin-xmonad-lite: surface a89f5ec2-ab8e-4108-8088-7118500a3aab|89539ae6-e06b-4c76-a057-95df959578a9|DP-3 layout=full n=4 ratio=0.55 fläche=1920x1050+0+0
2026-09-06T18:59:54+02:00 HAL9000 kwin_wayland[53902]: kwin-xmonad-lite: diagnose a89f5ec2-ab8e-4108-8088-7118500a3aab|89539ae6-e06b-4c76-a057-95df959578a9|DP-3 order={0a1b3db6-088e-4b90-913a-c0802b2c8fdb},{d0661a6d-2ecb-448b-8141-bac003657cb7},{4e9374a6-e65b-431d-a958-97f3c6e50792},{f0d3b608-d93e-4690-8b12-3dddf0f4bf56} teilnehmer={0a1b3db6-088e-4b90-913a-c0802b2c8fdb},{d0661a6d-2ecb-448b-8141-bac003657cb7},{4e9374a6-e65b-431d-a958-97f3c6e50792},{f0d3b608-d93e-4690-8b12-3dddf0f4bf56} float=
2026-09-06T18:59:55+02:00 HAL9000 kwin_wayland[53902]: kwin-xmonad-lite: befehl toggleFloat surface=a89f5ec2-ab8e-4108-8088-7118500a3aab|89539ae6-e06b-4c76-a057-95df959578a9|DP-3 via=aktiv fenster={0a1b3db6-088e-4b90-913a-c0802b2c8fdb} → gefloatet
2026-09-06T18:59:55+02:00 HAL9000 kwin_wayland[53902]: kwin-xmonad-lite: arrange #18 grund=shortcut:toggleFloat surfaces=1 mitglieder=4 teilnehmer=3
2026-09-06T18:59:55+02:00 HAL9000 kwin_wayland[53902]: kwin-xmonad-lite: surface a89f5ec2-ab8e-4108-8088-7118500a3aab|89539ae6-e06b-4c76-a057-95df959578a9|DP-3 layout=full n=3 ratio=0.55 fläche=1920x1050+0+0
2026-09-06T18:59:55+02:00 HAL9000 kwin_wayland[53902]: kwin-xmonad-lite: diagnose a89f5ec2-ab8e-4108-8088-7118500a3aab|89539ae6-e06b-4c76-a057-95df959578a9|DP-3 order={0a1b3db6-088e-4b90-913a-c0802b2c8fdb},{d0661a6d-2ecb-448b-8141-bac003657cb7},{4e9374a6-e65b-431d-a958-97f3c6e50792},{f0d3b608-d93e-4690-8b12-3dddf0f4bf56} teilnehmer={d0661a6d-2ecb-448b-8141-bac003657cb7},{4e9374a6-e65b-431d-a958-97f3c6e50792},{f0d3b608-d93e-4690-8b12-3dddf0f4bf56} float={0a1b3db6-088e-4b90-913a-c0802b2c8fdb}
2026-09-06T18:59:57+02:00 HAL9000 kwin_wayland[53902]: kwin-xmonad-lite: befehl focusPrev surface=a89f5ec2-ab8e-4108-8088-7118500a3aab|89539ae6-e06b-4c76-a057-95df959578a9|DP-3 via=aktiv fokus={f0d3b608-d93e-4690-8b12-3dddf0f4bf56}
2026-09-06T18:59:57+02:00 HAL9000 kwin_wayland[53902]: kwin-xmonad-lite: aktiviere {f0d3b608-d93e-4690-8b12-3dddf0f4bf56}
2026-09-06T18:59:57+02:00 HAL9000 kwin_wayland[53902]: kwin-xmonad-lite: arrange #19 grund=windowActivated,shortcut:focusPrev surfaces=1 mitglieder=4 teilnehmer=3
2026-09-06T18:59:57+02:00 HAL9000 kwin_wayland[53902]: kwin-xmonad-lite: surface a89f5ec2-ab8e-4108-8088-7118500a3aab|89539ae6-e06b-4c76-a057-95df959578a9|DP-3 layout=full n=3 ratio=0.55 fläche=1920x1050+0+0
2026-09-06T18:59:57+02:00 HAL9000 kwin_wayland[53902]: kwin-xmonad-lite: diagnose a89f5ec2-ab8e-4108-8088-7118500a3aab|89539ae6-e06b-4c76-a057-95df959578a9|DP-3 order={0a1b3db6-088e-4b90-913a-c0802b2c8fdb},{d0661a6d-2ecb-448b-8141-bac003657cb7},{4e9374a6-e65b-431d-a958-97f3c6e50792},{f0d3b608-d93e-4690-8b12-3dddf0f4bf56} teilnehmer={d0661a6d-2ecb-448b-8141-bac003657cb7},{4e9374a6-e65b-431d-a958-97f3c6e50792},{f0d3b608-d93e-4690-8b12-3dddf0f4bf56} float={0a1b3db6-088e-4b90-913a-c0802b2c8fdb}
2026-09-06T18:59:58+02:00 HAL9000 kwin_wayland[53902]: kwin-xmonad-lite: befehl promote surface=a89f5ec2-ab8e-4108-8088-7118500a3aab|89539ae6-e06b-4c76-a057-95df959578a9|DP-3 via=aktiv master={f0d3b608-d93e-4690-8b12-3dddf0f4bf56}
2026-09-06T18:59:58+02:00 HAL9000 kwin_wayland[53902]: kwin-xmonad-lite: arrange #20 grund=shortcut:promote surfaces=1 mitglieder=4 teilnehmer=3
2026-09-06T18:59:58+02:00 HAL9000 kwin_wayland[53902]: kwin-xmonad-lite: surface a89f5ec2-ab8e-4108-8088-7118500a3aab|89539ae6-e06b-4c76-a057-95df959578a9|DP-3 layout=full n=3 ratio=0.55 fläche=1920x1050+0+0
2026-09-06T18:59:58+02:00 HAL9000 kwin_wayland[53902]: kwin-xmonad-lite: diagnose a89f5ec2-ab8e-4108-8088-7118500a3aab|89539ae6-e06b-4c76-a057-95df959578a9|DP-3 order={f0d3b608-d93e-4690-8b12-3dddf0f4bf56},{0a1b3db6-088e-4b90-913a-c0802b2c8fdb},{d0661a6d-2ecb-448b-8141-bac003657cb7},{4e9374a6-e65b-431d-a958-97f3c6e50792} teilnehmer={f0d3b608-d93e-4690-8b12-3dddf0f4bf56},{d0661a6d-2ecb-448b-8141-bac003657cb7},{4e9374a6-e65b-431d-a958-97f3c6e50792} float={0a1b3db6-088e-4b90-913a-c0802b2c8fdb}
2026-09-06T19:00:07+02:00 HAL9000 kxl-abnahme[54197]: == 17b Abmelden jetzt ==
2026-09-06T19:00:07+02:00 HAL9000 kwin_wayland[53902]: Failed to find a working output layer configuration! Enabled layers:
2026-09-06T19:00:07+02:00 HAL9000 kwin_wayland[53902]: src KWin::RectF(0,0 1920x1080) -> dst KWin::Rect(0,0 1920x1080)
2026-09-06T19:00:07+02:00 HAL9000 kwin_wayland[53902]: Applying output configuration failed!
2026-09-06T19:00:07+02:00 HAL9000 kwin_wayland[53902]: kwin-xmonad-lite: arrange #21 grund=screensChanged surfaces=1 mitglieder=4 teilnehmer=3
2026-09-06T19:00:07+02:00 HAL9000 kwin_wayland[53902]: kwin-xmonad-lite: surface a89f5ec2-ab8e-4108-8088-7118500a3aab|89539ae6-e06b-4c76-a057-95df959578a9|DP-3 layout=full n=3 ratio=0.55 fläche=1920x1050+0+0
2026-09-06T19:00:07+02:00 HAL9000 kwin_wayland[53902]: kwin-xmonad-lite: diagnose a89f5ec2-ab8e-4108-8088-7118500a3aab|89539ae6-e06b-4c76-a057-95df959578a9|DP-3 order={f0d3b608-d93e-4690-8b12-3dddf0f4bf56},{0a1b3db6-088e-4b90-913a-c0802b2c8fdb},{d0661a6d-2ecb-448b-8141-bac003657cb7},{4e9374a6-e65b-431d-a958-97f3c6e50792} teilnehmer={f0d3b608-d93e-4690-8b12-3dddf0f4bf56},{d0661a6d-2ecb-448b-8141-bac003657cb7},{4e9374a6-e65b-431d-a958-97f3c6e50792} float={0a1b3db6-088e-4b90-913a-c0802b2c8fdb}
2026-09-06T19:00:08+02:00 HAL9000 kwin_wayland[53902]: kwin-xmonad-lite: arrange #22 grund=windowAdded surfaces=1 mitglieder=4 teilnehmer=3
2026-09-06T19:00:08+02:00 HAL9000 kwin_wayland[53902]: kwin-xmonad-lite: surface a89f5ec2-ab8e-4108-8088-7118500a3aab|89539ae6-e06b-4c76-a057-95df959578a9|DP-3 layout=full n=3 ratio=0.55 fläche=1920x1050+0+0
2026-09-06T19:00:08+02:00 HAL9000 kwin_wayland[53902]: kwin-xmonad-lite: diagnose a89f5ec2-ab8e-4108-8088-7118500a3aab|89539ae6-e06b-4c76-a057-95df959578a9|DP-3 order={f0d3b608-d93e-4690-8b12-3dddf0f4bf56},{0a1b3db6-088e-4b90-913a-c0802b2c8fdb},{d0661a6d-2ecb-448b-8141-bac003657cb7},{4e9374a6-e65b-431d-a958-97f3c6e50792} teilnehmer={f0d3b608-d93e-4690-8b12-3dddf0f4bf56},{d0661a6d-2ecb-448b-8141-bac003657cb7},{4e9374a6-e65b-431d-a958-97f3c6e50792} float={0a1b3db6-088e-4b90-913a-c0802b2c8fdb}
2026-09-06T19:00:08+02:00 HAL9000 kwin_wayland[53902]: kwin-xmonad-lite: arrange #23 grund=nachlauf500:screensChanged surfaces=1 mitglieder=4 teilnehmer=3
2026-09-06T19:00:08+02:00 HAL9000 kwin_wayland[53902]: kwin-xmonad-lite: surface a89f5ec2-ab8e-4108-8088-7118500a3aab|89539ae6-e06b-4c76-a057-95df959578a9|DP-3 layout=full n=3 ratio=0.55 fläche=1920x1050+0+0
2026-09-06T19:00:08+02:00 HAL9000 kwin_wayland[53902]: kwin-xmonad-lite: diagnose a89f5ec2-ab8e-4108-8088-7118500a3aab|89539ae6-e06b-4c76-a057-95df959578a9|DP-3 order={f0d3b608-d93e-4690-8b12-3dddf0f4bf56},{0a1b3db6-088e-4b90-913a-c0802b2c8fdb},{d0661a6d-2ecb-448b-8141-bac003657cb7},{4e9374a6-e65b-431d-a958-97f3c6e50792} teilnehmer={f0d3b608-d93e-4690-8b12-3dddf0f4bf56},{d0661a6d-2ecb-448b-8141-bac003657cb7},{4e9374a6-e65b-431d-a958-97f3c6e50792} float={0a1b3db6-088e-4b90-913a-c0802b2c8fdb}
2026-09-06T19:00:09+02:00 HAL9000 kwin_wayland[53902]: kwin-xmonad-lite: arrange #24 grund=nachlauf1500:screensChanged surfaces=1 mitglieder=4 teilnehmer=3
2026-09-06T19:00:09+02:00 HAL9000 kwin_wayland[53902]: kwin-xmonad-lite: surface a89f5ec2-ab8e-4108-8088-7118500a3aab|89539ae6-e06b-4c76-a057-95df959578a9|DP-3 layout=full n=3 ratio=0.55 fläche=1920x1050+0+0
2026-09-06T19:00:09+02:00 HAL9000 kwin_wayland[53902]: kwin-xmonad-lite: diagnose a89f5ec2-ab8e-4108-8088-7118500a3aab|89539ae6-e06b-4c76-a057-95df959578a9|DP-3 order={f0d3b608-d93e-4690-8b12-3dddf0f4bf56},{0a1b3db6-088e-4b90-913a-c0802b2c8fdb},{d0661a6d-2ecb-448b-8141-bac003657cb7},{4e9374a6-e65b-431d-a958-97f3c6e50792} teilnehmer={f0d3b608-d93e-4690-8b12-3dddf0f4bf56},{d0661a6d-2ecb-448b-8141-bac003657cb7},{4e9374a6-e65b-431d-a958-97f3c6e50792} float={0a1b3db6-088e-4b90-913a-c0802b2c8fdb}
2026-09-06T19:00:09+02:00 HAL9000 kwin_wayland[53902]: kwin-xmonad-lite: arrange #25 grund=closed,windowRemoved surfaces=1 mitglieder=4 teilnehmer=3
2026-09-06T19:00:09+02:00 HAL9000 kwin_wayland[53902]: kwin-xmonad-lite: surface a89f5ec2-ab8e-4108-8088-7118500a3aab|89539ae6-e06b-4c76-a057-95df959578a9|DP-3 layout=full n=3 ratio=0.55 fläche=1920x1050+0+0
2026-09-06T19:00:09+02:00 HAL9000 kwin_wayland[53902]: kwin-xmonad-lite: diagnose a89f5ec2-ab8e-4108-8088-7118500a3aab|89539ae6-e06b-4c76-a057-95df959578a9|DP-3 order={f0d3b608-d93e-4690-8b12-3dddf0f4bf56},{0a1b3db6-088e-4b90-913a-c0802b2c8fdb},{d0661a6d-2ecb-448b-8141-bac003657cb7},{4e9374a6-e65b-431d-a958-97f3c6e50792} teilnehmer={f0d3b608-d93e-4690-8b12-3dddf0f4bf56},{d0661a6d-2ecb-448b-8141-bac003657cb7},{4e9374a6-e65b-431d-a958-97f3c6e50792} float={0a1b3db6-088e-4b90-913a-c0802b2c8fdb}
2026-09-06T19:01:24+02:00 HAL9000 kwin_wayland[53902]: kwin-xmonad-lite: dockEntfernt {5820292e-7a2e-43c1-8064-16170c8da207}
2026-09-06T19:01:58+02:00 HAL9000 kwin_wayland_wrapper[56697]: ATTENTION: default value of option vblank_mode overridden by environment.
2026-09-06T19:01:58+02:00 HAL9000 kwin_wayland_wrapper[56697]: ATTENTION: default value of option vblank_mode overridden by environment.
2026-09-06T19:01:58+02:00 HAL9000 kwin_wayland[56697]: No backend specified, automatically choosing drm
2026-09-06T19:01:58+02:00 HAL9000 kwin_wayland_wrapper[56697]: ATTENTION: default value of option vblank_mode overridden by environment.
2026-09-06T19:01:59+02:00 HAL9000 kwin_wayland[56697]: XKB: [XKB-183] Couldn't find an automatic type for key '<BKSP>' group 1 with 5 levels; Using the default type
2026-09-06T19:01:59+02:00 HAL9000 kwin_wayland[56697]: kwin-xmonad-lite: geladen, Version 0.0.0
2026-09-06T19:02:00+02:00 HAL9000 kwin_wayland[56697]: qmlRegisterType requires absolute URLs.
2026-09-06T19:02:00+02:00 HAL9000 kwin_wayland[56697]: qmlRegisterType requires absolute URLs.
2026-09-06T19:02:00+02:00 HAL9000 kwin_wayland[56697]: qmlRegisterType requires absolute URLs.
2026-09-06T19:02:00+02:00 HAL9000 kwin_wayland[56697]: qmlRegisterType requires absolute URLs.
2026-09-06T19:02:00+02:00 HAL9000 kwin_wayland[56697]: qmlRegisterType requires absolute URLs.
2026-09-06T19:02:00+02:00 HAL9000 kwin_wayland[56697]: qmlRegisterType requires absolute URLs.
2026-09-06T19:02:00+02:00 HAL9000 kwin_wayland[56697]: qmlRegisterType requires absolute URLs.
2026-09-06T19:02:00+02:00 HAL9000 kwin_wayland[56697]: qmlRegisterType requires absolute URLs.
2026-09-06T19:02:00+02:00 HAL9000 kwin_wayland[56697]: qmlRegisterType requires absolute URLs.
2026-09-06T19:02:00+02:00 HAL9000 kwin_wayland[56697]: qmlRegisterType requires absolute URLs.
2026-09-06T19:02:00+02:00 HAL9000 kwin_wayland[56697]: qmlRegisterType requires absolute URLs.
2026-09-06T19:02:00+02:00 HAL9000 kwin_wayland[56697]: qmlRegisterType requires absolute URLs.
2026-09-06T19:02:00+02:00 HAL9000 kwin_wayland[56697]: qmlRegisterType requires absolute URLs.
2026-09-06T19:02:00+02:00 HAL9000 kwin_wayland[56697]: qmlRegisterType requires absolute URLs.
2026-09-06T19:02:00+02:00 HAL9000 kwin_wayland[56697]: qmlRegisterType requires absolute URLs.
2026-09-06T19:02:00+02:00 HAL9000 kwin_wayland[56697]: qmlRegisterType requires absolute URLs.
2026-09-06T19:02:00+02:00 HAL9000 kwin_wayland[56697]: qmlRegisterType requires absolute URLs.
2026-09-06T19:02:00+02:00 HAL9000 kwin_wayland[56697]: qmlRegisterType requires absolute URLs.
2026-09-06T19:02:00+02:00 HAL9000 kwin_wayland[56697]: qmlRegisterType requires absolute URLs.
2026-09-06T19:02:00+02:00 HAL9000 kwin_wayland[56697]: qmlRegisterType requires absolute URLs.
2026-09-06T19:02:00+02:00 HAL9000 kwin_wayland[56697]: qmlRegisterType requires absolute URLs.
2026-09-06T19:02:00+02:00 HAL9000 kwin_wayland[56697]: qmlRegisterType requires absolute URLs.
2026-09-06T19:02:00+02:00 HAL9000 kwin_wayland[56697]: qmlRegisterType requires absolute URLs.
2026-09-06T19:02:00+02:00 HAL9000 kwin_wayland[56697]: qmlRegisterType requires absolute URLs.
2026-09-06T19:02:00+02:00 HAL9000 kwin_wayland[56697]: qmlRegisterType requires absolute URLs.
2026-09-06T19:02:00+02:00 HAL9000 kwin_wayland[56697]: qmlRegisterType requires absolute URLs.
2026-09-06T19:02:00+02:00 HAL9000 kwin_wayland[56697]: qmlRegisterType requires absolute URLs.
2026-09-06T19:02:00+02:00 HAL9000 kwin_wayland[56697]: qmlRegisterType requires absolute URLs.
2026-09-06T19:02:00+02:00 HAL9000 kwin_wayland[56697]: qmlRegisterType requires absolute URLs.
2026-09-06T19:02:00+02:00 HAL9000 kwin_wayland[56697]: qmlRegisterType requires absolute URLs.
2026-09-06T19:02:00+02:00 HAL9000 kwin_wayland[56697]: qmlRegisterType requires absolute URLs.
2026-09-06T19:02:00+02:00 HAL9000 kwin_wayland[56697]: qmlRegisterType requires absolute URLs.
2026-09-06T19:02:00+02:00 HAL9000 kwin_wayland[56697]: qmlRegisterType requires absolute URLs.
2026-09-06T19:02:00+02:00 HAL9000 kwin_wayland[56697]: qmlRegisterType requires absolute URLs.
2026-09-06T19:02:00+02:00 HAL9000 kwin_wayland[56697]: qmlRegisterType requires absolute URLs.
2026-09-06T19:02:00+02:00 HAL9000 kwin_wayland[56697]: qmlRegisterType requires absolute URLs.
2026-09-06T19:02:00+02:00 HAL9000 kwin_wayland[56697]: qmlRegisterType requires absolute URLs.
2026-09-06T19:02:00+02:00 HAL9000 kwin_wayland[56697]: qmlRegisterType requires absolute URLs.
2026-09-06T19:02:00+02:00 HAL9000 kwin_wayland[56697]: qmlRegisterType requires absolute URLs.
2026-09-06T19:02:00+02:00 HAL9000 kwin_wayland[56697]: qmlRegisterType requires absolute URLs.
2026-09-06T19:02:00+02:00 HAL9000 kwin_wayland_wrapper[56846]: ATTENTION: default value of option vblank_mode overridden by environment.
2026-09-06T19:02:00+02:00 HAL9000 kwin_wayland_wrapper[56861]: The XKEYBOARD keymap compiler (xkbcomp) reports:
2026-09-06T19:02:00+02:00 HAL9000 kwin_wayland_wrapper[56861]: > Warning:          Multiple symbols for level 1/group 1 on key <FK23>
2026-09-06T19:02:00+02:00 HAL9000 kwin_wayland_wrapper[56861]: >                   Using F23, ignoring XF86TouchpadOff
2026-09-06T19:02:00+02:00 HAL9000 kwin_wayland_wrapper[56861]: > Warning:          Symbol map for key <FK23> redefined
2026-09-06T19:02:00+02:00 HAL9000 kwin_wayland_wrapper[56861]: >                   Using last definition for conflicting fields
2026-09-06T19:02:00+02:00 HAL9000 kwin_wayland_wrapper[56861]: > Warning:          Symbol map for key <FK24> redefined
2026-09-06T19:02:00+02:00 HAL9000 kwin_wayland_wrapper[56861]: >                   Using last definition for conflicting fields
2026-09-06T19:02:00+02:00 HAL9000 kwin_wayland_wrapper[56861]: > Warning:          Could not resolve keysym XF86ElectronicPrivacyScreenOn
2026-09-06T19:02:00+02:00 HAL9000 kwin_wayland_wrapper[56861]: > Warning:          Could not resolve keysym XF86ElectronicPrivacyScreenOff
2026-09-06T19:02:00+02:00 HAL9000 kwin_wayland_wrapper[56861]: > Warning:          Could not resolve keysym XF86ActionOnSelection
2026-09-06T19:02:00+02:00 HAL9000 kwin_wayland_wrapper[56861]: > Warning:          Could not resolve keysym XF86ContextualInsert
2026-09-06T19:02:00+02:00 HAL9000 kwin_wayland_wrapper[56861]: > Warning:          Could not resolve keysym XF86ContextualQuery
2026-09-06T19:02:00+02:00 HAL9000 kwin_wayland_wrapper[56861]: Errors from xkbcomp are not fatal to the X server
2026-09-06T19:02:00+02:00 HAL9000 kwin_wayland_wrapper[56864]: The XKEYBOARD keymap compiler (xkbcomp) reports:
2026-09-06T19:02:00+02:00 HAL9000 kwin_wayland_wrapper[56864]: > Warning:          Unsupported maximum keycode 709, clipping.
2026-09-06T19:02:00+02:00 HAL9000 kwin_wayland_wrapper[56864]: >                   X11 cannot support keycodes above 255.
2026-09-06T19:02:00+02:00 HAL9000 kwin_wayland_wrapper[56864]: > Warning:          Virtual modifier LevelFive multiply defined
2026-09-06T19:02:00+02:00 HAL9000 kwin_wayland_wrapper[56864]: >                   Using 0, ignoring 0
2026-09-06T19:02:00+02:00 HAL9000 kwin_wayland_wrapper[56864]: > Warning:          Virtual modifier ScrollLock multiply defined
2026-09-06T19:02:00+02:00 HAL9000 kwin_wayland_wrapper[56864]: >                   Using 0, ignoring 0
2026-09-06T19:02:00+02:00 HAL9000 kwin_wayland_wrapper[56864]: Errors from xkbcomp are not fatal to the X server
2026-09-06T19:02:01+02:00 HAL9000 kwin_wayland[56697]: kwin-xmonad-lite: Activities nach 20 Versuchen nicht bereit, starte trotzdem
2026-09-06T19:02:01+02:00 HAL9000 kwin_wayland[56697]: kwin-xmonad-lite: config gaps=0/0 ratio=0.65 layout=0 excludes=7 debug=true
2026-09-06T19:02:01+02:00 HAL9000 kwin_wayland[56697]: kwin-xmonad-lite: config excludes=kded6,krunner,plasmashell,polkit-kde-authentication-agent-1,steam_app_default,xwaylandvideobridge,yakuake
2026-09-06T19:02:01+02:00 HAL9000 kwin_wayland[56697]: kwin-xmonad-lite: shortcuts n=12
2026-09-06T19:02:01+02:00 HAL9000 kwin_wayland[56697]: kwin-xmonad-lite: bereit perOutputDesktops=false
2026-09-06T19:02:01+02:00 HAL9000 kwin_wayland[56697]: kwin-xmonad-lite: arrange #1 grund=start surfaces=1 mitglieder=1 teilnehmer=0
2026-09-06T19:02:01+02:00 HAL9000 kwin_wayland[56697]: kwin-xmonad-lite: surface |89539ae6-e06b-4c76-a057-95df959578a9|DP-3 layout=tall n=0 ratio=0.65 fläche=1920x1080+0+0
2026-09-06T19:02:01+02:00 HAL9000 kwin_wayland[56697]: kwin-xmonad-lite: diagnose |89539ae6-e06b-4c76-a057-95df959578a9|DP-3 order={b83309bd-c67b-40de-87c9-c27be30abf24} teilnehmer= float=
2026-09-06T19:02:02+02:00 HAL9000 kwin_wayland[56697]: kwin-xmonad-lite: gc #2 fenster=0 surfaces=1
2026-09-06T19:02:02+02:00 HAL9000 kwin_wayland[56697]: kwin-xmonad-lite: surface entfernt |89539ae6-e06b-4c76-a057-95df959578a9|DP-3
2026-09-06T19:02:02+02:00 HAL9000 kwin_wayland[56697]: kwin-xmonad-lite: arrange #2 grund=activityChanged surfaces=1 mitglieder=1 teilnehmer=0
2026-09-06T19:02:02+02:00 HAL9000 kwin_wayland[56697]: kwin-xmonad-lite: surface a89f5ec2-ab8e-4108-8088-7118500a3aab|89539ae6-e06b-4c76-a057-95df959578a9|DP-3 layout=tall n=0 ratio=0.65 fläche=1920x1080+0+0
2026-09-06T19:02:02+02:00 HAL9000 kwin_wayland[56697]: kwin-xmonad-lite: diagnose a89f5ec2-ab8e-4108-8088-7118500a3aab|89539ae6-e06b-4c76-a057-95df959578a9|DP-3 order={b83309bd-c67b-40de-87c9-c27be30abf24} teilnehmer= float=
2026-09-06T19:02:03+02:00 HAL9000 kwin_wayland[56697]: kwin-xmonad-lite: arrange #3 grund=windowActivated,windowAdded surfaces=1 mitglieder=1 teilnehmer=0
2026-09-06T19:02:03+02:00 HAL9000 kwin_wayland[56697]: kwin-xmonad-lite: surface a89f5ec2-ab8e-4108-8088-7118500a3aab|89539ae6-e06b-4c76-a057-95df959578a9|DP-3 layout=tall n=0 ratio=0.65 fläche=1920x1080+0+0
2026-09-06T19:02:03+02:00 HAL9000 kwin_wayland[56697]: kwin-xmonad-lite: diagnose a89f5ec2-ab8e-4108-8088-7118500a3aab|89539ae6-e06b-4c76-a057-95df959578a9|DP-3 order={b83309bd-c67b-40de-87c9-c27be30abf24} teilnehmer= float=
2026-09-06T19:02:04+02:00 HAL9000 kwin_wayland[56697]: kwin-xmonad-lite: arrange #4 grund=windowAdded surfaces=1 mitglieder=1 teilnehmer=0
2026-09-06T19:02:04+02:00 HAL9000 kwin_wayland[56697]: kwin-xmonad-lite: surface a89f5ec2-ab8e-4108-8088-7118500a3aab|89539ae6-e06b-4c76-a057-95df959578a9|DP-3 layout=tall n=0 ratio=0.65 fläche=1920x1080+0+0
2026-09-06T19:02:04+02:00 HAL9000 kwin_wayland[56697]: kwin-xmonad-lite: diagnose a89f5ec2-ab8e-4108-8088-7118500a3aab|89539ae6-e06b-4c76-a057-95df959578a9|DP-3 order={b83309bd-c67b-40de-87c9-c27be30abf24} teilnehmer= float=
2026-09-06T19:02:04+02:00 HAL9000 kwin_wayland[56697]: kwin-xmonad-lite: arrange #5 grund=screensChanged surfaces=1 mitglieder=1 teilnehmer=0
2026-09-06T19:02:04+02:00 HAL9000 kwin_wayland[56697]: kwin-xmonad-lite: surface a89f5ec2-ab8e-4108-8088-7118500a3aab|89539ae6-e06b-4c76-a057-95df959578a9|DP-3 layout=tall n=0 ratio=0.65 fläche=1920x1080+0+0
2026-09-06T19:02:04+02:00 HAL9000 kwin_wayland[56697]: kwin-xmonad-lite: diagnose a89f5ec2-ab8e-4108-8088-7118500a3aab|89539ae6-e06b-4c76-a057-95df959578a9|DP-3 order={b83309bd-c67b-40de-87c9-c27be30abf24} teilnehmer= float=
2026-09-06T19:02:04+02:00 HAL9000 kwin_wayland[56697]: kwin-xmonad-lite: gc #6 fenster=1 surfaces=0
2026-09-06T19:02:04+02:00 HAL9000 kwin_wayland[56697]: kwin-xmonad-lite: arrange #6 grund=closed,windowRemoved surfaces=1 mitglieder=0 teilnehmer=0
2026-09-06T19:02:04+02:00 HAL9000 kwin_wayland[56697]: kwin-xmonad-lite: arrange #7 grund=nachlauf500:screensChanged surfaces=1 mitglieder=0 teilnehmer=0
2026-09-06T19:02:05+02:00 HAL9000 kwin_wayland[56697]: kwin-xmonad-lite: arrange #8 grund=nachlauf1500:screensChanged surfaces=1 mitglieder=0 teilnehmer=0
2026-09-06T19:02:11+02:00 HAL9000 kwin_wayland[56697]: kwin-xmonad-lite: dockHinzugefügt {f198d1db-5fa5-4489-ab0c-e4e120e0c177}
2026-09-06T19:02:11+02:00 HAL9000 kwin_wayland[56697]: kwin-xmonad-lite: arrange #9 grund=windowAdded surfaces=1 mitglieder=0 teilnehmer=0
2026-09-06T19:02:11+02:00 HAL9000 kwin_wayland[56697]: kwin-xmonad-lite: arrange #10 grund=windowAdded surfaces=1 mitglieder=0 teilnehmer=0
2026-09-06T19:02:11+02:00 HAL9000 kwin_wayland[56697]: kwin-xmonad-lite: arrange #11 grund=nachlauf500:dockHinzugefügt surfaces=1 mitglieder=0 teilnehmer=0
2026-09-06T19:02:12+02:00 HAL9000 kwin_wayland[56697]: kwin-xmonad-lite: arrange #12 grund=nachlauf1500:dockHinzugefügt surfaces=1 mitglieder=0 teilnehmer=0
2026-09-06T19:02:19+02:00 HAL9000 kwin_wayland[56697]: kwin-xmonad-lite: arrange #13 grund=closed,windowActivated,windowRemoved surfaces=1 mitglieder=0 teilnehmer=0
2026-09-06T19:02:20+02:00 HAL9000 kwin_wayland[56697]: kwin-xmonad-lite: arrange #14 grund=closed,windowRemoved surfaces=1 mitglieder=0 teilnehmer=0
2026-09-06T19:02:58+02:00 HAL9000 kwin_wayland[56697]: kwin-xmonad-lite: arrange #15 grund=windowAdded surfaces=1 mitglieder=0 teilnehmer=0
2026-09-06T19:03:03+02:00 HAL9000 kwin_wayland[56697]: kwin-xmonad-lite: arrange #16 grund=closed,windowRemoved surfaces=1 mitglieder=0 teilnehmer=0
2026-09-06T19:03:25+02:00 HAL9000 kwin_wayland[56697]: kwin-xmonad-lite: arrange #17 grund=windowAdded surfaces=1 mitglieder=0 teilnehmer=0
2026-09-06T19:03:30+02:00 HAL9000 kwin_wayland[56697]: kwin-xmonad-lite: arrange #18 grund=closed,windowRemoved surfaces=1 mitglieder=0 teilnehmer=0
2026-09-06T19:03:51+02:00 HAL9000 kxl-abnahme[59062]: == Fall 17b Ende ==
2026-09-06T19:03:51+02:00 HAL9000 kxl-abnahme[59063]: == Fall 25c Anfang ==
2026-09-06T19:04:30+02:00 HAL9000 kwin_wayland[56697]: Service type not found: "application/x-ms-dos-executable"
2026-09-06T19:05:03+02:00 HAL9000 kwin_wayland[56697]: kwin-xmonad-lite: dockEntfernt {f198d1db-5fa5-4489-ab0c-e4e120e0c177}
2026-09-06T19:05:05+02:00 HAL9000 kwin_wayland_wrapper[61993]: ATTENTION: default value of option vblank_mode overridden by environment.
2026-09-06T19:05:05+02:00 HAL9000 kwin_wayland_wrapper[61993]: ATTENTION: default value of option vblank_mode overridden by environment.
2026-09-06T19:05:06+02:00 HAL9000 kwin_wayland[61993]: No backend specified, automatically choosing drm
2026-09-06T19:05:06+02:00 HAL9000 kwin_wayland_wrapper[61993]: ATTENTION: default value of option vblank_mode overridden by environment.
2026-09-06T19:05:07+02:00 HAL9000 kwin_wayland[61993]: XKB: [XKB-183] Couldn't find an automatic type for key '<BKSP>' group 1 with 5 levels; Using the default type
2026-09-06T19:05:07+02:00 HAL9000 kwin_wayland[61993]: kwin-xmonad-lite: geladen, Version 0.0.0
2026-09-06T19:05:07+02:00 HAL9000 kwin_wayland[61993]: qmlRegisterType requires absolute URLs.
2026-09-06T19:05:07+02:00 HAL9000 kwin_wayland[61993]: qmlRegisterType requires absolute URLs.
2026-09-06T19:05:07+02:00 HAL9000 kwin_wayland[61993]: qmlRegisterType requires absolute URLs.
2026-09-06T19:05:07+02:00 HAL9000 kwin_wayland[61993]: qmlRegisterType requires absolute URLs.
2026-09-06T19:05:07+02:00 HAL9000 kwin_wayland[61993]: qmlRegisterType requires absolute URLs.
2026-09-06T19:05:07+02:00 HAL9000 kwin_wayland[61993]: qmlRegisterType requires absolute URLs.
2026-09-06T19:05:07+02:00 HAL9000 kwin_wayland[61993]: qmlRegisterType requires absolute URLs.
2026-09-06T19:05:07+02:00 HAL9000 kwin_wayland[61993]: qmlRegisterType requires absolute URLs.
2026-09-06T19:05:07+02:00 HAL9000 kwin_wayland[61993]: qmlRegisterType requires absolute URLs.
2026-09-06T19:05:07+02:00 HAL9000 kwin_wayland[61993]: qmlRegisterType requires absolute URLs.
2026-09-06T19:05:07+02:00 HAL9000 kwin_wayland[61993]: qmlRegisterType requires absolute URLs.
2026-09-06T19:05:07+02:00 HAL9000 kwin_wayland[61993]: qmlRegisterType requires absolute URLs.
2026-09-06T19:05:07+02:00 HAL9000 kwin_wayland[61993]: qmlRegisterType requires absolute URLs.
2026-09-06T19:05:07+02:00 HAL9000 kwin_wayland[61993]: qmlRegisterType requires absolute URLs.
2026-09-06T19:05:07+02:00 HAL9000 kwin_wayland[61993]: qmlRegisterType requires absolute URLs.
2026-09-06T19:05:07+02:00 HAL9000 kwin_wayland[61993]: qmlRegisterType requires absolute URLs.
2026-09-06T19:05:07+02:00 HAL9000 kwin_wayland[61993]: qmlRegisterType requires absolute URLs.
2026-09-06T19:05:07+02:00 HAL9000 kwin_wayland[61993]: qmlRegisterType requires absolute URLs.
2026-09-06T19:05:07+02:00 HAL9000 kwin_wayland[61993]: qmlRegisterType requires absolute URLs.
2026-09-06T19:05:07+02:00 HAL9000 kwin_wayland[61993]: qmlRegisterType requires absolute URLs.
2026-09-06T19:05:07+02:00 HAL9000 kwin_wayland[61993]: qmlRegisterType requires absolute URLs.
2026-09-06T19:05:07+02:00 HAL9000 kwin_wayland[61993]: qmlRegisterType requires absolute URLs.
2026-09-06T19:05:07+02:00 HAL9000 kwin_wayland[61993]: qmlRegisterType requires absolute URLs.
2026-09-06T19:05:07+02:00 HAL9000 kwin_wayland[61993]: qmlRegisterType requires absolute URLs.
2026-09-06T19:05:07+02:00 HAL9000 kwin_wayland[61993]: qmlRegisterType requires absolute URLs.
2026-09-06T19:05:07+02:00 HAL9000 kwin_wayland[61993]: qmlRegisterType requires absolute URLs.
2026-09-06T19:05:07+02:00 HAL9000 kwin_wayland[61993]: qmlRegisterType requires absolute URLs.
2026-09-06T19:05:07+02:00 HAL9000 kwin_wayland[61993]: qmlRegisterType requires absolute URLs.
2026-09-06T19:05:07+02:00 HAL9000 kwin_wayland[61993]: qmlRegisterType requires absolute URLs.
2026-09-06T19:05:07+02:00 HAL9000 kwin_wayland[61993]: qmlRegisterType requires absolute URLs.
2026-09-06T19:05:07+02:00 HAL9000 kwin_wayland[61993]: qmlRegisterType requires absolute URLs.
2026-09-06T19:05:07+02:00 HAL9000 kwin_wayland[61993]: qmlRegisterType requires absolute URLs.
2026-09-06T19:05:07+02:00 HAL9000 kwin_wayland[61993]: qmlRegisterType requires absolute URLs.
2026-09-06T19:05:07+02:00 HAL9000 kwin_wayland[61993]: qmlRegisterType requires absolute URLs.
2026-09-06T19:05:07+02:00 HAL9000 kwin_wayland[61993]: qmlRegisterType requires absolute URLs.
2026-09-06T19:05:07+02:00 HAL9000 kwin_wayland[61993]: qmlRegisterType requires absolute URLs.
2026-09-06T19:05:07+02:00 HAL9000 kwin_wayland[61993]: qmlRegisterType requires absolute URLs.
2026-09-06T19:05:07+02:00 HAL9000 kwin_wayland[61993]: qmlRegisterType requires absolute URLs.
2026-09-06T19:05:07+02:00 HAL9000 kwin_wayland[61993]: qmlRegisterType requires absolute URLs.
2026-09-06T19:05:07+02:00 HAL9000 kwin_wayland[61993]: qmlRegisterType requires absolute URLs.
2026-09-06T19:05:08+02:00 HAL9000 kwin_wayland_wrapper[62170]: ATTENTION: default value of option vblank_mode overridden by environment.
2026-09-06T19:05:08+02:00 HAL9000 kwin_wayland_wrapper[62179]: The XKEYBOARD keymap compiler (xkbcomp) reports:
2026-09-06T19:05:08+02:00 HAL9000 kwin_wayland_wrapper[62179]: > Warning:          Multiple symbols for level 1/group 1 on key <FK23>
2026-09-06T19:05:08+02:00 HAL9000 kwin_wayland_wrapper[62179]: >                   Using F23, ignoring XF86TouchpadOff
2026-09-06T19:05:08+02:00 HAL9000 kwin_wayland_wrapper[62179]: > Warning:          Symbol map for key <FK23> redefined
2026-09-06T19:05:08+02:00 HAL9000 kwin_wayland_wrapper[62179]: >                   Using last definition for conflicting fields
2026-09-06T19:05:08+02:00 HAL9000 kwin_wayland_wrapper[62179]: > Warning:          Symbol map for key <FK24> redefined
2026-09-06T19:05:08+02:00 HAL9000 kwin_wayland_wrapper[62179]: >                   Using last definition for conflicting fields
2026-09-06T19:05:08+02:00 HAL9000 kwin_wayland_wrapper[62179]: > Warning:          Could not resolve keysym XF86ElectronicPrivacyScreenOn
2026-09-06T19:05:08+02:00 HAL9000 kwin_wayland_wrapper[62179]: > Warning:          Could not resolve keysym XF86ElectronicPrivacyScreenOff
2026-09-06T19:05:08+02:00 HAL9000 kwin_wayland_wrapper[62179]: > Warning:          Could not resolve keysym XF86ActionOnSelection
2026-09-06T19:05:08+02:00 HAL9000 kwin_wayland_wrapper[62179]: > Warning:          Could not resolve keysym XF86ContextualInsert
2026-09-06T19:05:08+02:00 HAL9000 kwin_wayland_wrapper[62179]: > Warning:          Could not resolve keysym XF86ContextualQuery
2026-09-06T19:05:08+02:00 HAL9000 kwin_wayland_wrapper[62179]: Errors from xkbcomp are not fatal to the X server
2026-09-06T19:05:08+02:00 HAL9000 kwin_wayland_wrapper[62195]: The XKEYBOARD keymap compiler (xkbcomp) reports:
2026-09-06T19:05:08+02:00 HAL9000 kwin_wayland_wrapper[62195]: > Warning:          Unsupported maximum keycode 709, clipping.
2026-09-06T19:05:08+02:00 HAL9000 kwin_wayland_wrapper[62195]: >                   X11 cannot support keycodes above 255.
2026-09-06T19:05:08+02:00 HAL9000 kwin_wayland_wrapper[62195]: > Warning:          Virtual modifier LevelFive multiply defined
2026-09-06T19:05:08+02:00 HAL9000 kwin_wayland_wrapper[62195]: >                   Using 0, ignoring 0
2026-09-06T19:05:08+02:00 HAL9000 kwin_wayland_wrapper[62195]: > Warning:          Virtual modifier ScrollLock multiply defined
2026-09-06T19:05:08+02:00 HAL9000 kwin_wayland_wrapper[62195]: >                   Using 0, ignoring 0
2026-09-06T19:05:08+02:00 HAL9000 kwin_wayland_wrapper[62195]: Errors from xkbcomp are not fatal to the X server
2026-09-06T19:05:09+02:00 HAL9000 kwin_wayland[61993]: kwin-xmonad-lite: Activities nach 20 Versuchen nicht bereit, starte trotzdem
2026-09-06T19:05:09+02:00 HAL9000 kwin_wayland[61993]: kwin-xmonad-lite: config gaps=8/4 ratio=0.65 layout=0 excludes=7 debug=true
2026-09-06T19:05:09+02:00 HAL9000 kwin_wayland[61993]: kwin-xmonad-lite: config excludes=kded6,krunner,plasmashell,polkit-kde-authentication-agent-1,steam_app_default,xwaylandvideobridge,yakuake
2026-09-06T19:05:09+02:00 HAL9000 kwin_wayland[61993]: kwin-xmonad-lite: shortcuts n=12
2026-09-06T19:05:09+02:00 HAL9000 kwin_wayland[61993]: kwin-xmonad-lite: bereit perOutputDesktops=false
2026-09-06T19:05:09+02:00 HAL9000 kwin_wayland[61993]: kwin-xmonad-lite: arrange #1 grund=start surfaces=1 mitglieder=1 teilnehmer=0
2026-09-06T19:05:09+02:00 HAL9000 kwin_wayland[61993]: kwin-xmonad-lite: surface |89539ae6-e06b-4c76-a057-95df959578a9|DP-3 layout=tall n=0 ratio=0.65 fläche=1920x1080+0+0
2026-09-06T19:05:09+02:00 HAL9000 kwin_wayland[61993]: kwin-xmonad-lite: diagnose |89539ae6-e06b-4c76-a057-95df959578a9|DP-3 order={6658706e-cba1-4c2d-a787-bb8cc7a3b605} teilnehmer= float=
2026-09-06T19:05:11+02:00 HAL9000 kwin_wayland[61993]: kwin-xmonad-lite: gc #2 fenster=0 surfaces=1
2026-09-06T19:05:11+02:00 HAL9000 kwin_wayland[61993]: kwin-xmonad-lite: surface entfernt |89539ae6-e06b-4c76-a057-95df959578a9|DP-3
2026-09-06T19:05:11+02:00 HAL9000 kwin_wayland[61993]: kwin-xmonad-lite: arrange #2 grund=activityChanged surfaces=1 mitglieder=1 teilnehmer=0
2026-09-06T19:05:11+02:00 HAL9000 kwin_wayland[61993]: kwin-xmonad-lite: surface a89f5ec2-ab8e-4108-8088-7118500a3aab|89539ae6-e06b-4c76-a057-95df959578a9|DP-3 layout=tall n=0 ratio=0.65 fläche=1920x1080+0+0
2026-09-06T19:05:11+02:00 HAL9000 kwin_wayland[61993]: kwin-xmonad-lite: diagnose a89f5ec2-ab8e-4108-8088-7118500a3aab|89539ae6-e06b-4c76-a057-95df959578a9|DP-3 order={6658706e-cba1-4c2d-a787-bb8cc7a3b605} teilnehmer= float=
2026-09-06T19:05:11+02:00 HAL9000 kwin_wayland[61993]: atomic commit failed: Permission denied
2026-09-06T19:05:11+02:00 HAL9000 kwin_wayland[61993]: Failed to find a working output layer configuration! Enabled layers:
2026-09-06T19:05:11+02:00 HAL9000 kwin_wayland[61993]: src KWin::RectF(0,0 1920x1080) -> dst KWin::Rect(0,0 1920x1080)
2026-09-06T19:05:11+02:00 HAL9000 kwin_wayland[61993]: Applying output configuration failed!
2026-09-06T19:05:11+02:00 HAL9000 kwin_wayland[61993]: kwin-xmonad-lite: arrange #3 grund=screensChanged surfaces=1 mitglieder=1 teilnehmer=0
2026-09-06T19:05:11+02:00 HAL9000 kwin_wayland[61993]: kwin-xmonad-lite: surface a89f5ec2-ab8e-4108-8088-7118500a3aab|89539ae6-e06b-4c76-a057-95df959578a9|DP-3 layout=tall n=0 ratio=0.65 fläche=1920x1080+0+0
2026-09-06T19:05:11+02:00 HAL9000 kwin_wayland[61993]: kwin-xmonad-lite: diagnose a89f5ec2-ab8e-4108-8088-7118500a3aab|89539ae6-e06b-4c76-a057-95df959578a9|DP-3 order={6658706e-cba1-4c2d-a787-bb8cc7a3b605} teilnehmer= float=
2026-09-06T19:05:11+02:00 HAL9000 kwin_wayland[61993]: kwin-xmonad-lite: arrange #4 grund=nachlauf500:screensChanged surfaces=1 mitglieder=1 teilnehmer=0
2026-09-06T19:05:11+02:00 HAL9000 kwin_wayland[61993]: kwin-xmonad-lite: surface a89f5ec2-ab8e-4108-8088-7118500a3aab|89539ae6-e06b-4c76-a057-95df959578a9|DP-3 layout=tall n=0 ratio=0.65 fläche=1920x1080+0+0
2026-09-06T19:05:11+02:00 HAL9000 kwin_wayland[61993]: kwin-xmonad-lite: diagnose a89f5ec2-ab8e-4108-8088-7118500a3aab|89539ae6-e06b-4c76-a057-95df959578a9|DP-3 order={6658706e-cba1-4c2d-a787-bb8cc7a3b605} teilnehmer= float=
2026-09-06T19:05:12+02:00 HAL9000 kwin_wayland[61993]: kwin-xmonad-lite: arrange #5 grund=windowActivated,windowAdded surfaces=1 mitglieder=1 teilnehmer=0
2026-09-06T19:05:12+02:00 HAL9000 kwin_wayland[61993]: kwin-xmonad-lite: surface a89f5ec2-ab8e-4108-8088-7118500a3aab|89539ae6-e06b-4c76-a057-95df959578a9|DP-3 layout=tall n=0 ratio=0.65 fläche=1920x1080+0+0
2026-09-06T19:05:12+02:00 HAL9000 kwin_wayland[61993]: kwin-xmonad-lite: diagnose a89f5ec2-ab8e-4108-8088-7118500a3aab|89539ae6-e06b-4c76-a057-95df959578a9|DP-3 order={6658706e-cba1-4c2d-a787-bb8cc7a3b605} teilnehmer= float=
2026-09-06T19:05:12+02:00 HAL9000 kwin_wayland[61993]: kwin-xmonad-lite: arrange #6 grund=windowActivated,windowAdded surfaces=1 mitglieder=2 teilnehmer=1
2026-09-06T19:05:12+02:00 HAL9000 kwin_wayland[61993]: kwin-xmonad-lite: surface a89f5ec2-ab8e-4108-8088-7118500a3aab|89539ae6-e06b-4c76-a057-95df959578a9|DP-3 layout=tall n=1 ratio=0.65 fläche=1920x1080+0+0
2026-09-06T19:05:12+02:00 HAL9000 kwin_wayland[61993]: kwin-xmonad-lite: diagnose a89f5ec2-ab8e-4108-8088-7118500a3aab|89539ae6-e06b-4c76-a057-95df959578a9|DP-3 order={10070b1d-f927-45b5-a9a8-c511a442330d},{6658706e-cba1-4c2d-a787-bb8cc7a3b605} teilnehmer={10070b1d-f927-45b5-a9a8-c511a442330d} float=
2026-09-06T19:05:12+02:00 HAL9000 kwin_wayland[61993]: kwin-xmonad-lite: apply {10070b1d-f927-45b5-a9a8-c511a442330d} soll=1904x1064+8+8
2026-09-06T19:05:12+02:00 HAL9000 kwin_wayland[61993]: kwin-xmonad-lite: nachbessern {10070b1d-f927-45b5-a9a8-c511a442330d} versuch=1 ist=540x478+690+301 soll=1904x1064+8+8
2026-09-06T19:05:12+02:00 HAL9000 kwin_wayland[61993]: Applying output configuration failed!
2026-09-06T19:05:12+02:00 HAL9000 kwin_wayland[61993]: kwin-xmonad-lite: arrange #7 grund=nachlauf1500:screensChanged surfaces=1 mitglieder=2 teilnehmer=1
2026-09-06T19:05:12+02:00 HAL9000 kwin_wayland[61993]: kwin-xmonad-lite: surface a89f5ec2-ab8e-4108-8088-7118500a3aab|89539ae6-e06b-4c76-a057-95df959578a9|DP-3 layout=tall n=1 ratio=0.65 fläche=1920x1080+0+0
2026-09-06T19:05:12+02:00 HAL9000 kwin_wayland[61993]: kwin-xmonad-lite: diagnose a89f5ec2-ab8e-4108-8088-7118500a3aab|89539ae6-e06b-4c76-a057-95df959578a9|DP-3 order={10070b1d-f927-45b5-a9a8-c511a442330d},{6658706e-cba1-4c2d-a787-bb8cc7a3b605} teilnehmer={10070b1d-f927-45b5-a9a8-c511a442330d} float=
2026-09-06T19:05:37+02:00 HAL9000 kwin_wayland[61993]: kwin-xmonad-lite: gc #8 fenster=1 surfaces=0
2026-09-06T19:05:37+02:00 HAL9000 kwin_wayland[61993]: kwin-xmonad-lite: arrange #8 grund=closed,windowRemoved surfaces=1 mitglieder=1 teilnehmer=1
2026-09-06T19:05:37+02:00 HAL9000 kwin_wayland[61993]: kwin-xmonad-lite: surface a89f5ec2-ab8e-4108-8088-7118500a3aab|89539ae6-e06b-4c76-a057-95df959578a9|DP-3 layout=tall n=1 ratio=0.65 fläche=1920x1080+0+0
2026-09-06T19:05:37+02:00 HAL9000 kwin_wayland[61993]: kwin-xmonad-lite: diagnose a89f5ec2-ab8e-4108-8088-7118500a3aab|89539ae6-e06b-4c76-a057-95df959578a9|DP-3 order={10070b1d-f927-45b5-a9a8-c511a442330d} teilnehmer={10070b1d-f927-45b5-a9a8-c511a442330d} float=
2026-09-06T19:06:04+02:00 HAL9000 kwin_wayland[61993]: kwin-xmonad-lite: arrange #9 grund=windowActivated,windowAdded surfaces=1 mitglieder=1 teilnehmer=1
2026-09-06T19:06:04+02:00 HAL9000 kwin_wayland[61993]: kwin-xmonad-lite: surface a89f5ec2-ab8e-4108-8088-7118500a3aab|89539ae6-e06b-4c76-a057-95df959578a9|DP-3 layout=tall n=1 ratio=0.65 fläche=1920x1080+0+0
2026-09-06T19:06:04+02:00 HAL9000 kwin_wayland[61993]: kwin-xmonad-lite: diagnose a89f5ec2-ab8e-4108-8088-7118500a3aab|89539ae6-e06b-4c76-a057-95df959578a9|DP-3 order={10070b1d-f927-45b5-a9a8-c511a442330d} teilnehmer={10070b1d-f927-45b5-a9a8-c511a442330d} float=
2026-09-06T19:06:40+02:00 HAL9000 kwin_wayland[61993]: kwin-xmonad-lite: arrange #10 grund=closed,windowActivated,windowRemoved surfaces=1 mitglieder=1 teilnehmer=1
2026-09-06T19:06:40+02:00 HAL9000 kwin_wayland[61993]: kwin-xmonad-lite: surface a89f5ec2-ab8e-4108-8088-7118500a3aab|89539ae6-e06b-4c76-a057-95df959578a9|DP-3 layout=tall n=1 ratio=0.65 fläche=1920x1080+0+0
2026-09-06T19:06:40+02:00 HAL9000 kwin_wayland[61993]: kwin-xmonad-lite: diagnose a89f5ec2-ab8e-4108-8088-7118500a3aab|89539ae6-e06b-4c76-a057-95df959578a9|DP-3 order={10070b1d-f927-45b5-a9a8-c511a442330d} teilnehmer={10070b1d-f927-45b5-a9a8-c511a442330d} float=
2026-09-06T19:06:44+02:00 HAL9000 kwin_wayland[61993]: kwin-xmonad-lite: arrange #11 grund=windowActivated,windowAdded surfaces=1 mitglieder=2 teilnehmer=2
2026-09-06T19:06:44+02:00 HAL9000 kwin_wayland[61993]: kwin-xmonad-lite: surface a89f5ec2-ab8e-4108-8088-7118500a3aab|89539ae6-e06b-4c76-a057-95df959578a9|DP-3 layout=tall n=2 ratio=0.65 fläche=1920x1080+0+0
2026-09-06T19:06:44+02:00 HAL9000 kwin_wayland[61993]: kwin-xmonad-lite: diagnose a89f5ec2-ab8e-4108-8088-7118500a3aab|89539ae6-e06b-4c76-a057-95df959578a9|DP-3 order={22f7ff04-36f5-4fa7-a35b-c48910af9a83},{10070b1d-f927-45b5-a9a8-c511a442330d} teilnehmer={22f7ff04-36f5-4fa7-a35b-c48910af9a83},{10070b1d-f927-45b5-a9a8-c511a442330d} float=
2026-09-06T19:06:44+02:00 HAL9000 kwin_wayland[61993]: kwin-xmonad-lite: apply {22f7ff04-36f5-4fa7-a35b-c48910af9a83} soll=1235x1064+8+8
2026-09-06T19:06:44+02:00 HAL9000 kwin_wayland[61993]: kwin-xmonad-lite: apply {10070b1d-f927-45b5-a9a8-c511a442330d} soll=665x1064+1247+8
2026-09-06T19:06:44+02:00 HAL9000 kwin_wayland[61993]: kwin-xmonad-lite: nachbessern {22f7ff04-36f5-4fa7-a35b-c48910af9a83} versuch=1 ist=1248x1050+336+15 soll=1235x1064+8+8
2026-09-06T19:06:44+02:00 HAL9000 kwin_wayland[61993]: kwin-xmonad-lite: nachbessern {22f7ff04-36f5-4fa7-a35b-c48910af9a83} versuch=2 ist=1248x1050+336+15 soll=1235x1064+8+8
2026-09-06T19:06:47+02:00 HAL9000 kwin_wayland[61993]: kwin-xmonad-lite: arrange #12 grund=windowActivated,windowAdded surfaces=1 mitglieder=3 teilnehmer=3
2026-09-06T19:06:47+02:00 HAL9000 kwin_wayland[61993]: kwin-xmonad-lite: surface a89f5ec2-ab8e-4108-8088-7118500a3aab|89539ae6-e06b-4c76-a057-95df959578a9|DP-3 layout=tall n=3 ratio=0.65 fläche=1920x1080+0+0
2026-09-06T19:06:47+02:00 HAL9000 kwin_wayland[61993]: kwin-xmonad-lite: diagnose a89f5ec2-ab8e-4108-8088-7118500a3aab|89539ae6-e06b-4c76-a057-95df959578a9|DP-3 order={730919ea-d75a-4430-85e2-69859b90e22e},{22f7ff04-36f5-4fa7-a35b-c48910af9a83},{10070b1d-f927-45b5-a9a8-c511a442330d} teilnehmer={730919ea-d75a-4430-85e2-69859b90e22e},{22f7ff04-36f5-4fa7-a35b-c48910af9a83},{10070b1d-f927-45b5-a9a8-c511a442330d} float=
2026-09-06T19:06:47+02:00 HAL9000 kwin_wayland[61993]: kwin-xmonad-lite: apply {730919ea-d75a-4430-85e2-69859b90e22e} soll=1235x1064+8+8
2026-09-06T19:06:47+02:00 HAL9000 kwin_wayland[61993]: kwin-xmonad-lite: apply {22f7ff04-36f5-4fa7-a35b-c48910af9a83} soll=665x530+1247+8
2026-09-06T19:06:47+02:00 HAL9000 kwin_wayland[61993]: kwin-xmonad-lite: apply {10070b1d-f927-45b5-a9a8-c511a442330d} soll=665x530+1247+542
2026-09-06T19:06:50+02:00 HAL9000 kwin_wayland[61993]: kwin-xmonad-lite: arrange #13 grund=windowActivated,windowAdded surfaces=1 mitglieder=4 teilnehmer=4
2026-09-06T19:06:50+02:00 HAL9000 kwin_wayland[61993]: kwin-xmonad-lite: surface a89f5ec2-ab8e-4108-8088-7118500a3aab|89539ae6-e06b-4c76-a057-95df959578a9|DP-3 layout=tall n=4 ratio=0.65 fläche=1920x1080+0+0
2026-09-06T19:06:50+02:00 HAL9000 kwin_wayland[61993]: kwin-xmonad-lite: diagnose a89f5ec2-ab8e-4108-8088-7118500a3aab|89539ae6-e06b-4c76-a057-95df959578a9|DP-3 order={8208b743-bcc5-4c1b-b57b-b5afe2be7607},{730919ea-d75a-4430-85e2-69859b90e22e},{22f7ff04-36f5-4fa7-a35b-c48910af9a83},{10070b1d-f927-45b5-a9a8-c511a442330d} teilnehmer={8208b743-bcc5-4c1b-b57b-b5afe2be7607},{730919ea-d75a-4430-85e2-69859b90e22e},{22f7ff04-36f5-4fa7-a35b-c48910af9a83},{10070b1d-f927-45b5-a9a8-c511a442330d} float=
2026-09-06T19:06:50+02:00 HAL9000 kwin_wayland[61993]: kwin-xmonad-lite: apply {8208b743-bcc5-4c1b-b57b-b5afe2be7607} soll=1235x1064+8+8
2026-09-06T19:06:50+02:00 HAL9000 kwin_wayland[61993]: kwin-xmonad-lite: apply {730919ea-d75a-4430-85e2-69859b90e22e} soll=665x352+1247+8
2026-09-06T19:06:50+02:00 HAL9000 kwin_wayland[61993]: kwin-xmonad-lite: apply {22f7ff04-36f5-4fa7-a35b-c48910af9a83} soll=665x352+1247+364
2026-09-06T19:06:50+02:00 HAL9000 kwin_wayland[61993]: kwin-xmonad-lite: apply {10070b1d-f927-45b5-a9a8-c511a442330d} soll=665x450+1247+630
2026-09-06T19:07:47+02:00 HAL9000 kwin_wayland[61993]: kwin-xmonad-lite: gc #14 fenster=1 surfaces=0
2026-09-06T19:07:47+02:00 HAL9000 kwin_wayland[61993]: kwin-xmonad-lite: arrange #14 grund=closed,windowRemoved surfaces=1 mitglieder=3 teilnehmer=3
2026-09-06T19:07:47+02:00 HAL9000 kwin_wayland[61993]: kwin-xmonad-lite: surface a89f5ec2-ab8e-4108-8088-7118500a3aab|89539ae6-e06b-4c76-a057-95df959578a9|DP-3 layout=tall n=3 ratio=0.65 fläche=1920x1080+0+0
2026-09-06T19:07:47+02:00 HAL9000 kwin_wayland[61993]: kwin-xmonad-lite: diagnose a89f5ec2-ab8e-4108-8088-7118500a3aab|89539ae6-e06b-4c76-a057-95df959578a9|DP-3 order={8208b743-bcc5-4c1b-b57b-b5afe2be7607},{730919ea-d75a-4430-85e2-69859b90e22e},{22f7ff04-36f5-4fa7-a35b-c48910af9a83} teilnehmer={8208b743-bcc5-4c1b-b57b-b5afe2be7607},{730919ea-d75a-4430-85e2-69859b90e22e},{22f7ff04-36f5-4fa7-a35b-c48910af9a83} float=
2026-09-06T19:07:47+02:00 HAL9000 kwin_wayland[61993]: kwin-xmonad-lite: apply {730919ea-d75a-4430-85e2-69859b90e22e} soll=665x530+1247+8
2026-09-06T19:07:47+02:00 HAL9000 kwin_wayland[61993]: kwin-xmonad-lite: apply {22f7ff04-36f5-4fa7-a35b-c48910af9a83} soll=665x530+1247+542
2026-09-06T19:07:50+02:00 HAL9000 kwin_wayland[61993]: kwin-xmonad-lite: arrange #15 grund=windowAdded surfaces=1 mitglieder=3 teilnehmer=3
2026-09-06T19:07:50+02:00 HAL9000 kwin_wayland[61993]: kwin-xmonad-lite: surface a89f5ec2-ab8e-4108-8088-7118500a3aab|89539ae6-e06b-4c76-a057-95df959578a9|DP-3 layout=tall n=3 ratio=0.65 fläche=1920x1080+0+0
2026-09-06T19:07:50+02:00 HAL9000 kwin_wayland[61993]: kwin-xmonad-lite: diagnose a89f5ec2-ab8e-4108-8088-7118500a3aab|89539ae6-e06b-4c76-a057-95df959578a9|DP-3 order={8208b743-bcc5-4c1b-b57b-b5afe2be7607},{730919ea-d75a-4430-85e2-69859b90e22e},{22f7ff04-36f5-4fa7-a35b-c48910af9a83} teilnehmer={8208b743-bcc5-4c1b-b57b-b5afe2be7607},{730919ea-d75a-4430-85e2-69859b90e22e},{22f7ff04-36f5-4fa7-a35b-c48910af9a83} float=
2026-09-06T19:07:55+02:00 HAL9000 kwin_wayland[61993]: kwin-xmonad-lite: extern {22f7ff04-36f5-4fa7-a35b-c48910af9a83}
2026-09-06T19:07:55+02:00 HAL9000 kwin_wayland[61993]: kwin-xmonad-lite: dockHinzugefügt {baae83b0-4b4d-43bf-be1a-728a56dd0e92}
2026-09-06T19:07:55+02:00 HAL9000 kwin_wayland[61993]: kwin-xmonad-lite: extern {8208b743-bcc5-4c1b-b57b-b5afe2be7607}
2026-09-06T19:07:55+02:00 HAL9000 kwin_wayland[61993]: kwin-xmonad-lite: arrange #16 grund=geometrieExtern,windowAdded surfaces=1 mitglieder=3 teilnehmer=3
2026-09-06T19:07:55+02:00 HAL9000 kwin_wayland[61993]: kwin-xmonad-lite: surface a89f5ec2-ab8e-4108-8088-7118500a3aab|89539ae6-e06b-4c76-a057-95df959578a9|DP-3 layout=tall n=3 ratio=0.65 fläche=1920x1050+0+0
2026-09-06T19:07:55+02:00 HAL9000 kwin_wayland[61993]: kwin-xmonad-lite: diagnose a89f5ec2-ab8e-4108-8088-7118500a3aab|89539ae6-e06b-4c76-a057-95df959578a9|DP-3 order={8208b743-bcc5-4c1b-b57b-b5afe2be7607},{730919ea-d75a-4430-85e2-69859b90e22e},{22f7ff04-36f5-4fa7-a35b-c48910af9a83} teilnehmer={8208b743-bcc5-4c1b-b57b-b5afe2be7607},{730919ea-d75a-4430-85e2-69859b90e22e},{22f7ff04-36f5-4fa7-a35b-c48910af9a83} float=
2026-09-06T19:07:55+02:00 HAL9000 kwin_wayland[61993]: kwin-xmonad-lite: apply {8208b743-bcc5-4c1b-b57b-b5afe2be7607} soll=1235x1034+8+8
2026-09-06T19:07:55+02:00 HAL9000 kwin_wayland[61993]: kwin-xmonad-lite: apply {730919ea-d75a-4430-85e2-69859b90e22e} soll=665x515+1247+8
2026-09-06T19:07:55+02:00 HAL9000 kwin_wayland[61993]: kwin-xmonad-lite: apply {22f7ff04-36f5-4fa7-a35b-c48910af9a83} soll=665x515+1247+527
2026-09-06T19:07:55+02:00 HAL9000 kwin_wayland[61993]: kwin-xmonad-lite: arrange #17 grund=nachlauf500:dockHinzugefügt surfaces=1 mitglieder=3 teilnehmer=3
2026-09-06T19:07:55+02:00 HAL9000 kwin_wayland[61993]: kwin-xmonad-lite: surface a89f5ec2-ab8e-4108-8088-7118500a3aab|89539ae6-e06b-4c76-a057-95df959578a9|DP-3 layout=tall n=3 ratio=0.65 fläche=1920x1050+0+0
2026-09-06T19:07:55+02:00 HAL9000 kwin_wayland[61993]: kwin-xmonad-lite: diagnose a89f5ec2-ab8e-4108-8088-7118500a3aab|89539ae6-e06b-4c76-a057-95df959578a9|DP-3 order={8208b743-bcc5-4c1b-b57b-b5afe2be7607},{730919ea-d75a-4430-85e2-69859b90e22e},{22f7ff04-36f5-4fa7-a35b-c48910af9a83} teilnehmer={8208b743-bcc5-4c1b-b57b-b5afe2be7607},{730919ea-d75a-4430-85e2-69859b90e22e},{22f7ff04-36f5-4fa7-a35b-c48910af9a83} float=
2026-09-06T19:07:56+02:00 HAL9000 kwin_wayland[61993]: kwin-xmonad-lite: arrange #18 grund=nachlauf1500:dockHinzugefügt surfaces=1 mitglieder=3 teilnehmer=3
2026-09-06T19:07:56+02:00 HAL9000 kwin_wayland[61993]: kwin-xmonad-lite: surface a89f5ec2-ab8e-4108-8088-7118500a3aab|89539ae6-e06b-4c76-a057-95df959578a9|DP-3 layout=tall n=3 ratio=0.65 fläche=1920x1050+0+0
2026-09-06T19:07:56+02:00 HAL9000 kwin_wayland[61993]: kwin-xmonad-lite: diagnose a89f5ec2-ab8e-4108-8088-7118500a3aab|89539ae6-e06b-4c76-a057-95df959578a9|DP-3 order={8208b743-bcc5-4c1b-b57b-b5afe2be7607},{730919ea-d75a-4430-85e2-69859b90e22e},{22f7ff04-36f5-4fa7-a35b-c48910af9a83} teilnehmer={8208b743-bcc5-4c1b-b57b-b5afe2be7607},{730919ea-d75a-4430-85e2-69859b90e22e},{22f7ff04-36f5-4fa7-a35b-c48910af9a83} float=
2026-09-06T19:10:18+02:00 HAL9000 kwin_wayland[61993]: kwin-xmonad-lite: befehl shrink surface=a89f5ec2-ab8e-4108-8088-7118500a3aab|89539ae6-e06b-4c76-a057-95df959578a9|DP-3 via=aktiv ratio=0.6
2026-09-06T19:10:18+02:00 HAL9000 kwin_wayland[61993]: kwin-xmonad-lite: arrange #19 grund=shortcut:shrink surfaces=1 mitglieder=3 teilnehmer=3
2026-09-06T19:10:18+02:00 HAL9000 kwin_wayland[61993]: kwin-xmonad-lite: surface a89f5ec2-ab8e-4108-8088-7118500a3aab|89539ae6-e06b-4c76-a057-95df959578a9|DP-3 layout=tall n=3 ratio=0.6 fläche=1920x1050+0+0
2026-09-06T19:10:18+02:00 HAL9000 kwin_wayland[61993]: kwin-xmonad-lite: diagnose a89f5ec2-ab8e-4108-8088-7118500a3aab|89539ae6-e06b-4c76-a057-95df959578a9|DP-3 order={8208b743-bcc5-4c1b-b57b-b5afe2be7607},{730919ea-d75a-4430-85e2-69859b90e22e},{22f7ff04-36f5-4fa7-a35b-c48910af9a83} teilnehmer={8208b743-bcc5-4c1b-b57b-b5afe2be7607},{730919ea-d75a-4430-85e2-69859b90e22e},{22f7ff04-36f5-4fa7-a35b-c48910af9a83} float=
2026-09-06T19:10:18+02:00 HAL9000 kwin_wayland[61993]: kwin-xmonad-lite: apply {8208b743-bcc5-4c1b-b57b-b5afe2be7607} soll=1140x1034+8+8
2026-09-06T19:10:18+02:00 HAL9000 kwin_wayland[61993]: kwin-xmonad-lite: apply {730919ea-d75a-4430-85e2-69859b90e22e} soll=760x515+1152+8
2026-09-06T19:10:18+02:00 HAL9000 kwin_wayland[61993]: kwin-xmonad-lite: apply {22f7ff04-36f5-4fa7-a35b-c48910af9a83} soll=760x515+1152+527
2026-09-06T19:10:20+02:00 HAL9000 kwin_wayland[61993]: kwin-xmonad-lite: befehl shrink surface=a89f5ec2-ab8e-4108-8088-7118500a3aab|89539ae6-e06b-4c76-a057-95df959578a9|DP-3 via=aktiv ratio=0.55
2026-09-06T19:10:20+02:00 HAL9000 kwin_wayland[61993]: kwin-xmonad-lite: arrange #20 grund=shortcut:shrink surfaces=1 mitglieder=3 teilnehmer=3
2026-09-06T19:10:20+02:00 HAL9000 kwin_wayland[61993]: kwin-xmonad-lite: surface a89f5ec2-ab8e-4108-8088-7118500a3aab|89539ae6-e06b-4c76-a057-95df959578a9|DP-3 layout=tall n=3 ratio=0.55 fläche=1920x1050+0+0
2026-09-06T19:10:20+02:00 HAL9000 kwin_wayland[61993]: kwin-xmonad-lite: diagnose a89f5ec2-ab8e-4108-8088-7118500a3aab|89539ae6-e06b-4c76-a057-95df959578a9|DP-3 order={8208b743-bcc5-4c1b-b57b-b5afe2be7607},{730919ea-d75a-4430-85e2-69859b90e22e},{22f7ff04-36f5-4fa7-a35b-c48910af9a83} teilnehmer={8208b743-bcc5-4c1b-b57b-b5afe2be7607},{730919ea-d75a-4430-85e2-69859b90e22e},{22f7ff04-36f5-4fa7-a35b-c48910af9a83} float=
2026-09-06T19:10:20+02:00 HAL9000 kwin_wayland[61993]: kwin-xmonad-lite: apply {8208b743-bcc5-4c1b-b57b-b5afe2be7607} soll=1045x1034+8+8
2026-09-06T19:10:20+02:00 HAL9000 kwin_wayland[61993]: kwin-xmonad-lite: apply {730919ea-d75a-4430-85e2-69859b90e22e} soll=855x515+1057+8
2026-09-06T19:10:20+02:00 HAL9000 kwin_wayland[61993]: kwin-xmonad-lite: apply {22f7ff04-36f5-4fa7-a35b-c48910af9a83} soll=855x515+1057+527
2026-09-06T19:10:42+02:00 HAL9000 kwin_wayland[61993]: KXLGEO1 {"k":"meta","tag":"KXLGEO1","start":1788714642009,"perOutputDesktops":false,"outputs":1,"samples":[0,500,1500,3000],"titlePrefix":"kxl-","r":1788714642009,"n":0,"ms":0}
2026-09-06T19:10:42+02:00 HAL9000 kwin_wayland[61993]: KXLGEO1 {"k":"view","s":0,"key":"a89f5ec2-ab8e-4108-8088-7118500a3aab|89539ae6-e06b-4c76-a057-95df959578a9|DP-3","activity":"a89f5ec2-ab8e-4108-8088-7118500a3aab","desktop":"89539ae6-e06b-4c76-a057-95df959578a9","output":"DP-3","area":{"x":0,"y":0,"w":1920,"h":1050,"exakt":true},"r":1788714642009,"n":1,"ms":0}
2026-09-06T19:10:42+02:00 HAL9000 kwin_wayland[61993]: KXLGEO1 {"k":"active","s":0,"activeId":"{8208b743-bcc5-4c1b-b57b-b5afe2be7607}","r":1788714642009,"n":2,"ms":0}
2026-09-06T19:10:42+02:00 HAL9000 kwin_wayland[61993]: KXLGEO1 {"k":"win","s":0,"id":"{7c51b3a9-b042-4ad5-a1e8-e8275f9d7f0f}","cls":"org.kde.ksecretd","caption":"<Titel entfernt>","output":"DP-3","desktops":["89539ae6-e06b-4c76-a057-95df959578a9"],"activities":["a89f5ec2-ab8e-4108-8088-7118500a3aab"],"onAllDesktops":false,"geo":{"x":750,"y":433,"w":420,"h":214,"exakt":true},"min":{"w":420,"h":186},"max":{"w":420,"h":186},"fullScreen":false,"minimized":false,"maximizeMode":0,"moveable":true,"resizeable":false,"move":false,"resize":false,"managed":true,"deleted":false,"normalWindow":true,"specialWindow":false,"popupWindow":false,"dialog":false,"utility":false,"splash":false,"dock":false,"transient":false,"modal":true,"transientFor":null,"r":1788714642009,"n":3,"ms":0}
2026-09-06T19:10:42+02:00 HAL9000 kwin_wayland[61993]: KXLGEO1 {"k":"win","s":0,"id":"{22f7ff04-36f5-4fa7-a35b-c48910af9a83}","cls":"org.kde.kwrite","caption":"kxl-g1.txt — KWrite","output":"DP-3","desktops":["89539ae6-e06b-4c76-a057-95df959578a9"],"activities":["a89f5ec2-ab8e-4108-8088-7118500a3aab"],"onAllDesktops":false,"geo":{"x":1057,"y":527,"w":855,"h":515,"exakt":true},"min":{"w":157,"h":150},"max":{"w":2147483647,"h":2147483647},"fullScreen":false,"minimized":false,"maximizeMode":0,"moveable":true,"resizeable":true,"move":false,"resize":false,"managed":true,"deleted":false,"normalWindow":true,"specialWindow":false,"popupWindow":false,"dialog":false,"utility":false,"splash":false,"dock":false,"transient":false,"modal":false,"transientFor":null,"r":1788714642009,"n":4,"ms":1}
2026-09-06T19:10:42+02:00 HAL9000 kwin_wayland[61993]: KXLGEO1 {"k":"win","s":0,"id":"{730919ea-d75a-4430-85e2-69859b90e22e}","cls":"org.kde.kwrite","caption":"kxl-g2.txt — KWrite","output":"DP-3","desktops":["89539ae6-e06b-4c76-a057-95df959578a9"],"activities":["a89f5ec2-ab8e-4108-8088-7118500a3aab"],"onAllDesktops":false,"geo":{"x":1057,"y":8,"w":855,"h":515,"exakt":true},"min":{"w":157,"h":150},"max":{"w":2147483647,"h":2147483647},"fullScreen":false,"minimized":false,"maximizeMode":0,"moveable":true,"resizeable":true,"move":false,"resize":false,"managed":true,"deleted":false,"normalWindow":true,"specialWindow":false,"popupWindow":false,"dialog":false,"utility":false,"splash":false,"dock":false,"transient":false,"modal":false,"transientFor":null,"r":1788714642009,"n":5,"ms":1}
2026-09-06T19:10:42+02:00 HAL9000 kwin_wayland[61993]: KXLGEO1 {"k":"win","s":0,"id":"{8208b743-bcc5-4c1b-b57b-b5afe2be7607}","cls":"org.kde.kwrite","caption":"kxl-g3.txt — KWrite","output":"DP-3","desktops":["89539ae6-e06b-4c76-a057-95df959578a9"],"activities":["a89f5ec2-ab8e-4108-8088-7118500a3aab"],"onAllDesktops":false,"geo":{"x":8,"y":8,"w":1045,"h":1034,"exakt":true},"min":{"w":157,"h":150},"max":{"w":2147483647,"h":2147483647},"fullScreen":false,"minimized":false,"maximizeMode":0,"moveable":true,"resizeable":true,"move":false,"resize":false,"managed":true,"deleted":false,"normalWindow":true,"specialWindow":false,"popupWindow":false,"dialog":false,"utility":false,"splash":false,"dock":false,"transient":false,"modal":false,"transientFor":null,"r":1788714642009,"n":6,"ms":1}
2026-09-06T19:10:42+02:00 HAL9000 kwin_wayland[61993]: KXLGEO1 {"k":"win","s":0,"id":"{12889537-8241-4198-8329-c3c98048a352}","cls":"plasmashell","caption":"<Titel entfernt>","output":"DP-3","desktops":[],"activities":[],"onAllDesktops":true,"geo":{"x":0,"y":0,"w":1920,"h":1080,"exakt":true},"min":{"w":0,"h":0},"max":{"w":2147483647,"h":2147483647},"fullScreen":false,"minimized":false,"maximizeMode":0,"moveable":false,"resizeable":false,"move":false,"resize":false,"managed":true,"deleted":false,"normalWindow":false,"specialWindow":true,"popupWindow":false,"dialog":false,"utility":false,"splash":false,"dock":false,"transient":false,"modal":false,"transientFor":null,"r":1788714642009,"n":7,"ms":1}
2026-09-06T19:10:42+02:00 HAL9000 kwin_wayland[61993]: KXLGEO1 {"k":"win","s":0,"id":"{baae83b0-4b4d-43bf-be1a-728a56dd0e92}","cls":"plasmashell","caption":"<Titel entfernt>","output":"DP-3","desktops":[],"activities":[],"onAllDesktops":true,"geo":{"x":0,"y":1050,"w":1920,"h":30,"exakt":true},"min":{"w":0,"h":0},"max":{"w":2147483647,"h":2147483647},"fullScreen":false,"minimized":false,"maximizeMode":0,"moveable":false,"resizeable":false,"move":false,"resize":false,"managed":true,"deleted":false,"normalWindow":false,"specialWindow":true,"popupWindow":false,"dialog":false,"utility":false,"splash":false,"dock":true,"transient":false,"modal":false,"transientFor":null,"r":1788714642009,"n":8,"ms":1}
2026-09-06T19:10:42+02:00 HAL9000 kwin_wayland[61993]: KXLGEO1 {"k":"view","s":1,"key":"a89f5ec2-ab8e-4108-8088-7118500a3aab|89539ae6-e06b-4c76-a057-95df959578a9|DP-3","activity":"a89f5ec2-ab8e-4108-8088-7118500a3aab","desktop":"89539ae6-e06b-4c76-a057-95df959578a9","output":"DP-3","area":{"x":0,"y":0,"w":1920,"h":1050,"exakt":true},"r":1788714642009,"n":9,"ms":477}
2026-09-06T19:10:42+02:00 HAL9000 kwin_wayland[61993]: KXLGEO1 {"k":"active","s":1,"activeId":"{8208b743-bcc5-4c1b-b57b-b5afe2be7607}","r":1788714642009,"n":10,"ms":477}
2026-09-06T19:10:42+02:00 HAL9000 kwin_wayland[61993]: KXLGEO1 {"k":"win","s":1,"id":"{7c51b3a9-b042-4ad5-a1e8-e8275f9d7f0f}","cls":"org.kde.ksecretd","caption":"<Titel entfernt>","output":"DP-3","desktops":["89539ae6-e06b-4c76-a057-95df959578a9"],"activities":["a89f5ec2-ab8e-4108-8088-7118500a3aab"],"onAllDesktops":false,"geo":{"x":750,"y":433,"w":420,"h":214,"exakt":true},"min":{"w":420,"h":186},"max":{"w":420,"h":186},"fullScreen":false,"minimized":false,"maximizeMode":0,"moveable":true,"resizeable":false,"move":false,"resize":false,"managed":true,"deleted":false,"normalWindow":true,"specialWindow":false,"popupWindow":false,"dialog":false,"utility":false,"splash":false,"dock":false,"transient":false,"modal":true,"transientFor":null,"r":1788714642009,"n":11,"ms":478}
2026-09-06T19:10:42+02:00 HAL9000 kwin_wayland[61993]: KXLGEO1 {"k":"win","s":1,"id":"{22f7ff04-36f5-4fa7-a35b-c48910af9a83}","cls":"org.kde.kwrite","caption":"kxl-g1.txt — KWrite","output":"DP-3","desktops":["89539ae6-e06b-4c76-a057-95df959578a9"],"activities":["a89f5ec2-ab8e-4108-8088-7118500a3aab"],"onAllDesktops":false,"geo":{"x":1057,"y":527,"w":855,"h":515,"exakt":true},"min":{"w":157,"h":150},"max":{"w":2147483647,"h":2147483647},"fullScreen":false,"minimized":false,"maximizeMode":0,"moveable":true,"resizeable":true,"move":false,"resize":false,"managed":true,"deleted":false,"normalWindow":true,"specialWindow":false,"popupWindow":false,"dialog":false,"utility":false,"splash":false,"dock":false,"transient":false,"modal":false,"transientFor":null,"r":1788714642009,"n":12,"ms":478}
2026-09-06T19:10:42+02:00 HAL9000 kwin_wayland[61993]: KXLGEO1 {"k":"win","s":1,"id":"{730919ea-d75a-4430-85e2-69859b90e22e}","cls":"org.kde.kwrite","caption":"kxl-g2.txt — KWrite","output":"DP-3","desktops":["89539ae6-e06b-4c76-a057-95df959578a9"],"activities":["a89f5ec2-ab8e-4108-8088-7118500a3aab"],"onAllDesktops":false,"geo":{"x":1057,"y":8,"w":855,"h":515,"exakt":true},"min":{"w":157,"h":150},"max":{"w":2147483647,"h":2147483647},"fullScreen":false,"minimized":false,"maximizeMode":0,"moveable":true,"resizeable":true,"move":false,"resize":false,"managed":true,"deleted":false,"normalWindow":true,"specialWindow":false,"popupWindow":false,"dialog":false,"utility":false,"splash":false,"dock":false,"transient":false,"modal":false,"transientFor":null,"r":1788714642009,"n":13,"ms":479}
2026-09-06T19:10:42+02:00 HAL9000 kwin_wayland[61993]: KXLGEO1 {"k":"win","s":1,"id":"{8208b743-bcc5-4c1b-b57b-b5afe2be7607}","cls":"org.kde.kwrite","caption":"kxl-g3.txt — KWrite","output":"DP-3","desktops":["89539ae6-e06b-4c76-a057-95df959578a9"],"activities":["a89f5ec2-ab8e-4108-8088-7118500a3aab"],"onAllDesktops":false,"geo":{"x":8,"y":8,"w":1045,"h":1034,"exakt":true},"min":{"w":157,"h":150},"max":{"w":2147483647,"h":2147483647},"fullScreen":false,"minimized":false,"maximizeMode":0,"moveable":true,"resizeable":true,"move":false,"resize":false,"managed":true,"deleted":false,"normalWindow":true,"specialWindow":false,"popupWindow":false,"dialog":false,"utility":false,"splash":false,"dock":false,"transient":false,"modal":false,"transientFor":null,"r":1788714642009,"n":14,"ms":479}
2026-09-06T19:10:42+02:00 HAL9000 kwin_wayland[61993]: KXLGEO1 {"k":"win","s":1,"id":"{12889537-8241-4198-8329-c3c98048a352}","cls":"plasmashell","caption":"<Titel entfernt>","output":"DP-3","desktops":[],"activities":[],"onAllDesktops":true,"geo":{"x":0,"y":0,"w":1920,"h":1080,"exakt":true},"min":{"w":0,"h":0},"max":{"w":2147483647,"h":2147483647},"fullScreen":false,"minimized":false,"maximizeMode":0,"moveable":false,"resizeable":false,"move":false,"resize":false,"managed":true,"deleted":false,"normalWindow":false,"specialWindow":true,"popupWindow":false,"dialog":false,"utility":false,"splash":false,"dock":false,"transient":false,"modal":false,"transientFor":null,"r":1788714642009,"n":15,"ms":480}
2026-09-06T19:10:42+02:00 HAL9000 kwin_wayland[61993]: KXLGEO1 {"k":"win","s":1,"id":"{baae83b0-4b4d-43bf-be1a-728a56dd0e92}","cls":"plasmashell","caption":"<Titel entfernt>","output":"DP-3","desktops":[],"activities":[],"onAllDesktops":true,"geo":{"x":0,"y":1050,"w":1920,"h":30,"exakt":true},"min":{"w":0,"h":0},"max":{"w":2147483647,"h":2147483647},"fullScreen":false,"minimized":false,"maximizeMode":0,"moveable":false,"resizeable":false,"move":false,"resize":false,"managed":true,"deleted":false,"normalWindow":false,"specialWindow":true,"popupWindow":false,"dialog":false,"utility":false,"splash":false,"dock":true,"transient":false,"modal":false,"transientFor":null,"r":1788714642009,"n":16,"ms":481}
2026-09-06T19:10:43+02:00 HAL9000 kwin_wayland[61993]: KXLGEO1 {"k":"view","s":2,"key":"a89f5ec2-ab8e-4108-8088-7118500a3aab|89539ae6-e06b-4c76-a057-95df959578a9|DP-3","activity":"a89f5ec2-ab8e-4108-8088-7118500a3aab","desktop":"89539ae6-e06b-4c76-a057-95df959578a9","output":"DP-3","area":{"x":0,"y":0,"w":1920,"h":1050,"exakt":true},"r":1788714642009,"n":17,"ms":1427}
2026-09-06T19:10:43+02:00 HAL9000 kwin_wayland[61993]: KXLGEO1 {"k":"active","s":2,"activeId":"{8208b743-bcc5-4c1b-b57b-b5afe2be7607}","r":1788714642009,"n":18,"ms":1428}
2026-09-06T19:10:43+02:00 HAL9000 kwin_wayland[61993]: KXLGEO1 {"k":"win","s":2,"id":"{7c51b3a9-b042-4ad5-a1e8-e8275f9d7f0f}","cls":"org.kde.ksecretd","caption":"<Titel entfernt>","output":"DP-3","desktops":["89539ae6-e06b-4c76-a057-95df959578a9"],"activities":["a89f5ec2-ab8e-4108-8088-7118500a3aab"],"onAllDesktops":false,"geo":{"x":750,"y":433,"w":420,"h":214,"exakt":true},"min":{"w":420,"h":186},"max":{"w":420,"h":186},"fullScreen":false,"minimized":false,"maximizeMode":0,"moveable":true,"resizeable":false,"move":false,"resize":false,"managed":true,"deleted":false,"normalWindow":true,"specialWindow":false,"popupWindow":false,"dialog":false,"utility":false,"splash":false,"dock":false,"transient":false,"modal":true,"transientFor":null,"r":1788714642009,"n":19,"ms":1428}
2026-09-06T19:10:43+02:00 HAL9000 kwin_wayland[61993]: KXLGEO1 {"k":"win","s":2,"id":"{22f7ff04-36f5-4fa7-a35b-c48910af9a83}","cls":"org.kde.kwrite","caption":"kxl-g1.txt — KWrite","output":"DP-3","desktops":["89539ae6-e06b-4c76-a057-95df959578a9"],"activities":["a89f5ec2-ab8e-4108-8088-7118500a3aab"],"onAllDesktops":false,"geo":{"x":1057,"y":527,"w":855,"h":515,"exakt":true},"min":{"w":157,"h":150},"max":{"w":2147483647,"h":2147483647},"fullScreen":false,"minimized":false,"maximizeMode":0,"moveable":true,"resizeable":true,"move":false,"resize":false,"managed":true,"deleted":false,"normalWindow":true,"specialWindow":false,"popupWindow":false,"dialog":false,"utility":false,"splash":false,"dock":false,"transient":false,"modal":false,"transientFor":null,"r":1788714642009,"n":20,"ms":1429}
2026-09-06T19:10:43+02:00 HAL9000 kwin_wayland[61993]: KXLGEO1 {"k":"win","s":2,"id":"{730919ea-d75a-4430-85e2-69859b90e22e}","cls":"org.kde.kwrite","caption":"kxl-g2.txt — KWrite","output":"DP-3","desktops":["89539ae6-e06b-4c76-a057-95df959578a9"],"activities":["a89f5ec2-ab8e-4108-8088-7118500a3aab"],"onAllDesktops":false,"geo":{"x":1057,"y":8,"w":855,"h":515,"exakt":true},"min":{"w":157,"h":150},"max":{"w":2147483647,"h":2147483647},"fullScreen":false,"minimized":false,"maximizeMode":0,"moveable":true,"resizeable":true,"move":false,"resize":false,"managed":true,"deleted":false,"normalWindow":true,"specialWindow":false,"popupWindow":false,"dialog":false,"utility":false,"splash":false,"dock":false,"transient":false,"modal":false,"transientFor":null,"r":1788714642009,"n":21,"ms":1429}
2026-09-06T19:10:43+02:00 HAL9000 kwin_wayland[61993]: KXLGEO1 {"k":"win","s":2,"id":"{8208b743-bcc5-4c1b-b57b-b5afe2be7607}","cls":"org.kde.kwrite","caption":"kxl-g3.txt — KWrite","output":"DP-3","desktops":["89539ae6-e06b-4c76-a057-95df959578a9"],"activities":["a89f5ec2-ab8e-4108-8088-7118500a3aab"],"onAllDesktops":false,"geo":{"x":8,"y":8,"w":1045,"h":1034,"exakt":true},"min":{"w":157,"h":150},"max":{"w":2147483647,"h":2147483647},"fullScreen":false,"minimized":false,"maximizeMode":0,"moveable":true,"resizeable":true,"move":false,"resize":false,"managed":true,"deleted":false,"normalWindow":true,"specialWindow":false,"popupWindow":false,"dialog":false,"utility":false,"splash":false,"dock":false,"transient":false,"modal":false,"transientFor":null,"r":1788714642009,"n":22,"ms":1430}
2026-09-06T19:10:43+02:00 HAL9000 kwin_wayland[61993]: KXLGEO1 {"k":"win","s":2,"id":"{12889537-8241-4198-8329-c3c98048a352}","cls":"plasmashell","caption":"<Titel entfernt>","output":"DP-3","desktops":[],"activities":[],"onAllDesktops":true,"geo":{"x":0,"y":0,"w":1920,"h":1080,"exakt":true},"min":{"w":0,"h":0},"max":{"w":2147483647,"h":2147483647},"fullScreen":false,"minimized":false,"maximizeMode":0,"moveable":false,"resizeable":false,"move":false,"resize":false,"managed":true,"deleted":false,"normalWindow":false,"specialWindow":true,"popupWindow":false,"dialog":false,"utility":false,"splash":false,"dock":false,"transient":false,"modal":false,"transientFor":null,"r":1788714642009,"n":23,"ms":1430}
2026-09-06T19:10:43+02:00 HAL9000 kwin_wayland[61993]: KXLGEO1 {"k":"win","s":2,"id":"{baae83b0-4b4d-43bf-be1a-728a56dd0e92}","cls":"plasmashell","caption":"<Titel entfernt>","output":"DP-3","desktops":[],"activities":[],"onAllDesktops":true,"geo":{"x":0,"y":1050,"w":1920,"h":30,"exakt":true},"min":{"w":0,"h":0},"max":{"w":2147483647,"h":2147483647},"fullScreen":false,"minimized":false,"maximizeMode":0,"moveable":false,"resizeable":false,"move":false,"resize":false,"managed":true,"deleted":false,"normalWindow":false,"specialWindow":true,"popupWindow":false,"dialog":false,"utility":false,"splash":false,"dock":true,"transient":false,"modal":false,"transientFor":null,"r":1788714642009,"n":24,"ms":1431}
2026-09-06T19:10:44+02:00 HAL9000 kwin_wayland[61993]: KXLGEO1 {"k":"view","s":3,"key":"a89f5ec2-ab8e-4108-8088-7118500a3aab|89539ae6-e06b-4c76-a057-95df959578a9|DP-3","activity":"a89f5ec2-ab8e-4108-8088-7118500a3aab","desktop":"89539ae6-e06b-4c76-a057-95df959578a9","output":"DP-3","area":{"x":0,"y":0,"w":1920,"h":1050,"exakt":true},"r":1788714642009,"n":25,"ms":2852}
2026-09-06T19:10:44+02:00 HAL9000 kwin_wayland[61993]: KXLGEO1 {"k":"active","s":3,"activeId":"{8208b743-bcc5-4c1b-b57b-b5afe2be7607}","r":1788714642009,"n":26,"ms":2853}
2026-09-06T19:10:44+02:00 HAL9000 kwin_wayland[61993]: KXLGEO1 {"k":"win","s":3,"id":"{7c51b3a9-b042-4ad5-a1e8-e8275f9d7f0f}","cls":"org.kde.ksecretd","caption":"<Titel entfernt>","output":"DP-3","desktops":["89539ae6-e06b-4c76-a057-95df959578a9"],"activities":["a89f5ec2-ab8e-4108-8088-7118500a3aab"],"onAllDesktops":false,"geo":{"x":750,"y":433,"w":420,"h":214,"exakt":true},"min":{"w":420,"h":186},"max":{"w":420,"h":186},"fullScreen":false,"minimized":false,"maximizeMode":0,"moveable":true,"resizeable":false,"move":false,"resize":false,"managed":true,"deleted":false,"normalWindow":true,"specialWindow":false,"popupWindow":false,"dialog":false,"utility":false,"splash":false,"dock":false,"transient":false,"modal":true,"transientFor":null,"r":1788714642009,"n":27,"ms":2854}
2026-09-06T19:10:44+02:00 HAL9000 kwin_wayland[61993]: KXLGEO1 {"k":"win","s":3,"id":"{22f7ff04-36f5-4fa7-a35b-c48910af9a83}","cls":"org.kde.kwrite","caption":"kxl-g1.txt — KWrite","output":"DP-3","desktops":["89539ae6-e06b-4c76-a057-95df959578a9"],"activities":["a89f5ec2-ab8e-4108-8088-7118500a3aab"],"onAllDesktops":false,"geo":{"x":1057,"y":527,"w":855,"h":515,"exakt":true},"min":{"w":157,"h":150},"max":{"w":2147483647,"h":2147483647},"fullScreen":false,"minimized":false,"maximizeMode":0,"moveable":true,"resizeable":true,"move":false,"resize":false,"managed":true,"deleted":false,"normalWindow":true,"specialWindow":false,"popupWindow":false,"dialog":false,"utility":false,"splash":false,"dock":false,"transient":false,"modal":false,"transientFor":null,"r":1788714642009,"n":28,"ms":2854}
2026-09-06T19:10:44+02:00 HAL9000 kwin_wayland[61993]: KXLGEO1 {"k":"win","s":3,"id":"{730919ea-d75a-4430-85e2-69859b90e22e}","cls":"org.kde.kwrite","caption":"kxl-g2.txt — KWrite","output":"DP-3","desktops":["89539ae6-e06b-4c76-a057-95df959578a9"],"activities":["a89f5ec2-ab8e-4108-8088-7118500a3aab"],"onAllDesktops":false,"geo":{"x":1057,"y":8,"w":855,"h":515,"exakt":true},"min":{"w":157,"h":150},"max":{"w":2147483647,"h":2147483647},"fullScreen":false,"minimized":false,"maximizeMode":0,"moveable":true,"resizeable":true,"move":false,"resize":false,"managed":true,"deleted":false,"normalWindow":true,"specialWindow":false,"popupWindow":false,"dialog":false,"utility":false,"splash":false,"dock":false,"transient":false,"modal":false,"transientFor":null,"r":1788714642009,"n":29,"ms":2855}
2026-09-06T19:10:44+02:00 HAL9000 kwin_wayland[61993]: KXLGEO1 {"k":"win","s":3,"id":"{8208b743-bcc5-4c1b-b57b-b5afe2be7607}","cls":"org.kde.kwrite","caption":"kxl-g3.txt — KWrite","output":"DP-3","desktops":["89539ae6-e06b-4c76-a057-95df959578a9"],"activities":["a89f5ec2-ab8e-4108-8088-7118500a3aab"],"onAllDesktops":false,"geo":{"x":8,"y":8,"w":1045,"h":1034,"exakt":true},"min":{"w":157,"h":150},"max":{"w":2147483647,"h":2147483647},"fullScreen":false,"minimized":false,"maximizeMode":0,"moveable":true,"resizeable":true,"move":false,"resize":false,"managed":true,"deleted":false,"normalWindow":true,"specialWindow":false,"popupWindow":false,"dialog":false,"utility":false,"splash":false,"dock":false,"transient":false,"modal":false,"transientFor":null,"r":1788714642009,"n":30,"ms":2856}
2026-09-06T19:10:44+02:00 HAL9000 kwin_wayland[61993]: KXLGEO1 {"k":"win","s":3,"id":"{12889537-8241-4198-8329-c3c98048a352}","cls":"plasmashell","caption":"<Titel entfernt>","output":"DP-3","desktops":[],"activities":[],"onAllDesktops":true,"geo":{"x":0,"y":0,"w":1920,"h":1080,"exakt":true},"min":{"w":0,"h":0},"max":{"w":2147483647,"h":2147483647},"fullScreen":false,"minimized":false,"maximizeMode":0,"moveable":false,"resizeable":false,"move":false,"resize":false,"managed":true,"deleted":false,"normalWindow":false,"specialWindow":true,"popupWindow":false,"dialog":false,"utility":false,"splash":false,"dock":false,"transient":false,"modal":false,"transientFor":null,"r":1788714642009,"n":31,"ms":2856}
2026-09-06T19:10:44+02:00 HAL9000 kwin_wayland[61993]: KXLGEO1 {"k":"win","s":3,"id":"{baae83b0-4b4d-43bf-be1a-728a56dd0e92}","cls":"plasmashell","caption":"<Titel entfernt>","output":"DP-3","desktops":[],"activities":[],"onAllDesktops":true,"geo":{"x":0,"y":1050,"w":1920,"h":30,"exakt":true},"min":{"w":0,"h":0},"max":{"w":2147483647,"h":2147483647},"fullScreen":false,"minimized":false,"maximizeMode":0,"moveable":false,"resizeable":false,"move":false,"resize":false,"managed":true,"deleted":false,"normalWindow":false,"specialWindow":true,"popupWindow":false,"dialog":false,"utility":false,"splash":false,"dock":true,"transient":false,"modal":false,"transientFor":null,"r":1788714642009,"n":32,"ms":2856}
2026-09-06T19:10:44+02:00 HAL9000 kwin_wayland[61993]: KXLGEO1 {"k":"end","st":"ok","total":33,"samples":4,"fehler":0,"timer_aktiv":0,"r":1788714642009,"n":33,"ms":2856}
2026-09-06T19:10:52+02:00 HAL9000 kwin_wayland[61993]: kwin-xmonad-lite: befehl nextLayout surface=a89f5ec2-ab8e-4108-8088-7118500a3aab|89539ae6-e06b-4c76-a057-95df959578a9|DP-3 via=aktiv layout=full
2026-09-06T19:10:52+02:00 HAL9000 kwin_wayland[61993]: kwin-xmonad-lite: arrange #21 grund=shortcut:nextLayout surfaces=1 mitglieder=3 teilnehmer=3
2026-09-06T19:10:52+02:00 HAL9000 kwin_wayland[61993]: kwin-xmonad-lite: surface a89f5ec2-ab8e-4108-8088-7118500a3aab|89539ae6-e06b-4c76-a057-95df959578a9|DP-3 layout=full n=3 ratio=0.55 fläche=1920x1050+0+0
2026-09-06T19:10:52+02:00 HAL9000 kwin_wayland[61993]: kwin-xmonad-lite: diagnose a89f5ec2-ab8e-4108-8088-7118500a3aab|89539ae6-e06b-4c76-a057-95df959578a9|DP-3 order={8208b743-bcc5-4c1b-b57b-b5afe2be7607},{730919ea-d75a-4430-85e2-69859b90e22e},{22f7ff04-36f5-4fa7-a35b-c48910af9a83} teilnehmer={8208b743-bcc5-4c1b-b57b-b5afe2be7607},{730919ea-d75a-4430-85e2-69859b90e22e},{22f7ff04-36f5-4fa7-a35b-c48910af9a83} float=
2026-09-06T19:10:52+02:00 HAL9000 kwin_wayland[61993]: kwin-xmonad-lite: apply {8208b743-bcc5-4c1b-b57b-b5afe2be7607} soll=1904x1034+8+8
2026-09-06T19:10:52+02:00 HAL9000 kwin_wayland[61993]: kwin-xmonad-lite: apply {730919ea-d75a-4430-85e2-69859b90e22e} soll=1904x1034+8+8
2026-09-06T19:10:52+02:00 HAL9000 kwin_wayland[61993]: kwin-xmonad-lite: apply {22f7ff04-36f5-4fa7-a35b-c48910af9a83} soll=1904x1034+8+8
2026-09-06T19:11:02+02:00 HAL9000 kwin_wayland[61993]: KXLGEO1 {"k":"meta","tag":"KXLGEO1","start":1788714662444,"perOutputDesktops":false,"outputs":1,"samples":[0,500,1500,3000],"titlePrefix":"kxl-","r":1788714662444,"n":0,"ms":0}
2026-09-06T19:11:02+02:00 HAL9000 kwin_wayland[61993]: KXLGEO1 {"k":"view","s":0,"key":"a89f5ec2-ab8e-4108-8088-7118500a3aab|89539ae6-e06b-4c76-a057-95df959578a9|DP-3","activity":"a89f5ec2-ab8e-4108-8088-7118500a3aab","desktop":"89539ae6-e06b-4c76-a057-95df959578a9","output":"DP-3","area":{"x":0,"y":0,"w":1920,"h":1050,"exakt":true},"r":1788714662444,"n":1,"ms":0}
2026-09-06T19:11:02+02:00 HAL9000 kwin_wayland[61993]: KXLGEO1 {"k":"active","s":0,"activeId":"{8208b743-bcc5-4c1b-b57b-b5afe2be7607}","r":1788714662444,"n":2,"ms":0}
2026-09-06T19:11:02+02:00 HAL9000 kwin_wayland[61993]: KXLGEO1 {"k":"win","s":0,"id":"{7c51b3a9-b042-4ad5-a1e8-e8275f9d7f0f}","cls":"org.kde.ksecretd","caption":"<Titel entfernt>","output":"DP-3","desktops":["89539ae6-e06b-4c76-a057-95df959578a9"],"activities":["a89f5ec2-ab8e-4108-8088-7118500a3aab"],"onAllDesktops":false,"geo":{"x":750,"y":433,"w":420,"h":214,"exakt":true},"min":{"w":420,"h":186},"max":{"w":420,"h":186},"fullScreen":false,"minimized":false,"maximizeMode":0,"moveable":true,"resizeable":false,"move":false,"resize":false,"managed":true,"deleted":false,"normalWindow":true,"specialWindow":false,"popupWindow":false,"dialog":false,"utility":false,"splash":false,"dock":false,"transient":false,"modal":true,"transientFor":null,"r":1788714662444,"n":3,"ms":0}
2026-09-06T19:11:02+02:00 HAL9000 kwin_wayland[61993]: KXLGEO1 {"k":"win","s":0,"id":"{22f7ff04-36f5-4fa7-a35b-c48910af9a83}","cls":"org.kde.kwrite","caption":"kxl-g1.txt — KWrite","output":"DP-3","desktops":["89539ae6-e06b-4c76-a057-95df959578a9"],"activities":["a89f5ec2-ab8e-4108-8088-7118500a3aab"],"onAllDesktops":false,"geo":{"x":8,"y":8,"w":1904,"h":1034,"exakt":true},"min":{"w":157,"h":150},"max":{"w":2147483647,"h":2147483647},"fullScreen":false,"minimized":false,"maximizeMode":0,"moveable":true,"resizeable":true,"move":false,"resize":false,"managed":true,"deleted":false,"normalWindow":true,"specialWindow":false,"popupWindow":false,"dialog":false,"utility":false,"splash":false,"dock":false,"transient":false,"modal":false,"transientFor":null,"r":1788714662444,"n":4,"ms":0}
2026-09-06T19:11:02+02:00 HAL9000 kwin_wayland[61993]: KXLGEO1 {"k":"win","s":0,"id":"{730919ea-d75a-4430-85e2-69859b90e22e}","cls":"org.kde.kwrite","caption":"kxl-g2.txt — KWrite","output":"DP-3","desktops":["89539ae6-e06b-4c76-a057-95df959578a9"],"activities":["a89f5ec2-ab8e-4108-8088-7118500a3aab"],"onAllDesktops":false,"geo":{"x":8,"y":8,"w":1904,"h":1034,"exakt":true},"min":{"w":157,"h":150},"max":{"w":2147483647,"h":2147483647},"fullScreen":false,"minimized":false,"maximizeMode":0,"moveable":true,"resizeable":true,"move":false,"resize":false,"managed":true,"deleted":false,"normalWindow":true,"specialWindow":false,"popupWindow":false,"dialog":false,"utility":false,"splash":false,"dock":false,"transient":false,"modal":false,"transientFor":null,"r":1788714662444,"n":5,"ms":0}
2026-09-06T19:11:02+02:00 HAL9000 kwin_wayland[61993]: KXLGEO1 {"k":"win","s":0,"id":"{8208b743-bcc5-4c1b-b57b-b5afe2be7607}","cls":"org.kde.kwrite","caption":"kxl-g3.txt — KWrite","output":"DP-3","desktops":["89539ae6-e06b-4c76-a057-95df959578a9"],"activities":["a89f5ec2-ab8e-4108-8088-7118500a3aab"],"onAllDesktops":false,"geo":{"x":8,"y":8,"w":1904,"h":1034,"exakt":true},"min":{"w":157,"h":150},"max":{"w":2147483647,"h":2147483647},"fullScreen":false,"minimized":false,"maximizeMode":0,"moveable":true,"resizeable":true,"move":false,"resize":false,"managed":true,"deleted":false,"normalWindow":true,"specialWindow":false,"popupWindow":false,"dialog":false,"utility":false,"splash":false,"dock":false,"transient":false,"modal":false,"transientFor":null,"r":1788714662444,"n":6,"ms":0}
2026-09-06T19:11:02+02:00 HAL9000 kwin_wayland[61993]: KXLGEO1 {"k":"win","s":0,"id":"{12889537-8241-4198-8329-c3c98048a352}","cls":"plasmashell","caption":"<Titel entfernt>","output":"DP-3","desktops":[],"activities":[],"onAllDesktops":true,"geo":{"x":0,"y":0,"w":1920,"h":1080,"exakt":true},"min":{"w":0,"h":0},"max":{"w":2147483647,"h":2147483647},"fullScreen":false,"minimized":false,"maximizeMode":0,"moveable":false,"resizeable":false,"move":false,"resize":false,"managed":true,"deleted":false,"normalWindow":false,"specialWindow":true,"popupWindow":false,"dialog":false,"utility":false,"splash":false,"dock":false,"transient":false,"modal":false,"transientFor":null,"r":1788714662444,"n":7,"ms":0}
2026-09-06T19:11:02+02:00 HAL9000 kwin_wayland[61993]: KXLGEO1 {"k":"win","s":0,"id":"{baae83b0-4b4d-43bf-be1a-728a56dd0e92}","cls":"plasmashell","caption":"<Titel entfernt>","output":"DP-3","desktops":[],"activities":[],"onAllDesktops":true,"geo":{"x":0,"y":1050,"w":1920,"h":30,"exakt":true},"min":{"w":0,"h":0},"max":{"w":2147483647,"h":2147483647},"fullScreen":false,"minimized":false,"maximizeMode":0,"moveable":false,"resizeable":false,"move":false,"resize":false,"managed":true,"deleted":false,"normalWindow":false,"specialWindow":true,"popupWindow":false,"dialog":false,"utility":false,"splash":false,"dock":true,"transient":false,"modal":false,"transientFor":null,"r":1788714662444,"n":8,"ms":0}
2026-09-06T19:11:02+02:00 HAL9000 kwin_wayland[61993]: KXLGEO1 {"k":"view","s":1,"key":"a89f5ec2-ab8e-4108-8088-7118500a3aab|89539ae6-e06b-4c76-a057-95df959578a9|DP-3","activity":"a89f5ec2-ab8e-4108-8088-7118500a3aab","desktop":"89539ae6-e06b-4c76-a057-95df959578a9","output":"DP-3","area":{"x":0,"y":0,"w":1920,"h":1050,"exakt":true},"r":1788714662444,"n":9,"ms":476}
2026-09-06T19:11:02+02:00 HAL9000 kwin_wayland[61993]: KXLGEO1 {"k":"active","s":1,"activeId":"{8208b743-bcc5-4c1b-b57b-b5afe2be7607}","r":1788714662444,"n":10,"ms":476}
2026-09-06T19:11:02+02:00 HAL9000 kwin_wayland[61993]: KXLGEO1 {"k":"win","s":1,"id":"{7c51b3a9-b042-4ad5-a1e8-e8275f9d7f0f}","cls":"org.kde.ksecretd","caption":"<Titel entfernt>","output":"DP-3","desktops":["89539ae6-e06b-4c76-a057-95df959578a9"],"activities":["a89f5ec2-ab8e-4108-8088-7118500a3aab"],"onAllDesktops":false,"geo":{"x":750,"y":433,"w":420,"h":214,"exakt":true},"min":{"w":420,"h":186},"max":{"w":420,"h":186},"fullScreen":false,"minimized":false,"maximizeMode":0,"moveable":true,"resizeable":false,"move":false,"resize":false,"managed":true,"deleted":false,"normalWindow":true,"specialWindow":false,"popupWindow":false,"dialog":false,"utility":false,"splash":false,"dock":false,"transient":false,"modal":true,"transientFor":null,"r":1788714662444,"n":11,"ms":477}
2026-09-06T19:11:02+02:00 HAL9000 kwin_wayland[61993]: KXLGEO1 {"k":"win","s":1,"id":"{22f7ff04-36f5-4fa7-a35b-c48910af9a83}","cls":"org.kde.kwrite","caption":"kxl-g1.txt — KWrite","output":"DP-3","desktops":["89539ae6-e06b-4c76-a057-95df959578a9"],"activities":["a89f5ec2-ab8e-4108-8088-7118500a3aab"],"onAllDesktops":false,"geo":{"x":8,"y":8,"w":1904,"h":1034,"exakt":true},"min":{"w":157,"h":150},"max":{"w":2147483647,"h":2147483647},"fullScreen":false,"minimized":false,"maximizeMode":0,"moveable":true,"resizeable":true,"move":false,"resize":false,"managed":true,"deleted":false,"normalWindow":true,"specialWindow":false,"popupWindow":false,"dialog":false,"utility":false,"splash":false,"dock":false,"transient":false,"modal":false,"transientFor":null,"r":1788714662444,"n":12,"ms":477}
2026-09-06T19:11:02+02:00 HAL9000 kwin_wayland[61993]: KXLGEO1 {"k":"win","s":1,"id":"{730919ea-d75a-4430-85e2-69859b90e22e}","cls":"org.kde.kwrite","caption":"kxl-g2.txt — KWrite","output":"DP-3","desktops":["89539ae6-e06b-4c76-a057-95df959578a9"],"activities":["a89f5ec2-ab8e-4108-8088-7118500a3aab"],"onAllDesktops":false,"geo":{"x":8,"y":8,"w":1904,"h":1034,"exakt":true},"min":{"w":157,"h":150},"max":{"w":2147483647,"h":2147483647},"fullScreen":false,"minimized":false,"maximizeMode":0,"moveable":true,"resizeable":true,"move":false,"resize":false,"managed":true,"deleted":false,"normalWindow":true,"specialWindow":false,"popupWindow":false,"dialog":false,"utility":false,"splash":false,"dock":false,"transient":false,"modal":false,"transientFor":null,"r":1788714662444,"n":13,"ms":478}
2026-09-06T19:11:02+02:00 HAL9000 kwin_wayland[61993]: KXLGEO1 {"k":"win","s":1,"id":"{8208b743-bcc5-4c1b-b57b-b5afe2be7607}","cls":"org.kde.kwrite","caption":"kxl-g3.txt — KWrite","output":"DP-3","desktops":["89539ae6-e06b-4c76-a057-95df959578a9"],"activities":["a89f5ec2-ab8e-4108-8088-7118500a3aab"],"onAllDesktops":false,"geo":{"x":8,"y":8,"w":1904,"h":1034,"exakt":true},"min":{"w":157,"h":150},"max":{"w":2147483647,"h":2147483647},"fullScreen":false,"minimized":false,"maximizeMode":0,"moveable":true,"resizeable":true,"move":false,"resize":false,"managed":true,"deleted":false,"normalWindow":true,"specialWindow":false,"popupWindow":false,"dialog":false,"utility":false,"splash":false,"dock":false,"transient":false,"modal":false,"transientFor":null,"r":1788714662444,"n":14,"ms":478}
2026-09-06T19:11:02+02:00 HAL9000 kwin_wayland[61993]: KXLGEO1 {"k":"win","s":1,"id":"{12889537-8241-4198-8329-c3c98048a352}","cls":"plasmashell","caption":"<Titel entfernt>","output":"DP-3","desktops":[],"activities":[],"onAllDesktops":true,"geo":{"x":0,"y":0,"w":1920,"h":1080,"exakt":true},"min":{"w":0,"h":0},"max":{"w":2147483647,"h":2147483647},"fullScreen":false,"minimized":false,"maximizeMode":0,"moveable":false,"resizeable":false,"move":false,"resize":false,"managed":true,"deleted":false,"normalWindow":false,"specialWindow":true,"popupWindow":false,"dialog":false,"utility":false,"splash":false,"dock":false,"transient":false,"modal":false,"transientFor":null,"r":1788714662444,"n":15,"ms":478}
2026-09-06T19:11:02+02:00 HAL9000 kwin_wayland[61993]: KXLGEO1 {"k":"win","s":1,"id":"{baae83b0-4b4d-43bf-be1a-728a56dd0e92}","cls":"plasmashell","caption":"<Titel entfernt>","output":"DP-3","desktops":[],"activities":[],"onAllDesktops":true,"geo":{"x":0,"y":1050,"w":1920,"h":30,"exakt":true},"min":{"w":0,"h":0},"max":{"w":2147483647,"h":2147483647},"fullScreen":false,"minimized":false,"maximizeMode":0,"moveable":false,"resizeable":false,"move":false,"resize":false,"managed":true,"deleted":false,"normalWindow":false,"specialWindow":true,"popupWindow":false,"dialog":false,"utility":false,"splash":false,"dock":true,"transient":false,"modal":false,"transientFor":null,"r":1788714662444,"n":16,"ms":479}
2026-09-06T19:11:03+02:00 HAL9000 kwin_wayland[61993]: KXLGEO1 {"k":"view","s":2,"key":"a89f5ec2-ab8e-4108-8088-7118500a3aab|89539ae6-e06b-4c76-a057-95df959578a9|DP-3","activity":"a89f5ec2-ab8e-4108-8088-7118500a3aab","desktop":"89539ae6-e06b-4c76-a057-95df959578a9","output":"DP-3","area":{"x":0,"y":0,"w":1920,"h":1050,"exakt":true},"r":1788714662444,"n":17,"ms":1426}
2026-09-06T19:11:03+02:00 HAL9000 kwin_wayland[61993]: KXLGEO1 {"k":"active","s":2,"activeId":"{8208b743-bcc5-4c1b-b57b-b5afe2be7607}","r":1788714662444,"n":18,"ms":1427}
2026-09-06T19:11:03+02:00 HAL9000 kwin_wayland[61993]: KXLGEO1 {"k":"win","s":2,"id":"{7c51b3a9-b042-4ad5-a1e8-e8275f9d7f0f}","cls":"org.kde.ksecretd","caption":"<Titel entfernt>","output":"DP-3","desktops":["89539ae6-e06b-4c76-a057-95df959578a9"],"activities":["a89f5ec2-ab8e-4108-8088-7118500a3aab"],"onAllDesktops":false,"geo":{"x":750,"y":433,"w":420,"h":214,"exakt":true},"min":{"w":420,"h":186},"max":{"w":420,"h":186},"fullScreen":false,"minimized":false,"maximizeMode":0,"moveable":true,"resizeable":false,"move":false,"resize":false,"managed":true,"deleted":false,"normalWindow":true,"specialWindow":false,"popupWindow":false,"dialog":false,"utility":false,"splash":false,"dock":false,"transient":false,"modal":true,"transientFor":null,"r":1788714662444,"n":19,"ms":1427}
2026-09-06T19:11:03+02:00 HAL9000 kwin_wayland[61993]: KXLGEO1 {"k":"win","s":2,"id":"{22f7ff04-36f5-4fa7-a35b-c48910af9a83}","cls":"org.kde.kwrite","caption":"kxl-g1.txt — KWrite","output":"DP-3","desktops":["89539ae6-e06b-4c76-a057-95df959578a9"],"activities":["a89f5ec2-ab8e-4108-8088-7118500a3aab"],"onAllDesktops":false,"geo":{"x":8,"y":8,"w":1904,"h":1034,"exakt":true},"min":{"w":157,"h":150},"max":{"w":2147483647,"h":2147483647},"fullScreen":false,"minimized":false,"maximizeMode":0,"moveable":true,"resizeable":true,"move":false,"resize":false,"managed":true,"deleted":false,"normalWindow":true,"specialWindow":false,"popupWindow":false,"dialog":false,"utility":false,"splash":false,"dock":false,"transient":false,"modal":false,"transientFor":null,"r":1788714662444,"n":20,"ms":1428}
2026-09-06T19:11:03+02:00 HAL9000 kwin_wayland[61993]: KXLGEO1 {"k":"win","s":2,"id":"{730919ea-d75a-4430-85e2-69859b90e22e}","cls":"org.kde.kwrite","caption":"kxl-g2.txt — KWrite","output":"DP-3","desktops":["89539ae6-e06b-4c76-a057-95df959578a9"],"activities":["a89f5ec2-ab8e-4108-8088-7118500a3aab"],"onAllDesktops":false,"geo":{"x":8,"y":8,"w":1904,"h":1034,"exakt":true},"min":{"w":157,"h":150},"max":{"w":2147483647,"h":2147483647},"fullScreen":false,"minimized":false,"maximizeMode":0,"moveable":true,"resizeable":true,"move":false,"resize":false,"managed":true,"deleted":false,"normalWindow":true,"specialWindow":false,"popupWindow":false,"dialog":false,"utility":false,"splash":false,"dock":false,"transient":false,"modal":false,"transientFor":null,"r":1788714662444,"n":21,"ms":1428}
2026-09-06T19:11:03+02:00 HAL9000 kwin_wayland[61993]: KXLGEO1 {"k":"win","s":2,"id":"{8208b743-bcc5-4c1b-b57b-b5afe2be7607}","cls":"org.kde.kwrite","caption":"kxl-g3.txt — KWrite","output":"DP-3","desktops":["89539ae6-e06b-4c76-a057-95df959578a9"],"activities":["a89f5ec2-ab8e-4108-8088-7118500a3aab"],"onAllDesktops":false,"geo":{"x":8,"y":8,"w":1904,"h":1034,"exakt":true},"min":{"w":157,"h":150},"max":{"w":2147483647,"h":2147483647},"fullScreen":false,"minimized":false,"maximizeMode":0,"moveable":true,"resizeable":true,"move":false,"resize":false,"managed":true,"deleted":false,"normalWindow":true,"specialWindow":false,"popupWindow":false,"dialog":false,"utility":false,"splash":false,"dock":false,"transient":false,"modal":false,"transientFor":null,"r":1788714662444,"n":22,"ms":1428}
2026-09-06T19:11:03+02:00 HAL9000 kwin_wayland[61993]: KXLGEO1 {"k":"win","s":2,"id":"{12889537-8241-4198-8329-c3c98048a352}","cls":"plasmashell","caption":"<Titel entfernt>","output":"DP-3","desktops":[],"activities":[],"onAllDesktops":true,"geo":{"x":0,"y":0,"w":1920,"h":1080,"exakt":true},"min":{"w":0,"h":0},"max":{"w":2147483647,"h":2147483647},"fullScreen":false,"minimized":false,"maximizeMode":0,"moveable":false,"resizeable":false,"move":false,"resize":false,"managed":true,"deleted":false,"normalWindow":false,"specialWindow":true,"popupWindow":false,"dialog":false,"utility":false,"splash":false,"dock":false,"transient":false,"modal":false,"transientFor":null,"r":1788714662444,"n":23,"ms":1428}
2026-09-06T19:11:03+02:00 HAL9000 kwin_wayland[61993]: KXLGEO1 {"k":"win","s":2,"id":"{baae83b0-4b4d-43bf-be1a-728a56dd0e92}","cls":"plasmashell","caption":"<Titel entfernt>","output":"DP-3","desktops":[],"activities":[],"onAllDesktops":true,"geo":{"x":0,"y":1050,"w":1920,"h":30,"exakt":true},"min":{"w":0,"h":0},"max":{"w":2147483647,"h":2147483647},"fullScreen":false,"minimized":false,"maximizeMode":0,"moveable":false,"resizeable":false,"move":false,"resize":false,"managed":true,"deleted":false,"normalWindow":false,"specialWindow":true,"popupWindow":false,"dialog":false,"utility":false,"splash":false,"dock":true,"transient":false,"modal":false,"transientFor":null,"r":1788714662444,"n":24,"ms":1429}
2026-09-06T19:11:05+02:00 HAL9000 kwin_wayland[61993]: KXLGEO1 {"k":"view","s":3,"key":"a89f5ec2-ab8e-4108-8088-7118500a3aab|89539ae6-e06b-4c76-a057-95df959578a9|DP-3","activity":"a89f5ec2-ab8e-4108-8088-7118500a3aab","desktop":"89539ae6-e06b-4c76-a057-95df959578a9","output":"DP-3","area":{"x":0,"y":0,"w":1920,"h":1050,"exakt":true},"r":1788714662444,"n":25,"ms":2871}
2026-09-06T19:11:05+02:00 HAL9000 kwin_wayland[61993]: KXLGEO1 {"k":"active","s":3,"activeId":"{8208b743-bcc5-4c1b-b57b-b5afe2be7607}","r":1788714662444,"n":26,"ms":2871}
2026-09-06T19:11:05+02:00 HAL9000 kwin_wayland[61993]: KXLGEO1 {"k":"win","s":3,"id":"{7c51b3a9-b042-4ad5-a1e8-e8275f9d7f0f}","cls":"org.kde.ksecretd","caption":"<Titel entfernt>","output":"DP-3","desktops":["89539ae6-e06b-4c76-a057-95df959578a9"],"activities":["a89f5ec2-ab8e-4108-8088-7118500a3aab"],"onAllDesktops":false,"geo":{"x":750,"y":433,"w":420,"h":214,"exakt":true},"min":{"w":420,"h":186},"max":{"w":420,"h":186},"fullScreen":false,"minimized":false,"maximizeMode":0,"moveable":true,"resizeable":false,"move":false,"resize":false,"managed":true,"deleted":false,"normalWindow":true,"specialWindow":false,"popupWindow":false,"dialog":false,"utility":false,"splash":false,"dock":false,"transient":false,"modal":true,"transientFor":null,"r":1788714662444,"n":27,"ms":2872}
2026-09-06T19:11:05+02:00 HAL9000 kwin_wayland[61993]: KXLGEO1 {"k":"win","s":3,"id":"{22f7ff04-36f5-4fa7-a35b-c48910af9a83}","cls":"org.kde.kwrite","caption":"kxl-g1.txt — KWrite","output":"DP-3","desktops":["89539ae6-e06b-4c76-a057-95df959578a9"],"activities":["a89f5ec2-ab8e-4108-8088-7118500a3aab"],"onAllDesktops":false,"geo":{"x":8,"y":8,"w":1904,"h":1034,"exakt":true},"min":{"w":157,"h":150},"max":{"w":2147483647,"h":2147483647},"fullScreen":false,"minimized":false,"maximizeMode":0,"moveable":true,"resizeable":true,"move":false,"resize":false,"managed":true,"deleted":false,"normalWindow":true,"specialWindow":false,"popupWindow":false,"dialog":false,"utility":false,"splash":false,"dock":false,"transient":false,"modal":false,"transientFor":null,"r":1788714662444,"n":28,"ms":2872}
2026-09-06T19:11:05+02:00 HAL9000 kwin_wayland[61993]: KXLGEO1 {"k":"win","s":3,"id":"{730919ea-d75a-4430-85e2-69859b90e22e}","cls":"org.kde.kwrite","caption":"kxl-g2.txt — KWrite","output":"DP-3","desktops":["89539ae6-e06b-4c76-a057-95df959578a9"],"activities":["a89f5ec2-ab8e-4108-8088-7118500a3aab"],"onAllDesktops":false,"geo":{"x":8,"y":8,"w":1904,"h":1034,"exakt":true},"min":{"w":157,"h":150},"max":{"w":2147483647,"h":2147483647},"fullScreen":false,"minimized":false,"maximizeMode":0,"moveable":true,"resizeable":true,"move":false,"resize":false,"managed":true,"deleted":false,"normalWindow":true,"specialWindow":false,"popupWindow":false,"dialog":false,"utility":false,"splash":false,"dock":false,"transient":false,"modal":false,"transientFor":null,"r":1788714662444,"n":29,"ms":2872}
2026-09-06T19:11:05+02:00 HAL9000 kwin_wayland[61993]: KXLGEO1 {"k":"win","s":3,"id":"{8208b743-bcc5-4c1b-b57b-b5afe2be7607}","cls":"org.kde.kwrite","caption":"kxl-g3.txt — KWrite","output":"DP-3","desktops":["89539ae6-e06b-4c76-a057-95df959578a9"],"activities":["a89f5ec2-ab8e-4108-8088-7118500a3aab"],"onAllDesktops":false,"geo":{"x":8,"y":8,"w":1904,"h":1034,"exakt":true},"min":{"w":157,"h":150},"max":{"w":2147483647,"h":2147483647},"fullScreen":false,"minimized":false,"maximizeMode":0,"moveable":true,"resizeable":true,"move":false,"resize":false,"managed":true,"deleted":false,"normalWindow":true,"specialWindow":false,"popupWindow":false,"dialog":false,"utility":false,"splash":false,"dock":false,"transient":false,"modal":false,"transientFor":null,"r":1788714662444,"n":30,"ms":2873}
2026-09-06T19:11:05+02:00 HAL9000 kwin_wayland[61993]: KXLGEO1 {"k":"win","s":3,"id":"{12889537-8241-4198-8329-c3c98048a352}","cls":"plasmashell","caption":"<Titel entfernt>","output":"DP-3","desktops":[],"activities":[],"onAllDesktops":true,"geo":{"x":0,"y":0,"w":1920,"h":1080,"exakt":true},"min":{"w":0,"h":0},"max":{"w":2147483647,"h":2147483647},"fullScreen":false,"minimized":false,"maximizeMode":0,"moveable":false,"resizeable":false,"move":false,"resize":false,"managed":true,"deleted":false,"normalWindow":false,"specialWindow":true,"popupWindow":false,"dialog":false,"utility":false,"splash":false,"dock":false,"transient":false,"modal":false,"transientFor":null,"r":1788714662444,"n":31,"ms":2873}
2026-09-06T19:11:05+02:00 HAL9000 kwin_wayland[61993]: KXLGEO1 {"k":"win","s":3,"id":"{baae83b0-4b4d-43bf-be1a-728a56dd0e92}","cls":"plasmashell","caption":"<Titel entfernt>","output":"DP-3","desktops":[],"activities":[],"onAllDesktops":true,"geo":{"x":0,"y":1050,"w":1920,"h":30,"exakt":true},"min":{"w":0,"h":0},"max":{"w":2147483647,"h":2147483647},"fullScreen":false,"minimized":false,"maximizeMode":0,"moveable":false,"resizeable":false,"move":false,"resize":false,"managed":true,"deleted":false,"normalWindow":false,"specialWindow":true,"popupWindow":false,"dialog":false,"utility":false,"splash":false,"dock":true,"transient":false,"modal":false,"transientFor":null,"r":1788714662444,"n":32,"ms":2873}
2026-09-06T19:11:05+02:00 HAL9000 kwin_wayland[61993]: KXLGEO1 {"k":"end","st":"ok","total":33,"samples":4,"fehler":0,"timer_aktiv":0,"r":1788714662444,"n":33,"ms":2873}
2026-09-06T19:11:17+02:00 HAL9000 kxl-abnahme[64902]: == Fall 25c Ende ==
