2026-09-06T19:35:40+02:00 HAL9000 kxl-abnahme[7334]: == AP7 Reihe Anfang ==
2026-09-06T19:35:45+02:00 HAL9000 kwin_wayland[2468]: kwin-xmonad-lite: geladen, Version 0.0.0
2026-09-06T19:35:45+02:00 HAL9000 kwin_wayland[2468]: kwin-xmonad-lite: bereit nach 1 Versuch(en), activities=1 outputs=2
2026-09-06T19:35:45+02:00 HAL9000 kwin_wayland[2468]: kwin-xmonad-lite: config gaps=0/0 ratio=0.65 layout=0 excludes=7 debug=true
2026-09-06T19:35:45+02:00 HAL9000 kwin_wayland[2468]: kwin-xmonad-lite: config excludes=kded6,krunner,plasmashell,polkit-kde-authentication-agent-1,steam_app_default,xwaylandvideobridge,yakuake
2026-09-06T19:35:45+02:00 HAL9000 kwin_wayland[2468]: kwin-xmonad-lite: shortcuts n=12
2026-09-06T19:35:45+02:00 HAL9000 kwin_wayland[2468]: kwin-xmonad-lite: bereit perOutputDesktops=false
2026-09-06T19:35:45+02:00 HAL9000 kwin_wayland[2468]: kwin-xmonad-lite: arrange #1 grund=start surfaces=2 mitglieder=0 teilnehmer=0
2026-09-06T19:36:47+02:00 HAL9000 kxl-abnahme[7438]: == Fall 26 Anfang ==
2026-09-06T19:36:48+02:00 HAL9000 kwin_wayland[2468]: kwin-xmonad-lite: arrange #2 grund=windowActivated,windowAdded surfaces=2 mitglieder=1 teilnehmer=1
2026-09-06T19:36:48+02:00 HAL9000 kwin_wayland[2468]: kwin-xmonad-lite: surface a89f5ec2-ab8e-4108-8088-7118500a3aab|89539ae6-e06b-4c76-a057-95df959578a9|DP-3 layout=tall n=1 ratio=0.65 fläche=1920x1050+0+0
2026-09-06T19:36:48+02:00 HAL9000 kwin_wayland[2468]: kwin-xmonad-lite: diagnose a89f5ec2-ab8e-4108-8088-7118500a3aab|89539ae6-e06b-4c76-a057-95df959578a9|DP-3 order={28bdcf93-d890-4900-92bc-8851b8097194} teilnehmer={28bdcf93-d890-4900-92bc-8851b8097194} float=
2026-09-06T19:36:48+02:00 HAL9000 kwin_wayland[2468]: kwin-xmonad-lite: apply {28bdcf93-d890-4900-92bc-8851b8097194} soll=1920x1050+0+0
2026-09-06T19:36:51+02:00 HAL9000 kwin_wayland[2468]: kwin-xmonad-lite: arrange #3 grund=windowActivated,windowAdded surfaces=2 mitglieder=2 teilnehmer=2
2026-09-06T19:36:51+02:00 HAL9000 kwin_wayland[2468]: kwin-xmonad-lite: surface a89f5ec2-ab8e-4108-8088-7118500a3aab|89539ae6-e06b-4c76-a057-95df959578a9|DP-3 layout=tall n=2 ratio=0.65 fläche=1920x1050+0+0
2026-09-06T19:36:51+02:00 HAL9000 kwin_wayland[2468]: kwin-xmonad-lite: diagnose a89f5ec2-ab8e-4108-8088-7118500a3aab|89539ae6-e06b-4c76-a057-95df959578a9|DP-3 order={38b7d072-075b-409d-8a6f-014d9c819ff5},{28bdcf93-d890-4900-92bc-8851b8097194} teilnehmer={38b7d072-075b-409d-8a6f-014d9c819ff5},{28bdcf93-d890-4900-92bc-8851b8097194} float=
2026-09-06T19:36:51+02:00 HAL9000 kwin_wayland[2468]: kwin-xmonad-lite: apply {38b7d072-075b-409d-8a6f-014d9c819ff5} soll=1248x1050+0+0
2026-09-06T19:36:51+02:00 HAL9000 kwin_wayland[2468]: kwin-xmonad-lite: apply {28bdcf93-d890-4900-92bc-8851b8097194} soll=672x1050+1248+0
2026-09-06T19:36:54+02:00 HAL9000 kwin_wayland[2468]: kwin-xmonad-lite: arrange #4 grund=windowActivated,windowAdded surfaces=2 mitglieder=3 teilnehmer=3
2026-09-06T19:36:54+02:00 HAL9000 kwin_wayland[2468]: kwin-xmonad-lite: surface a89f5ec2-ab8e-4108-8088-7118500a3aab|89539ae6-e06b-4c76-a057-95df959578a9|DP-3 layout=tall n=3 ratio=0.65 fläche=1920x1050+0+0
2026-09-06T19:36:54+02:00 HAL9000 kwin_wayland[2468]: kwin-xmonad-lite: diagnose a89f5ec2-ab8e-4108-8088-7118500a3aab|89539ae6-e06b-4c76-a057-95df959578a9|DP-3 order={28cf93d9-18fe-460f-99bf-07a714706ddd},{38b7d072-075b-409d-8a6f-014d9c819ff5},{28bdcf93-d890-4900-92bc-8851b8097194} teilnehmer={28cf93d9-18fe-460f-99bf-07a714706ddd},{38b7d072-075b-409d-8a6f-014d9c819ff5},{28bdcf93-d890-4900-92bc-8851b8097194} float=
2026-09-06T19:36:54+02:00 HAL9000 kwin_wayland[2468]: kwin-xmonad-lite: apply {28cf93d9-18fe-460f-99bf-07a714706ddd} soll=1248x1050+0+0
2026-09-06T19:36:54+02:00 HAL9000 kwin_wayland[2468]: kwin-xmonad-lite: apply {38b7d072-075b-409d-8a6f-014d9c819ff5} soll=672x525+1248+0
2026-09-06T19:36:54+02:00 HAL9000 kwin_wayland[2468]: kwin-xmonad-lite: apply {28bdcf93-d890-4900-92bc-8851b8097194} soll=672x525+1248+525
2026-09-06T19:37:31+02:00 HAL9000 kwin_wayland[2468]: kwin-xmonad-lite: arrange #5 grund=windowActivated,windowAdded surfaces=2 mitglieder=4 teilnehmer=4
2026-09-06T19:37:31+02:00 HAL9000 kwin_wayland[2468]: kwin-xmonad-lite: surface a89f5ec2-ab8e-4108-8088-7118500a3aab|89539ae6-e06b-4c76-a057-95df959578a9|DP-3 layout=tall n=4 ratio=0.65 fläche=1920x1050+0+0
2026-09-06T19:37:31+02:00 HAL9000 kwin_wayland[2468]: kwin-xmonad-lite: diagnose a89f5ec2-ab8e-4108-8088-7118500a3aab|89539ae6-e06b-4c76-a057-95df959578a9|DP-3 order={9cea3fcd-22eb-447b-a180-9096201dc0af},{28cf93d9-18fe-460f-99bf-07a714706ddd},{38b7d072-075b-409d-8a6f-014d9c819ff5},{28bdcf93-d890-4900-92bc-8851b8097194} teilnehmer={9cea3fcd-22eb-447b-a180-9096201dc0af},{28cf93d9-18fe-460f-99bf-07a714706ddd},{38b7d072-075b-409d-8a6f-014d9c819ff5},{28bdcf93-d890-4900-92bc-8851b8097194} float=
2026-09-06T19:37:31+02:00 HAL9000 kwin_wayland[2468]: kwin-xmonad-lite: apply {9cea3fcd-22eb-447b-a180-9096201dc0af} soll=1248x1050+0+0
2026-09-06T19:37:31+02:00 HAL9000 kwin_wayland[2468]: kwin-xmonad-lite: apply {28cf93d9-18fe-460f-99bf-07a714706ddd} soll=672x350+1248+0
2026-09-06T19:37:31+02:00 HAL9000 kwin_wayland[2468]: kwin-xmonad-lite: apply {38b7d072-075b-409d-8a6f-014d9c819ff5} soll=672x350+1248+350
2026-09-06T19:37:31+02:00 HAL9000 kwin_wayland[2468]: kwin-xmonad-lite: apply {28bdcf93-d890-4900-92bc-8851b8097194} soll=672x350+1248+700
2026-09-06T19:37:34+02:00 HAL9000 kwin_wayland[2468]: kwin-xmonad-lite: extern {9cea3fcd-22eb-447b-a180-9096201dc0af}
2026-09-06T19:37:34+02:00 HAL9000 kwin_wayland[2468]: kwin-xmonad-lite: arrange #6 grund=geometrieExtern,fensterzustand surfaces=2 mitglieder=4 teilnehmer=4
2026-09-06T19:37:34+02:00 HAL9000 kwin_wayland[2468]: kwin-xmonad-lite: surface a89f5ec2-ab8e-4108-8088-7118500a3aab|89539ae6-e06b-4c76-a057-95df959578a9|eDP-1 layout=tall n=1 ratio=0.65 fläche=1920x1080+1920+0
2026-09-06T19:37:34+02:00 HAL9000 kwin_wayland[2468]: kwin-xmonad-lite: diagnose a89f5ec2-ab8e-4108-8088-7118500a3aab|89539ae6-e06b-4c76-a057-95df959578a9|eDP-1 order={9cea3fcd-22eb-447b-a180-9096201dc0af} teilnehmer={9cea3fcd-22eb-447b-a180-9096201dc0af} float=
2026-09-06T19:37:34+02:00 HAL9000 kwin_wayland[2468]: kwin-xmonad-lite: apply {9cea3fcd-22eb-447b-a180-9096201dc0af} soll=1920x1080+1920+0
2026-09-06T19:37:34+02:00 HAL9000 kwin_wayland[2468]: kwin-xmonad-lite: surface a89f5ec2-ab8e-4108-8088-7118500a3aab|89539ae6-e06b-4c76-a057-95df959578a9|DP-3 layout=tall n=3 ratio=0.65 fläche=1920x1050+0+0
2026-09-06T19:37:34+02:00 HAL9000 kwin_wayland[2468]: kwin-xmonad-lite: diagnose a89f5ec2-ab8e-4108-8088-7118500a3aab|89539ae6-e06b-4c76-a057-95df959578a9|DP-3 order={28cf93d9-18fe-460f-99bf-07a714706ddd},{38b7d072-075b-409d-8a6f-014d9c819ff5},{28bdcf93-d890-4900-92bc-8851b8097194} teilnehmer={28cf93d9-18fe-460f-99bf-07a714706ddd},{38b7d072-075b-409d-8a6f-014d9c819ff5},{28bdcf93-d890-4900-92bc-8851b8097194} float=
2026-09-06T19:37:34+02:00 HAL9000 kwin_wayland[2468]: kwin-xmonad-lite: apply {28cf93d9-18fe-460f-99bf-07a714706ddd} soll=1248x1050+0+0
2026-09-06T19:37:34+02:00 HAL9000 kwin_wayland[2468]: kwin-xmonad-lite: apply {38b7d072-075b-409d-8a6f-014d9c819ff5} soll=672x525+1248+0
2026-09-06T19:37:34+02:00 HAL9000 kwin_wayland[2468]: kwin-xmonad-lite: apply {28bdcf93-d890-4900-92bc-8851b8097194} soll=672x525+1248+525
2026-09-06T19:37:37+02:00 HAL9000 kwin_wayland[2468]: kwin-xmonad-lite: arrange #7 grund=windowActivated,windowAdded surfaces=2 mitglieder=5 teilnehmer=5
2026-09-06T19:37:37+02:00 HAL9000 kwin_wayland[2468]: kwin-xmonad-lite: surface a89f5ec2-ab8e-4108-8088-7118500a3aab|89539ae6-e06b-4c76-a057-95df959578a9|eDP-1 layout=tall n=2 ratio=0.65 fläche=1920x1080+1920+0
2026-09-06T19:37:37+02:00 HAL9000 kwin_wayland[2468]: kwin-xmonad-lite: diagnose a89f5ec2-ab8e-4108-8088-7118500a3aab|89539ae6-e06b-4c76-a057-95df959578a9|eDP-1 order={2758a0e3-1d08-4405-9acf-d9dba6c52d5b},{9cea3fcd-22eb-447b-a180-9096201dc0af} teilnehmer={2758a0e3-1d08-4405-9acf-d9dba6c52d5b},{9cea3fcd-22eb-447b-a180-9096201dc0af} float=
2026-09-06T19:37:37+02:00 HAL9000 kwin_wayland[2468]: kwin-xmonad-lite: apply {2758a0e3-1d08-4405-9acf-d9dba6c52d5b} soll=1248x1080+1920+0
2026-09-06T19:37:37+02:00 HAL9000 kwin_wayland[2468]: kwin-xmonad-lite: apply {9cea3fcd-22eb-447b-a180-9096201dc0af} soll=672x1080+3168+0
2026-09-06T19:37:37+02:00 HAL9000 kwin_wayland[2468]: kwin-xmonad-lite: surface a89f5ec2-ab8e-4108-8088-7118500a3aab|89539ae6-e06b-4c76-a057-95df959578a9|DP-3 layout=tall n=3 ratio=0.65 fläche=1920x1050+0+0
2026-09-06T19:37:37+02:00 HAL9000 kwin_wayland[2468]: kwin-xmonad-lite: diagnose a89f5ec2-ab8e-4108-8088-7118500a3aab|89539ae6-e06b-4c76-a057-95df959578a9|DP-3 order={28cf93d9-18fe-460f-99bf-07a714706ddd},{38b7d072-075b-409d-8a6f-014d9c819ff5},{28bdcf93-d890-4900-92bc-8851b8097194} teilnehmer={28cf93d9-18fe-460f-99bf-07a714706ddd},{38b7d072-075b-409d-8a6f-014d9c819ff5},{28bdcf93-d890-4900-92bc-8851b8097194} float=
2026-09-06T19:37:40+02:00 HAL9000 kwin_wayland[2468]: kwin-xmonad-lite: extern {2758a0e3-1d08-4405-9acf-d9dba6c52d5b}
2026-09-06T19:37:40+02:00 HAL9000 kwin_wayland[2468]: kwin-xmonad-lite: arrange #8 grund=geometrieExtern,fensterzustand surfaces=2 mitglieder=5 teilnehmer=5
2026-09-06T19:37:40+02:00 HAL9000 kwin_wayland[2468]: kwin-xmonad-lite: surface a89f5ec2-ab8e-4108-8088-7118500a3aab|89539ae6-e06b-4c76-a057-95df959578a9|eDP-1 layout=tall n=1 ratio=0.65 fläche=1920x1080+1920+0
2026-09-06T19:37:40+02:00 HAL9000 kwin_wayland[2468]: kwin-xmonad-lite: diagnose a89f5ec2-ab8e-4108-8088-7118500a3aab|89539ae6-e06b-4c76-a057-95df959578a9|eDP-1 order={9cea3fcd-22eb-447b-a180-9096201dc0af} teilnehmer={9cea3fcd-22eb-447b-a180-9096201dc0af} float=
2026-09-06T19:37:40+02:00 HAL9000 kwin_wayland[2468]: kwin-xmonad-lite: apply {9cea3fcd-22eb-447b-a180-9096201dc0af} soll=1920x1080+1920+0
2026-09-06T19:37:40+02:00 HAL9000 kwin_wayland[2468]: kwin-xmonad-lite: surface a89f5ec2-ab8e-4108-8088-7118500a3aab|89539ae6-e06b-4c76-a057-95df959578a9|DP-3 layout=tall n=4 ratio=0.65 fläche=1920x1050+0+0
2026-09-06T19:37:40+02:00 HAL9000 kwin_wayland[2468]: kwin-xmonad-lite: diagnose a89f5ec2-ab8e-4108-8088-7118500a3aab|89539ae6-e06b-4c76-a057-95df959578a9|DP-3 order={2758a0e3-1d08-4405-9acf-d9dba6c52d5b},{28cf93d9-18fe-460f-99bf-07a714706ddd},{38b7d072-075b-409d-8a6f-014d9c819ff5},{28bdcf93-d890-4900-92bc-8851b8097194} teilnehmer={2758a0e3-1d08-4405-9acf-d9dba6c52d5b},{28cf93d9-18fe-460f-99bf-07a714706ddd},{38b7d072-075b-409d-8a6f-014d9c819ff5},{28bdcf93-d890-4900-92bc-8851b8097194} float=
2026-09-06T19:37:40+02:00 HAL9000 kwin_wayland[2468]: kwin-xmonad-lite: apply {28cf93d9-18fe-460f-99bf-07a714706ddd} soll=672x350+1248+0
2026-09-06T19:37:40+02:00 HAL9000 kwin_wayland[2468]: kwin-xmonad-lite: apply {38b7d072-075b-409d-8a6f-014d9c819ff5} soll=672x350+1248+350
2026-09-06T19:37:40+02:00 HAL9000 kwin_wayland[2468]: kwin-xmonad-lite: apply {28bdcf93-d890-4900-92bc-8851b8097194} soll=672x350+1248+700
2026-09-06T19:37:43+02:00 HAL9000 kwin_wayland[2468]: kwin-xmonad-lite: arrange #9 grund=windowActivated,windowAdded surfaces=2 mitglieder=6 teilnehmer=6
2026-09-06T19:37:43+02:00 HAL9000 kwin_wayland[2468]: kwin-xmonad-lite: surface a89f5ec2-ab8e-4108-8088-7118500a3aab|89539ae6-e06b-4c76-a057-95df959578a9|eDP-1 layout=tall n=1 ratio=0.65 fläche=1920x1080+1920+0
2026-09-06T19:37:43+02:00 HAL9000 kwin_wayland[2468]: kwin-xmonad-lite: diagnose a89f5ec2-ab8e-4108-8088-7118500a3aab|89539ae6-e06b-4c76-a057-95df959578a9|eDP-1 order={9cea3fcd-22eb-447b-a180-9096201dc0af} teilnehmer={9cea3fcd-22eb-447b-a180-9096201dc0af} float=
2026-09-06T19:37:43+02:00 HAL9000 kwin_wayland[2468]: kwin-xmonad-lite: surface a89f5ec2-ab8e-4108-8088-7118500a3aab|89539ae6-e06b-4c76-a057-95df959578a9|DP-3 layout=tall n=5 ratio=0.65 fläche=1920x1050+0+0
2026-09-06T19:37:43+02:00 HAL9000 kwin_wayland[2468]: kwin-xmonad-lite: diagnose a89f5ec2-ab8e-4108-8088-7118500a3aab|89539ae6-e06b-4c76-a057-95df959578a9|DP-3 order={36c69109-99f8-4079-9fb7-02567acde176},{2758a0e3-1d08-4405-9acf-d9dba6c52d5b},{28cf93d9-18fe-460f-99bf-07a714706ddd},{38b7d072-075b-409d-8a6f-014d9c819ff5},{28bdcf93-d890-4900-92bc-8851b8097194} teilnehmer={36c69109-99f8-4079-9fb7-02567acde176},{2758a0e3-1d08-4405-9acf-d9dba6c52d5b},{28cf93d9-18fe-460f-99bf-07a714706ddd},{38b7d072-075b-409d-8a6f-014d9c819ff5},{28bdcf93-d890-4900-92bc-8851b8097194} float=
2026-09-06T19:37:43+02:00 HAL9000 kwin_wayland[2468]: kwin-xmonad-lite: apply {36c69109-99f8-4079-9fb7-02567acde176} soll=1248x1050+0+0
2026-09-06T19:37:43+02:00 HAL9000 kwin_wayland[2468]: kwin-xmonad-lite: apply {2758a0e3-1d08-4405-9acf-d9dba6c52d5b} soll=672x263+1248+0
2026-09-06T19:37:43+02:00 HAL9000 kwin_wayland[2468]: kwin-xmonad-lite: apply {28cf93d9-18fe-460f-99bf-07a714706ddd} soll=672x263+1248+263
2026-09-06T19:37:43+02:00 HAL9000 kwin_wayland[2468]: kwin-xmonad-lite: apply {38b7d072-075b-409d-8a6f-014d9c819ff5} soll=672x262+1248+526
2026-09-06T19:37:43+02:00 HAL9000 kwin_wayland[2468]: kwin-xmonad-lite: apply {28bdcf93-d890-4900-92bc-8851b8097194} soll=672x262+1248+788
2026-09-06T19:37:46+02:00 HAL9000 kwin_wayland[2468]: kwin-xmonad-lite: extern {36c69109-99f8-4079-9fb7-02567acde176}
2026-09-06T19:37:46+02:00 HAL9000 kwin_wayland[2468]: kwin-xmonad-lite: arrange #10 grund=geometrieExtern,fensterzustand surfaces=2 mitglieder=6 teilnehmer=6
2026-09-06T19:37:46+02:00 HAL9000 kwin_wayland[2468]: kwin-xmonad-lite: surface a89f5ec2-ab8e-4108-8088-7118500a3aab|89539ae6-e06b-4c76-a057-95df959578a9|eDP-1 layout=tall n=2 ratio=0.65 fläche=1920x1080+1920+0
2026-09-06T19:37:46+02:00 HAL9000 kwin_wayland[2468]: kwin-xmonad-lite: diagnose a89f5ec2-ab8e-4108-8088-7118500a3aab|89539ae6-e06b-4c76-a057-95df959578a9|eDP-1 order={36c69109-99f8-4079-9fb7-02567acde176},{9cea3fcd-22eb-447b-a180-9096201dc0af} teilnehmer={36c69109-99f8-4079-9fb7-02567acde176},{9cea3fcd-22eb-447b-a180-9096201dc0af} float=
2026-09-06T19:37:46+02:00 HAL9000 kwin_wayland[2468]: kwin-xmonad-lite: apply {36c69109-99f8-4079-9fb7-02567acde176} soll=1248x1080+1920+0
2026-09-06T19:37:46+02:00 HAL9000 kwin_wayland[2468]: kwin-xmonad-lite: apply {9cea3fcd-22eb-447b-a180-9096201dc0af} soll=672x1080+3168+0
2026-09-06T19:37:46+02:00 HAL9000 kwin_wayland[2468]: kwin-xmonad-lite: surface a89f5ec2-ab8e-4108-8088-7118500a3aab|89539ae6-e06b-4c76-a057-95df959578a9|DP-3 layout=tall n=4 ratio=0.65 fläche=1920x1050+0+0
2026-09-06T19:37:46+02:00 HAL9000 kwin_wayland[2468]: kwin-xmonad-lite: diagnose a89f5ec2-ab8e-4108-8088-7118500a3aab|89539ae6-e06b-4c76-a057-95df959578a9|DP-3 order={2758a0e3-1d08-4405-9acf-d9dba6c52d5b},{28cf93d9-18fe-460f-99bf-07a714706ddd},{38b7d072-075b-409d-8a6f-014d9c819ff5},{28bdcf93-d890-4900-92bc-8851b8097194} teilnehmer={2758a0e3-1d08-4405-9acf-d9dba6c52d5b},{28cf93d9-18fe-460f-99bf-07a714706ddd},{38b7d072-075b-409d-8a6f-014d9c819ff5},{28bdcf93-d890-4900-92bc-8851b8097194} float=
2026-09-06T19:37:46+02:00 HAL9000 kwin_wayland[2468]: kwin-xmonad-lite: apply {2758a0e3-1d08-4405-9acf-d9dba6c52d5b} soll=1248x1050+0+0
2026-09-06T19:37:46+02:00 HAL9000 kwin_wayland[2468]: kwin-xmonad-lite: apply {28cf93d9-18fe-460f-99bf-07a714706ddd} soll=672x350+1248+0
2026-09-06T19:37:46+02:00 HAL9000 kwin_wayland[2468]: kwin-xmonad-lite: apply {38b7d072-075b-409d-8a6f-014d9c819ff5} soll=672x350+1248+350
2026-09-06T19:37:46+02:00 HAL9000 kwin_wayland[2468]: kwin-xmonad-lite: apply {28bdcf93-d890-4900-92bc-8851b8097194} soll=672x350+1248+700
2026-09-06T19:38:49+02:00 HAL9000 kwin_wayland[2468]: kwin-xmonad-lite: gc #11 fenster=1 surfaces=0
2026-09-06T19:38:49+02:00 HAL9000 kwin_wayland[2468]: kwin-xmonad-lite: arrange #11 grund=closed,windowRemoved surfaces=2 mitglieder=5 teilnehmer=5
2026-09-06T19:38:49+02:00 HAL9000 kwin_wayland[2468]: kwin-xmonad-lite: surface a89f5ec2-ab8e-4108-8088-7118500a3aab|89539ae6-e06b-4c76-a057-95df959578a9|eDP-1 layout=tall n=2 ratio=0.65 fläche=1920x1080+1920+0
2026-09-06T19:38:49+02:00 HAL9000 kwin_wayland[2468]: kwin-xmonad-lite: diagnose a89f5ec2-ab8e-4108-8088-7118500a3aab|89539ae6-e06b-4c76-a057-95df959578a9|eDP-1 order={36c69109-99f8-4079-9fb7-02567acde176},{9cea3fcd-22eb-447b-a180-9096201dc0af} teilnehmer={36c69109-99f8-4079-9fb7-02567acde176},{9cea3fcd-22eb-447b-a180-9096201dc0af} float=
2026-09-06T19:38:49+02:00 HAL9000 kwin_wayland[2468]: kwin-xmonad-lite: surface a89f5ec2-ab8e-4108-8088-7118500a3aab|89539ae6-e06b-4c76-a057-95df959578a9|DP-3 layout=tall n=3 ratio=0.65 fläche=1920x1050+0+0
2026-09-06T19:38:49+02:00 HAL9000 kwin_wayland[2468]: kwin-xmonad-lite: diagnose a89f5ec2-ab8e-4108-8088-7118500a3aab|89539ae6-e06b-4c76-a057-95df959578a9|DP-3 order={28cf93d9-18fe-460f-99bf-07a714706ddd},{38b7d072-075b-409d-8a6f-014d9c819ff5},{28bdcf93-d890-4900-92bc-8851b8097194} teilnehmer={28cf93d9-18fe-460f-99bf-07a714706ddd},{38b7d072-075b-409d-8a6f-014d9c819ff5},{28bdcf93-d890-4900-92bc-8851b8097194} float=
2026-09-06T19:38:49+02:00 HAL9000 kwin_wayland[2468]: kwin-xmonad-lite: apply {28cf93d9-18fe-460f-99bf-07a714706ddd} soll=1248x1050+0+0
2026-09-06T19:38:49+02:00 HAL9000 kwin_wayland[2468]: kwin-xmonad-lite: apply {38b7d072-075b-409d-8a6f-014d9c819ff5} soll=672x525+1248+0
2026-09-06T19:38:49+02:00 HAL9000 kwin_wayland[2468]: kwin-xmonad-lite: apply {28bdcf93-d890-4900-92bc-8851b8097194} soll=672x525+1248+525
2026-09-06T19:38:53+02:00 HAL9000 kwin_wayland[2468]: kwin-xmonad-lite: arrange #12 grund=windowActivated,windowAdded surfaces=2 mitglieder=6 teilnehmer=6
2026-09-06T19:38:53+02:00 HAL9000 kwin_wayland[2468]: kwin-xmonad-lite: surface a89f5ec2-ab8e-4108-8088-7118500a3aab|89539ae6-e06b-4c76-a057-95df959578a9|eDP-1 layout=tall n=3 ratio=0.65 fläche=1920x1080+1920+0
2026-09-06T19:38:53+02:00 HAL9000 kwin_wayland[2468]: kwin-xmonad-lite: diagnose a89f5ec2-ab8e-4108-8088-7118500a3aab|89539ae6-e06b-4c76-a057-95df959578a9|eDP-1 order={4a4b8a2f-0f2b-4b68-9ed5-e226ace10cd1},{36c69109-99f8-4079-9fb7-02567acde176},{9cea3fcd-22eb-447b-a180-9096201dc0af} teilnehmer={4a4b8a2f-0f2b-4b68-9ed5-e226ace10cd1},{36c69109-99f8-4079-9fb7-02567acde176},{9cea3fcd-22eb-447b-a180-9096201dc0af} float=
2026-09-06T19:38:53+02:00 HAL9000 kwin_wayland[2468]: kwin-xmonad-lite: apply {4a4b8a2f-0f2b-4b68-9ed5-e226ace10cd1} soll=1248x1080+1920+0
2026-09-06T19:38:53+02:00 HAL9000 kwin_wayland[2468]: kwin-xmonad-lite: apply {36c69109-99f8-4079-9fb7-02567acde176} soll=672x540+3168+0
2026-09-06T19:38:53+02:00 HAL9000 kwin_wayland[2468]: kwin-xmonad-lite: apply {9cea3fcd-22eb-447b-a180-9096201dc0af} soll=672x540+3168+540
2026-09-06T19:38:53+02:00 HAL9000 kwin_wayland[2468]: kwin-xmonad-lite: surface a89f5ec2-ab8e-4108-8088-7118500a3aab|89539ae6-e06b-4c76-a057-95df959578a9|DP-3 layout=tall n=3 ratio=0.65 fläche=1920x1050+0+0
2026-09-06T19:38:53+02:00 HAL9000 kwin_wayland[2468]: kwin-xmonad-lite: diagnose a89f5ec2-ab8e-4108-8088-7118500a3aab|89539ae6-e06b-4c76-a057-95df959578a9|DP-3 order={28cf93d9-18fe-460f-99bf-07a714706ddd},{38b7d072-075b-409d-8a6f-014d9c819ff5},{28bdcf93-d890-4900-92bc-8851b8097194} teilnehmer={28cf93d9-18fe-460f-99bf-07a714706ddd},{38b7d072-075b-409d-8a6f-014d9c819ff5},{28bdcf93-d890-4900-92bc-8851b8097194} float=
2026-09-06T19:39:00+02:00 HAL9000 kwin_wayland[2468]: kwin-xmonad-lite: extern {4a4b8a2f-0f2b-4b68-9ed5-e226ace10cd1}
2026-09-06T19:39:00+02:00 HAL9000 kwin_wayland[2468]: kwin-xmonad-lite: arrange #13 grund=geometrieExtern,fensterzustand surfaces=2 mitglieder=6 teilnehmer=6
2026-09-06T19:39:00+02:00 HAL9000 kwin_wayland[2468]: kwin-xmonad-lite: surface a89f5ec2-ab8e-4108-8088-7118500a3aab|89539ae6-e06b-4c76-a057-95df959578a9|eDP-1 layout=tall n=2 ratio=0.65 fläche=1920x1080+1920+0
2026-09-06T19:39:00+02:00 HAL9000 kwin_wayland[2468]: kwin-xmonad-lite: diagnose a89f5ec2-ab8e-4108-8088-7118500a3aab|89539ae6-e06b-4c76-a057-95df959578a9|eDP-1 order={36c69109-99f8-4079-9fb7-02567acde176},{9cea3fcd-22eb-447b-a180-9096201dc0af} teilnehmer={36c69109-99f8-4079-9fb7-02567acde176},{9cea3fcd-22eb-447b-a180-9096201dc0af} float=
2026-09-06T19:39:00+02:00 HAL9000 kwin_wayland[2468]: kwin-xmonad-lite: apply {36c69109-99f8-4079-9fb7-02567acde176} soll=1248x1080+1920+0
2026-09-06T19:39:00+02:00 HAL9000 kwin_wayland[2468]: kwin-xmonad-lite: apply {9cea3fcd-22eb-447b-a180-9096201dc0af} soll=672x1080+3168+0
2026-09-06T19:39:00+02:00 HAL9000 kwin_wayland[2468]: kwin-xmonad-lite: surface a89f5ec2-ab8e-4108-8088-7118500a3aab|89539ae6-e06b-4c76-a057-95df959578a9|DP-3 layout=tall n=4 ratio=0.65 fläche=1920x1050+0+0
2026-09-06T19:39:00+02:00 HAL9000 kwin_wayland[2468]: kwin-xmonad-lite: diagnose a89f5ec2-ab8e-4108-8088-7118500a3aab|89539ae6-e06b-4c76-a057-95df959578a9|DP-3 order={4a4b8a2f-0f2b-4b68-9ed5-e226ace10cd1},{28cf93d9-18fe-460f-99bf-07a714706ddd},{38b7d072-075b-409d-8a6f-014d9c819ff5},{28bdcf93-d890-4900-92bc-8851b8097194} teilnehmer={4a4b8a2f-0f2b-4b68-9ed5-e226ace10cd1},{28cf93d9-18fe-460f-99bf-07a714706ddd},{38b7d072-075b-409d-8a6f-014d9c819ff5},{28bdcf93-d890-4900-92bc-8851b8097194} float=
2026-09-06T19:39:00+02:00 HAL9000 kwin_wayland[2468]: kwin-xmonad-lite: apply {28cf93d9-18fe-460f-99bf-07a714706ddd} soll=672x350+1248+0
2026-09-06T19:39:00+02:00 HAL9000 kwin_wayland[2468]: kwin-xmonad-lite: apply {38b7d072-075b-409d-8a6f-014d9c819ff5} soll=672x350+1248+350
2026-09-06T19:39:00+02:00 HAL9000 kwin_wayland[2468]: kwin-xmonad-lite: apply {28bdcf93-d890-4900-92bc-8851b8097194} soll=672x350+1248+700
2026-09-06T19:39:35+02:00 HAL9000 kwin_wayland[2468]: kwin-xmonad-lite: arrange #14 grund=windowActivated surfaces=2 mitglieder=6 teilnehmer=6
2026-09-06T19:39:35+02:00 HAL9000 kwin_wayland[2468]: kwin-xmonad-lite: surface a89f5ec2-ab8e-4108-8088-7118500a3aab|89539ae6-e06b-4c76-a057-95df959578a9|eDP-1 layout=tall n=2 ratio=0.65 fläche=1920x1080+1920+0
2026-09-06T19:39:35+02:00 HAL9000 kwin_wayland[2468]: kwin-xmonad-lite: diagnose a89f5ec2-ab8e-4108-8088-7118500a3aab|89539ae6-e06b-4c76-a057-95df959578a9|eDP-1 order={36c69109-99f8-4079-9fb7-02567acde176},{9cea3fcd-22eb-447b-a180-9096201dc0af} teilnehmer={36c69109-99f8-4079-9fb7-02567acde176},{9cea3fcd-22eb-447b-a180-9096201dc0af} float=
2026-09-06T19:39:35+02:00 HAL9000 kwin_wayland[2468]: kwin-xmonad-lite: surface a89f5ec2-ab8e-4108-8088-7118500a3aab|89539ae6-e06b-4c76-a057-95df959578a9|DP-3 layout=tall n=4 ratio=0.65 fläche=1920x1050+0+0
2026-09-06T19:39:35+02:00 HAL9000 kwin_wayland[2468]: kwin-xmonad-lite: diagnose a89f5ec2-ab8e-4108-8088-7118500a3aab|89539ae6-e06b-4c76-a057-95df959578a9|DP-3 order={4a4b8a2f-0f2b-4b68-9ed5-e226ace10cd1},{28cf93d9-18fe-460f-99bf-07a714706ddd},{38b7d072-075b-409d-8a6f-014d9c819ff5},{28bdcf93-d890-4900-92bc-8851b8097194} teilnehmer={4a4b8a2f-0f2b-4b68-9ed5-e226ace10cd1},{28cf93d9-18fe-460f-99bf-07a714706ddd},{38b7d072-075b-409d-8a6f-014d9c819ff5},{28bdcf93-d890-4900-92bc-8851b8097194} float=
2026-09-06T19:39:37+02:00 HAL9000 kwin_wayland[2468]: kwin-xmonad-lite: befehl focusMaster surface=a89f5ec2-ab8e-4108-8088-7118500a3aab|89539ae6-e06b-4c76-a057-95df959578a9|eDP-1 via=aktiv fokus={36c69109-99f8-4079-9fb7-02567acde176} unverändert
2026-09-06T19:39:37+02:00 HAL9000 kwin_wayland[2468]: kwin-xmonad-lite: aktiviere {36c69109-99f8-4079-9fb7-02567acde176}
2026-09-06T19:40:04+02:00 HAL9000 kwin_wayland[2468]: kwin-xmonad-lite: gc #15 fenster=1 surfaces=0
2026-09-06T19:40:04+02:00 HAL9000 kwin_wayland[2468]: kwin-xmonad-lite: arrange #15 grund=closed,windowRemoved surfaces=2 mitglieder=5 teilnehmer=5
2026-09-06T19:40:04+02:00 HAL9000 kwin_wayland[2468]: kwin-xmonad-lite: surface a89f5ec2-ab8e-4108-8088-7118500a3aab|89539ae6-e06b-4c76-a057-95df959578a9|eDP-1 layout=tall n=2 ratio=0.65 fläche=1920x1080+1920+0
2026-09-06T19:40:04+02:00 HAL9000 kwin_wayland[2468]: kwin-xmonad-lite: diagnose a89f5ec2-ab8e-4108-8088-7118500a3aab|89539ae6-e06b-4c76-a057-95df959578a9|eDP-1 order={36c69109-99f8-4079-9fb7-02567acde176},{9cea3fcd-22eb-447b-a180-9096201dc0af} teilnehmer={36c69109-99f8-4079-9fb7-02567acde176},{9cea3fcd-22eb-447b-a180-9096201dc0af} float=
2026-09-06T19:40:04+02:00 HAL9000 kwin_wayland[2468]: kwin-xmonad-lite: surface a89f5ec2-ab8e-4108-8088-7118500a3aab|89539ae6-e06b-4c76-a057-95df959578a9|DP-3 layout=tall n=3 ratio=0.65 fläche=1920x1050+0+0
2026-09-06T19:40:04+02:00 HAL9000 kwin_wayland[2468]: kwin-xmonad-lite: diagnose a89f5ec2-ab8e-4108-8088-7118500a3aab|89539ae6-e06b-4c76-a057-95df959578a9|DP-3 order={28cf93d9-18fe-460f-99bf-07a714706ddd},{38b7d072-075b-409d-8a6f-014d9c819ff5},{28bdcf93-d890-4900-92bc-8851b8097194} teilnehmer={28cf93d9-18fe-460f-99bf-07a714706ddd},{38b7d072-075b-409d-8a6f-014d9c819ff5},{28bdcf93-d890-4900-92bc-8851b8097194} float=
2026-09-06T19:40:04+02:00 HAL9000 kwin_wayland[2468]: kwin-xmonad-lite: apply {28cf93d9-18fe-460f-99bf-07a714706ddd} soll=1248x1050+0+0
2026-09-06T19:40:04+02:00 HAL9000 kwin_wayland[2468]: kwin-xmonad-lite: apply {38b7d072-075b-409d-8a6f-014d9c819ff5} soll=672x525+1248+0
2026-09-06T19:40:04+02:00 HAL9000 kwin_wayland[2468]: kwin-xmonad-lite: apply {28bdcf93-d890-4900-92bc-8851b8097194} soll=672x525+1248+525
2026-09-06T19:40:08+02:00 HAL9000 kwin_wayland[2468]: kwin-xmonad-lite: arrange #16 grund=windowActivated,windowAdded surfaces=2 mitglieder=6 teilnehmer=6
2026-09-06T19:40:08+02:00 HAL9000 kwin_wayland[2468]: kwin-xmonad-lite: surface a89f5ec2-ab8e-4108-8088-7118500a3aab|89539ae6-e06b-4c76-a057-95df959578a9|eDP-1 layout=tall n=3 ratio=0.65 fläche=1920x1080+1920+0
2026-09-06T19:40:08+02:00 HAL9000 kwin_wayland[2468]: kwin-xmonad-lite: diagnose a89f5ec2-ab8e-4108-8088-7118500a3aab|89539ae6-e06b-4c76-a057-95df959578a9|eDP-1 order={d748ac35-9960-4cef-bb7c-f3de0dbc346c},{36c69109-99f8-4079-9fb7-02567acde176},{9cea3fcd-22eb-447b-a180-9096201dc0af} teilnehmer={d748ac35-9960-4cef-bb7c-f3de0dbc346c},{36c69109-99f8-4079-9fb7-02567acde176},{9cea3fcd-22eb-447b-a180-9096201dc0af} float=
2026-09-06T19:40:08+02:00 HAL9000 kwin_wayland[2468]: kwin-xmonad-lite: apply {d748ac35-9960-4cef-bb7c-f3de0dbc346c} soll=1248x1080+1920+0
2026-09-06T19:40:08+02:00 HAL9000 kwin_wayland[2468]: kwin-xmonad-lite: apply {36c69109-99f8-4079-9fb7-02567acde176} soll=672x540+3168+0
2026-09-06T19:40:08+02:00 HAL9000 kwin_wayland[2468]: kwin-xmonad-lite: apply {9cea3fcd-22eb-447b-a180-9096201dc0af} soll=672x540+3168+540
2026-09-06T19:40:08+02:00 HAL9000 kwin_wayland[2468]: kwin-xmonad-lite: surface a89f5ec2-ab8e-4108-8088-7118500a3aab|89539ae6-e06b-4c76-a057-95df959578a9|DP-3 layout=tall n=3 ratio=0.65 fläche=1920x1050+0+0
2026-09-06T19:40:08+02:00 HAL9000 kwin_wayland[2468]: kwin-xmonad-lite: diagnose a89f5ec2-ab8e-4108-8088-7118500a3aab|89539ae6-e06b-4c76-a057-95df959578a9|DP-3 order={28cf93d9-18fe-460f-99bf-07a714706ddd},{38b7d072-075b-409d-8a6f-014d9c819ff5},{28bdcf93-d890-4900-92bc-8851b8097194} teilnehmer={28cf93d9-18fe-460f-99bf-07a714706ddd},{38b7d072-075b-409d-8a6f-014d9c819ff5},{28bdcf93-d890-4900-92bc-8851b8097194} float=
2026-09-06T19:40:12+02:00 HAL9000 kwin_wayland[2468]: kwin-xmonad-lite: extern {d748ac35-9960-4cef-bb7c-f3de0dbc346c}
2026-09-06T19:40:12+02:00 HAL9000 kwin_wayland[2468]: kwin-xmonad-lite: arrange #17 grund=geometrieExtern,fensterzustand surfaces=2 mitglieder=6 teilnehmer=6
2026-09-06T19:40:12+02:00 HAL9000 kwin_wayland[2468]: kwin-xmonad-lite: surface a89f5ec2-ab8e-4108-8088-7118500a3aab|89539ae6-e06b-4c76-a057-95df959578a9|eDP-1 layout=tall n=2 ratio=0.65 fläche=1920x1080+1920+0
2026-09-06T19:40:12+02:00 HAL9000 kwin_wayland[2468]: kwin-xmonad-lite: diagnose a89f5ec2-ab8e-4108-8088-7118500a3aab|89539ae6-e06b-4c76-a057-95df959578a9|eDP-1 order={36c69109-99f8-4079-9fb7-02567acde176},{9cea3fcd-22eb-447b-a180-9096201dc0af} teilnehmer={36c69109-99f8-4079-9fb7-02567acde176},{9cea3fcd-22eb-447b-a180-9096201dc0af} float=
2026-09-06T19:40:12+02:00 HAL9000 kwin_wayland[2468]: kwin-xmonad-lite: apply {36c69109-99f8-4079-9fb7-02567acde176} soll=1248x1080+1920+0
2026-09-06T19:40:12+02:00 HAL9000 kwin_wayland[2468]: kwin-xmonad-lite: apply {9cea3fcd-22eb-447b-a180-9096201dc0af} soll=672x1080+3168+0
2026-09-06T19:40:12+02:00 HAL9000 kwin_wayland[2468]: kwin-xmonad-lite: surface a89f5ec2-ab8e-4108-8088-7118500a3aab|89539ae6-e06b-4c76-a057-95df959578a9|DP-3 layout=tall n=4 ratio=0.65 fläche=1920x1050+0+0
2026-09-06T19:40:12+02:00 HAL9000 kwin_wayland[2468]: kwin-xmonad-lite: diagnose a89f5ec2-ab8e-4108-8088-7118500a3aab|89539ae6-e06b-4c76-a057-95df959578a9|DP-3 order={d748ac35-9960-4cef-bb7c-f3de0dbc346c},{28cf93d9-18fe-460f-99bf-07a714706ddd},{38b7d072-075b-409d-8a6f-014d9c819ff5},{28bdcf93-d890-4900-92bc-8851b8097194} teilnehmer={d748ac35-9960-4cef-bb7c-f3de0dbc346c},{28cf93d9-18fe-460f-99bf-07a714706ddd},{38b7d072-075b-409d-8a6f-014d9c819ff5},{28bdcf93-d890-4900-92bc-8851b8097194} float=
2026-09-06T19:40:12+02:00 HAL9000 kwin_wayland[2468]: kwin-xmonad-lite: apply {28cf93d9-18fe-460f-99bf-07a714706ddd} soll=672x350+1248+0
2026-09-06T19:40:12+02:00 HAL9000 kwin_wayland[2468]: kwin-xmonad-lite: apply {38b7d072-075b-409d-8a6f-014d9c819ff5} soll=672x350+1248+350
2026-09-06T19:40:12+02:00 HAL9000 kwin_wayland[2468]: kwin-xmonad-lite: apply {28bdcf93-d890-4900-92bc-8851b8097194} soll=672x350+1248+700
2026-09-06T19:40:56+02:00 HAL9000 kwin_wayland[2468]: KXLGEO1 {"k":"meta","tag":"KXLGEO1","start":1788716456675,"perOutputDesktops":false,"outputs":2,"samples":[0,500,1500,3000],"titlePrefix":"kxl-","r":1788716456675,"n":0,"ms":0}
2026-09-06T19:40:56+02:00 HAL9000 kwin_wayland[2468]: KXLGEO1 {"k":"view","s":0,"key":"a89f5ec2-ab8e-4108-8088-7118500a3aab|89539ae6-e06b-4c76-a057-95df959578a9|eDP-1","activity":"a89f5ec2-ab8e-4108-8088-7118500a3aab","desktop":"89539ae6-e06b-4c76-a057-95df959578a9","output":"eDP-1","area":{"x":1920,"y":0,"w":1920,"h":1080,"exakt":true},"r":1788716456675,"n":1,"ms":0}
2026-09-06T19:40:56+02:00 HAL9000 kwin_wayland[2468]: KXLGEO1 {"k":"view","s":0,"key":"a89f5ec2-ab8e-4108-8088-7118500a3aab|89539ae6-e06b-4c76-a057-95df959578a9|DP-3","activity":"a89f5ec2-ab8e-4108-8088-7118500a3aab","desktop":"89539ae6-e06b-4c76-a057-95df959578a9","output":"DP-3","area":{"x":0,"y":0,"w":1920,"h":1050,"exakt":true},"r":1788716456675,"n":2,"ms":0}
2026-09-06T19:40:56+02:00 HAL9000 kwin_wayland[2468]: KXLGEO1 {"k":"active","s":0,"activeId":"{d748ac35-9960-4cef-bb7c-f3de0dbc346c}","r":1788716456675,"n":3,"ms":1}
2026-09-06T19:40:56+02:00 HAL9000 kwin_wayland[2468]: KXLGEO1 {"k":"win","s":0,"id":"{89b38cc9-014d-4323-ae5d-4c07d535682f}","cls":"plasmashell","caption":"<Titel entfernt>","output":"DP-3","desktops":[],"activities":[],"onAllDesktops":true,"geo":{"x":0,"y":0,"w":1920,"h":1080,"exakt":true},"min":{"w":0,"h":0},"max":{"w":2147483647,"h":2147483647},"fullScreen":false,"minimized":false,"maximizeMode":0,"moveable":false,"resizeable":false,"move":false,"resize":false,"managed":true,"deleted":false,"normalWindow":false,"specialWindow":true,"popupWindow":false,"dialog":false,"utility":false,"splash":false,"dock":false,"transient":false,"modal":false,"transientFor":null,"r":1788716456675,"n":4,"ms":1}
2026-09-06T19:40:56+02:00 HAL9000 kwin_wayland[2468]: KXLGEO1 {"k":"win","s":0,"id":"{2a15acd8-fb85-4dbe-b1e1-052a1352b6f3}","cls":"plasmashell","caption":"<Titel entfernt>","output":"DP-3","desktops":[],"activities":[],"onAllDesktops":true,"geo":{"x":0,"y":1050,"w":1920,"h":30,"exakt":true},"min":{"w":0,"h":0},"max":{"w":2147483647,"h":2147483647},"fullScreen":false,"minimized":false,"maximizeMode":0,"moveable":false,"resizeable":false,"move":false,"resize":false,"managed":true,"deleted":false,"normalWindow":false,"specialWindow":true,"popupWindow":false,"dialog":false,"utility":false,"splash":false,"dock":true,"transient":false,"modal":false,"transientFor":null,"r":1788716456675,"n":5,"ms":1}
2026-09-06T19:40:56+02:00 HAL9000 kwin_wayland[2468]: KXLGEO1 {"k":"win","s":0,"id":"{68c8c0bd-e77e-4ce2-a24c-d370d686cb75}","cls":"plasmashell","caption":"<Titel entfernt>","output":"eDP-1","desktops":[],"activities":[],"onAllDesktops":true,"geo":{"x":1920,"y":0,"w":1920,"h":1080,"exakt":true},"min":{"w":0,"h":0},"max":{"w":2147483647,"h":2147483647},"fullScreen":false,"minimized":false,"maximizeMode":0,"moveable":false,"resizeable":false,"move":false,"resize":false,"managed":true,"deleted":false,"normalWindow":false,"specialWindow":true,"popupWindow":false,"dialog":false,"utility":false,"splash":false,"dock":false,"transient":false,"modal":false,"transientFor":null,"r":1788716456675,"n":6,"ms":1}
2026-09-06T19:40:56+02:00 HAL9000 kwin_wayland[2468]: KXLGEO1 {"k":"win","s":0,"id":"{28bdcf93-d890-4900-92bc-8851b8097194}","cls":"org.kde.kwrite","caption":"kxl-a1.txt — KWrite","output":"DP-3","desktops":["89539ae6-e06b-4c76-a057-95df959578a9"],"activities":["a89f5ec2-ab8e-4108-8088-7118500a3aab"],"onAllDesktops":false,"geo":{"x":1248,"y":700,"w":672,"h":350,"exakt":true},"min":{"w":157,"h":150},"max":{"w":2147483647,"h":2147483647},"fullScreen":false,"minimized":false,"maximizeMode":0,"moveable":true,"resizeable":true,"move":false,"resize":false,"managed":true,"deleted":false,"normalWindow":true,"specialWindow":false,"popupWindow":false,"dialog":false,"utility":false,"splash":false,"dock":false,"transient":false,"modal":false,"transientFor":null,"r":1788716456675,"n":7,"ms":1}
2026-09-06T19:40:56+02:00 HAL9000 kwin_wayland[2468]: KXLGEO1 {"k":"win","s":0,"id":"{38b7d072-075b-409d-8a6f-014d9c819ff5}","cls":"org.kde.kwrite","caption":"kxl-a2.txt — KWrite","output":"DP-3","desktops":["89539ae6-e06b-4c76-a057-95df959578a9"],"activities":["a89f5ec2-ab8e-4108-8088-7118500a3aab"],"onAllDesktops":false,"geo":{"x":1248,"y":350,"w":672,"h":350,"exakt":true},"min":{"w":157,"h":150},"max":{"w":2147483647,"h":2147483647},"fullScreen":false,"minimized":false,"maximizeMode":0,"moveable":true,"resizeable":true,"move":false,"resize":false,"managed":true,"deleted":false,"normalWindow":true,"specialWindow":false,"popupWindow":false,"dialog":false,"utility":false,"splash":false,"dock":false,"transient":false,"modal":false,"transientFor":null,"r":1788716456675,"n":8,"ms":1}
2026-09-06T19:40:56+02:00 HAL9000 kwin_wayland[2468]: KXLGEO1 {"k":"win","s":0,"id":"{28cf93d9-18fe-460f-99bf-07a714706ddd}","cls":"org.kde.kwrite","caption":"kxl-a3.txt — KWrite","output":"DP-3","desktops":["89539ae6-e06b-4c76-a057-95df959578a9"],"activities":["a89f5ec2-ab8e-4108-8088-7118500a3aab"],"onAllDesktops":false,"geo":{"x":1248,"y":0,"w":672,"h":350,"exakt":true},"min":{"w":157,"h":150},"max":{"w":2147483647,"h":2147483647},"fullScreen":false,"minimized":false,"maximizeMode":0,"moveable":true,"resizeable":true,"move":false,"resize":false,"managed":true,"deleted":false,"normalWindow":true,"specialWindow":false,"popupWindow":false,"dialog":false,"utility":false,"splash":false,"dock":false,"transient":false,"modal":false,"transientFor":null,"r":1788716456675,"n":9,"ms":1}
2026-09-06T19:40:56+02:00 HAL9000 kwin_wayland[2468]: KXLGEO1 {"k":"win","s":0,"id":"{9cea3fcd-22eb-447b-a180-9096201dc0af}","cls":"org.kde.kwrite","caption":"kxl-b1.txt — KWrite","output":"eDP-1","desktops":["89539ae6-e06b-4c76-a057-95df959578a9"],"activities":["a89f5ec2-ab8e-4108-8088-7118500a3aab"],"onAllDesktops":false,"geo":{"x":3168,"y":0,"w":672,"h":1080,"exakt":true},"min":{"w":157,"h":150},"max":{"w":2147483647,"h":2147483647},"fullScreen":false,"minimized":false,"maximizeMode":0,"moveable":true,"resizeable":true,"move":false,"resize":false,"managed":true,"deleted":false,"normalWindow":true,"specialWindow":false,"popupWindow":false,"dialog":false,"utility":false,"splash":false,"dock":false,"transient":false,"modal":false,"transientFor":null,"r":1788716456675,"n":10,"ms":2}
2026-09-06T19:40:56+02:00 HAL9000 kwin_wayland[2468]: KXLGEO1 {"k":"win","s":0,"id":"{36c69109-99f8-4079-9fb7-02567acde176}","cls":"org.kde.kwrite","caption":"kxl-b3.txt — KWrite","output":"eDP-1","desktops":["89539ae6-e06b-4c76-a057-95df959578a9"],"activities":["a89f5ec2-ab8e-4108-8088-7118500a3aab"],"onAllDesktops":false,"geo":{"x":1920,"y":0,"w":1248,"h":1080,"exakt":true},"min":{"w":157,"h":150},"max":{"w":2147483647,"h":2147483647},"fullScreen":false,"minimized":false,"maximizeMode":0,"moveable":true,"resizeable":true,"move":false,"resize":false,"managed":true,"deleted":false,"normalWindow":true,"specialWindow":false,"popupWindow":false,"dialog":false,"utility":false,"splash":false,"dock":false,"transient":false,"modal":false,"transientFor":null,"r":1788716456675,"n":11,"ms":2}
2026-09-06T19:40:56+02:00 HAL9000 kwin_wayland[2468]: KXLGEO1 {"k":"win","s":0,"id":"{d748ac35-9960-4cef-bb7c-f3de0dbc346c}","cls":"org.kde.kwrite","caption":"kxl-b4.txt — KWrite","output":"DP-3","desktops":["89539ae6-e06b-4c76-a057-95df959578a9"],"activities":["a89f5ec2-ab8e-4108-8088-7118500a3aab"],"onAllDesktops":false,"geo":{"x":0,"y":0,"w":1248,"h":1050,"exakt":true},"min":{"w":157,"h":150},"max":{"w":2147483647,"h":2147483647},"fullScreen":false,"minimized":false,"maximizeMode":0,"moveable":true,"resizeable":true,"move":false,"resize":false,"managed":true,"deleted":false,"normalWindow":true,"specialWindow":false,"popupWindow":false,"dialog":false,"utility":false,"splash":false,"dock":false,"transient":false,"modal":false,"transientFor":null,"r":1788716456675,"n":12,"ms":2}
2026-09-06T19:40:57+02:00 HAL9000 kwin_wayland[2468]: KXLGEO1 {"k":"view","s":1,"key":"a89f5ec2-ab8e-4108-8088-7118500a3aab|89539ae6-e06b-4c76-a057-95df959578a9|eDP-1","activity":"a89f5ec2-ab8e-4108-8088-7118500a3aab","desktop":"89539ae6-e06b-4c76-a057-95df959578a9","output":"eDP-1","area":{"x":1920,"y":0,"w":1920,"h":1080,"exakt":true},"r":1788716456675,"n":13,"ms":477}
2026-09-06T19:40:57+02:00 HAL9000 kwin_wayland[2468]: KXLGEO1 {"k":"view","s":1,"key":"a89f5ec2-ab8e-4108-8088-7118500a3aab|89539ae6-e06b-4c76-a057-95df959578a9|DP-3","activity":"a89f5ec2-ab8e-4108-8088-7118500a3aab","desktop":"89539ae6-e06b-4c76-a057-95df959578a9","output":"DP-3","area":{"x":0,"y":0,"w":1920,"h":1050,"exakt":true},"r":1788716456675,"n":14,"ms":477}
2026-09-06T19:40:57+02:00 HAL9000 kwin_wayland[2468]: KXLGEO1 {"k":"active","s":1,"activeId":"{d748ac35-9960-4cef-bb7c-f3de0dbc346c}","r":1788716456675,"n":15,"ms":478}
2026-09-06T19:40:57+02:00 HAL9000 kwin_wayland[2468]: KXLGEO1 {"k":"win","s":1,"id":"{89b38cc9-014d-4323-ae5d-4c07d535682f}","cls":"plasmashell","caption":"<Titel entfernt>","output":"DP-3","desktops":[],"activities":[],"onAllDesktops":true,"geo":{"x":0,"y":0,"w":1920,"h":1080,"exakt":true},"min":{"w":0,"h":0},"max":{"w":2147483647,"h":2147483647},"fullScreen":false,"minimized":false,"maximizeMode":0,"moveable":false,"resizeable":false,"move":false,"resize":false,"managed":true,"deleted":false,"normalWindow":false,"specialWindow":true,"popupWindow":false,"dialog":false,"utility":false,"splash":false,"dock":false,"transient":false,"modal":false,"transientFor":null,"r":1788716456675,"n":16,"ms":478}
2026-09-06T19:40:57+02:00 HAL9000 kwin_wayland[2468]: KXLGEO1 {"k":"win","s":1,"id":"{2a15acd8-fb85-4dbe-b1e1-052a1352b6f3}","cls":"plasmashell","caption":"<Titel entfernt>","output":"DP-3","desktops":[],"activities":[],"onAllDesktops":true,"geo":{"x":0,"y":1050,"w":1920,"h":30,"exakt":true},"min":{"w":0,"h":0},"max":{"w":2147483647,"h":2147483647},"fullScreen":false,"minimized":false,"maximizeMode":0,"moveable":false,"resizeable":false,"move":false,"resize":false,"managed":true,"deleted":false,"normalWindow":false,"specialWindow":true,"popupWindow":false,"dialog":false,"utility":false,"splash":false,"dock":true,"transient":false,"modal":false,"transientFor":null,"r":1788716456675,"n":17,"ms":478}
2026-09-06T19:40:57+02:00 HAL9000 kwin_wayland[2468]: KXLGEO1 {"k":"win","s":1,"id":"{68c8c0bd-e77e-4ce2-a24c-d370d686cb75}","cls":"plasmashell","caption":"<Titel entfernt>","output":"eDP-1","desktops":[],"activities":[],"onAllDesktops":true,"geo":{"x":1920,"y":0,"w":1920,"h":1080,"exakt":true},"min":{"w":0,"h":0},"max":{"w":2147483647,"h":2147483647},"fullScreen":false,"minimized":false,"maximizeMode":0,"moveable":false,"resizeable":false,"move":false,"resize":false,"managed":true,"deleted":false,"normalWindow":false,"specialWindow":true,"popupWindow":false,"dialog":false,"utility":false,"splash":false,"dock":false,"transient":false,"modal":false,"transientFor":null,"r":1788716456675,"n":18,"ms":479}
2026-09-06T19:40:57+02:00 HAL9000 kwin_wayland[2468]: KXLGEO1 {"k":"win","s":1,"id":"{28bdcf93-d890-4900-92bc-8851b8097194}","cls":"org.kde.kwrite","caption":"kxl-a1.txt — KWrite","output":"DP-3","desktops":["89539ae6-e06b-4c76-a057-95df959578a9"],"activities":["a89f5ec2-ab8e-4108-8088-7118500a3aab"],"onAllDesktops":false,"geo":{"x":1248,"y":700,"w":672,"h":350,"exakt":true},"min":{"w":157,"h":150},"max":{"w":2147483647,"h":2147483647},"fullScreen":false,"minimized":false,"maximizeMode":0,"moveable":true,"resizeable":true,"move":false,"resize":false,"managed":true,"deleted":false,"normalWindow":true,"specialWindow":false,"popupWindow":false,"dialog":false,"utility":false,"splash":false,"dock":false,"transient":false,"modal":false,"transientFor":null,"r":1788716456675,"n":19,"ms":479}
2026-09-06T19:40:57+02:00 HAL9000 kwin_wayland[2468]: KXLGEO1 {"k":"win","s":1,"id":"{38b7d072-075b-409d-8a6f-014d9c819ff5}","cls":"org.kde.kwrite","caption":"kxl-a2.txt — KWrite","output":"DP-3","desktops":["89539ae6-e06b-4c76-a057-95df959578a9"],"activities":["a89f5ec2-ab8e-4108-8088-7118500a3aab"],"onAllDesktops":false,"geo":{"x":1248,"y":350,"w":672,"h":350,"exakt":true},"min":{"w":157,"h":150},"max":{"w":2147483647,"h":2147483647},"fullScreen":false,"minimized":false,"maximizeMode":0,"moveable":true,"resizeable":true,"move":false,"resize":false,"managed":true,"deleted":false,"normalWindow":true,"specialWindow":false,"popupWindow":false,"dialog":false,"utility":false,"splash":false,"dock":false,"transient":false,"modal":false,"transientFor":null,"r":1788716456675,"n":20,"ms":480}
2026-09-06T19:40:57+02:00 HAL9000 kwin_wayland[2468]: KXLGEO1 {"k":"win","s":1,"id":"{28cf93d9-18fe-460f-99bf-07a714706ddd}","cls":"org.kde.kwrite","caption":"kxl-a3.txt — KWrite","output":"DP-3","desktops":["89539ae6-e06b-4c76-a057-95df959578a9"],"activities":["a89f5ec2-ab8e-4108-8088-7118500a3aab"],"onAllDesktops":false,"geo":{"x":1248,"y":0,"w":672,"h":350,"exakt":true},"min":{"w":157,"h":150},"max":{"w":2147483647,"h":2147483647},"fullScreen":false,"minimized":false,"maximizeMode":0,"moveable":true,"resizeable":true,"move":false,"resize":false,"managed":true,"deleted":false,"normalWindow":true,"specialWindow":false,"popupWindow":false,"dialog":false,"utility":false,"splash":false,"dock":false,"transient":false,"modal":false,"transientFor":null,"r":1788716456675,"n":21,"ms":480}
2026-09-06T19:40:57+02:00 HAL9000 kwin_wayland[2468]: KXLGEO1 {"k":"win","s":1,"id":"{9cea3fcd-22eb-447b-a180-9096201dc0af}","cls":"org.kde.kwrite","caption":"kxl-b1.txt — KWrite","output":"eDP-1","desktops":["89539ae6-e06b-4c76-a057-95df959578a9"],"activities":["a89f5ec2-ab8e-4108-8088-7118500a3aab"],"onAllDesktops":false,"geo":{"x":3168,"y":0,"w":672,"h":1080,"exakt":true},"min":{"w":157,"h":150},"max":{"w":2147483647,"h":2147483647},"fullScreen":false,"minimized":false,"maximizeMode":0,"moveable":true,"resizeable":true,"move":false,"resize":false,"managed":true,"deleted":false,"normalWindow":true,"specialWindow":false,"popupWindow":false,"dialog":false,"utility":false,"splash":false,"dock":false,"transient":false,"modal":false,"transientFor":null,"r":1788716456675,"n":22,"ms":480}
2026-09-06T19:40:57+02:00 HAL9000 kwin_wayland[2468]: KXLGEO1 {"k":"win","s":1,"id":"{36c69109-99f8-4079-9fb7-02567acde176}","cls":"org.kde.kwrite","caption":"kxl-b3.txt — KWrite","output":"eDP-1","desktops":["89539ae6-e06b-4c76-a057-95df959578a9"],"activities":["a89f5ec2-ab8e-4108-8088-7118500a3aab"],"onAllDesktops":false,"geo":{"x":1920,"y":0,"w":1248,"h":1080,"exakt":true},"min":{"w":157,"h":150},"max":{"w":2147483647,"h":2147483647},"fullScreen":false,"minimized":false,"maximizeMode":0,"moveable":true,"resizeable":true,"move":false,"resize":false,"managed":true,"deleted":false,"normalWindow":true,"specialWindow":false,"popupWindow":false,"dialog":false,"utility":false,"splash":false,"dock":false,"transient":false,"modal":false,"transientFor":null,"r":1788716456675,"n":23,"ms":481}
2026-09-06T19:40:57+02:00 HAL9000 kwin_wayland[2468]: KXLGEO1 {"k":"win","s":1,"id":"{d748ac35-9960-4cef-bb7c-f3de0dbc346c}","cls":"org.kde.kwrite","caption":"kxl-b4.txt — KWrite","output":"DP-3","desktops":["89539ae6-e06b-4c76-a057-95df959578a9"],"activities":["a89f5ec2-ab8e-4108-8088-7118500a3aab"],"onAllDesktops":false,"geo":{"x":0,"y":0,"w":1248,"h":1050,"exakt":true},"min":{"w":157,"h":150},"max":{"w":2147483647,"h":2147483647},"fullScreen":false,"minimized":false,"maximizeMode":0,"moveable":true,"resizeable":true,"move":false,"resize":false,"managed":true,"deleted":false,"normalWindow":true,"specialWindow":false,"popupWindow":false,"dialog":false,"utility":false,"splash":false,"dock":false,"transient":false,"modal":false,"transientFor":null,"r":1788716456675,"n":24,"ms":481}
2026-09-06T19:40:58+02:00 HAL9000 kwin_wayland[2468]: KXLGEO1 {"k":"view","s":2,"key":"a89f5ec2-ab8e-4108-8088-7118500a3aab|89539ae6-e06b-4c76-a057-95df959578a9|eDP-1","activity":"a89f5ec2-ab8e-4108-8088-7118500a3aab","desktop":"89539ae6-e06b-4c76-a057-95df959578a9","output":"eDP-1","area":{"x":1920,"y":0,"w":1920,"h":1080,"exakt":true},"r":1788716456675,"n":25,"ms":1476}
2026-09-06T19:40:58+02:00 HAL9000 kwin_wayland[2468]: KXLGEO1 {"k":"view","s":2,"key":"a89f5ec2-ab8e-4108-8088-7118500a3aab|89539ae6-e06b-4c76-a057-95df959578a9|DP-3","activity":"a89f5ec2-ab8e-4108-8088-7118500a3aab","desktop":"89539ae6-e06b-4c76-a057-95df959578a9","output":"DP-3","area":{"x":0,"y":0,"w":1920,"h":1050,"exakt":true},"r":1788716456675,"n":26,"ms":1476}
2026-09-06T19:40:58+02:00 HAL9000 kwin_wayland[2468]: KXLGEO1 {"k":"active","s":2,"activeId":"{d748ac35-9960-4cef-bb7c-f3de0dbc346c}","r":1788716456675,"n":27,"ms":1477}
2026-09-06T19:40:58+02:00 HAL9000 kwin_wayland[2468]: KXLGEO1 {"k":"win","s":2,"id":"{89b38cc9-014d-4323-ae5d-4c07d535682f}","cls":"plasmashell","caption":"<Titel entfernt>","output":"DP-3","desktops":[],"activities":[],"onAllDesktops":true,"geo":{"x":0,"y":0,"w":1920,"h":1080,"exakt":true},"min":{"w":0,"h":0},"max":{"w":2147483647,"h":2147483647},"fullScreen":false,"minimized":false,"maximizeMode":0,"moveable":false,"resizeable":false,"move":false,"resize":false,"managed":true,"deleted":false,"normalWindow":false,"specialWindow":true,"popupWindow":false,"dialog":false,"utility":false,"splash":false,"dock":false,"transient":false,"modal":false,"transientFor":null,"r":1788716456675,"n":28,"ms":1477}
2026-09-06T19:40:58+02:00 HAL9000 kwin_wayland[2468]: KXLGEO1 {"k":"win","s":2,"id":"{2a15acd8-fb85-4dbe-b1e1-052a1352b6f3}","cls":"plasmashell","caption":"<Titel entfernt>","output":"DP-3","desktops":[],"activities":[],"onAllDesktops":true,"geo":{"x":0,"y":1050,"w":1920,"h":30,"exakt":true},"min":{"w":0,"h":0},"max":{"w":2147483647,"h":2147483647},"fullScreen":false,"minimized":false,"maximizeMode":0,"moveable":false,"resizeable":false,"move":false,"resize":false,"managed":true,"deleted":false,"normalWindow":false,"specialWindow":true,"popupWindow":false,"dialog":false,"utility":false,"splash":false,"dock":true,"transient":false,"modal":false,"transientFor":null,"r":1788716456675,"n":29,"ms":1478}
2026-09-06T19:40:58+02:00 HAL9000 kwin_wayland[2468]: KXLGEO1 {"k":"win","s":2,"id":"{68c8c0bd-e77e-4ce2-a24c-d370d686cb75}","cls":"plasmashell","caption":"<Titel entfernt>","output":"eDP-1","desktops":[],"activities":[],"onAllDesktops":true,"geo":{"x":1920,"y":0,"w":1920,"h":1080,"exakt":true},"min":{"w":0,"h":0},"max":{"w":2147483647,"h":2147483647},"fullScreen":false,"minimized":false,"maximizeMode":0,"moveable":false,"resizeable":false,"move":false,"resize":false,"managed":true,"deleted":false,"normalWindow":false,"specialWindow":true,"popupWindow":false,"dialog":false,"utility":false,"splash":false,"dock":false,"transient":false,"modal":false,"transientFor":null,"r":1788716456675,"n":30,"ms":1478}
2026-09-06T19:40:58+02:00 HAL9000 kwin_wayland[2468]: KXLGEO1 {"k":"win","s":2,"id":"{28bdcf93-d890-4900-92bc-8851b8097194}","cls":"org.kde.kwrite","caption":"kxl-a1.txt — KWrite","output":"DP-3","desktops":["89539ae6-e06b-4c76-a057-95df959578a9"],"activities":["a89f5ec2-ab8e-4108-8088-7118500a3aab"],"onAllDesktops":false,"geo":{"x":1248,"y":700,"w":672,"h":350,"exakt":true},"min":{"w":157,"h":150},"max":{"w":2147483647,"h":2147483647},"fullScreen":false,"minimized":false,"maximizeMode":0,"moveable":true,"resizeable":true,"move":false,"resize":false,"managed":true,"deleted":false,"normalWindow":true,"specialWindow":false,"popupWindow":false,"dialog":false,"utility":false,"splash":false,"dock":false,"transient":false,"modal":false,"transientFor":null,"r":1788716456675,"n":31,"ms":1479}
2026-09-06T19:40:58+02:00 HAL9000 kwin_wayland[2468]: KXLGEO1 {"k":"win","s":2,"id":"{38b7d072-075b-409d-8a6f-014d9c819ff5}","cls":"org.kde.kwrite","caption":"kxl-a2.txt — KWrite","output":"DP-3","desktops":["89539ae6-e06b-4c76-a057-95df959578a9"],"activities":["a89f5ec2-ab8e-4108-8088-7118500a3aab"],"onAllDesktops":false,"geo":{"x":1248,"y":350,"w":672,"h":350,"exakt":true},"min":{"w":157,"h":150},"max":{"w":2147483647,"h":2147483647},"fullScreen":false,"minimized":false,"maximizeMode":0,"moveable":true,"resizeable":true,"move":false,"resize":false,"managed":true,"deleted":false,"normalWindow":true,"specialWindow":false,"popupWindow":false,"dialog":false,"utility":false,"splash":false,"dock":false,"transient":false,"modal":false,"transientFor":null,"r":1788716456675,"n":32,"ms":1479}
2026-09-06T19:40:58+02:00 HAL9000 kwin_wayland[2468]: KXLGEO1 {"k":"win","s":2,"id":"{28cf93d9-18fe-460f-99bf-07a714706ddd}","cls":"org.kde.kwrite","caption":"kxl-a3.txt — KWrite","output":"DP-3","desktops":["89539ae6-e06b-4c76-a057-95df959578a9"],"activities":["a89f5ec2-ab8e-4108-8088-7118500a3aab"],"onAllDesktops":false,"geo":{"x":1248,"y":0,"w":672,"h":350,"exakt":true},"min":{"w":157,"h":150},"max":{"w":2147483647,"h":2147483647},"fullScreen":false,"minimized":false,"maximizeMode":0,"moveable":true,"resizeable":true,"move":false,"resize":false,"managed":true,"deleted":false,"normalWindow":true,"specialWindow":false,"popupWindow":false,"dialog":false,"utility":false,"splash":false,"dock":false,"transient":false,"modal":false,"transientFor":null,"r":1788716456675,"n":33,"ms":1480}
2026-09-06T19:40:58+02:00 HAL9000 kwin_wayland[2468]: KXLGEO1 {"k":"win","s":2,"id":"{9cea3fcd-22eb-447b-a180-9096201dc0af}","cls":"org.kde.kwrite","caption":"kxl-b1.txt — KWrite","output":"eDP-1","desktops":["89539ae6-e06b-4c76-a057-95df959578a9"],"activities":["a89f5ec2-ab8e-4108-8088-7118500a3aab"],"onAllDesktops":false,"geo":{"x":3168,"y":0,"w":672,"h":1080,"exakt":true},"min":{"w":157,"h":150},"max":{"w":2147483647,"h":2147483647},"fullScreen":false,"minimized":false,"maximizeMode":0,"moveable":true,"resizeable":true,"move":false,"resize":false,"managed":true,"deleted":false,"normalWindow":true,"specialWindow":false,"popupWindow":false,"dialog":false,"utility":false,"splash":false,"dock":false,"transient":false,"modal":false,"transientFor":null,"r":1788716456675,"n":34,"ms":1480}
2026-09-06T19:40:58+02:00 HAL9000 kwin_wayland[2468]: KXLGEO1 {"k":"win","s":2,"id":"{36c69109-99f8-4079-9fb7-02567acde176}","cls":"org.kde.kwrite","caption":"kxl-b3.txt — KWrite","output":"eDP-1","desktops":["89539ae6-e06b-4c76-a057-95df959578a9"],"activities":["a89f5ec2-ab8e-4108-8088-7118500a3aab"],"onAllDesktops":false,"geo":{"x":1920,"y":0,"w":1248,"h":1080,"exakt":true},"min":{"w":157,"h":150},"max":{"w":2147483647,"h":2147483647},"fullScreen":false,"minimized":false,"maximizeMode":0,"moveable":true,"resizeable":true,"move":false,"resize":false,"managed":true,"deleted":false,"normalWindow":true,"specialWindow":false,"popupWindow":false,"dialog":false,"utility":false,"splash":false,"dock":false,"transient":false,"modal":false,"transientFor":null,"r":1788716456675,"n":35,"ms":1481}
2026-09-06T19:40:58+02:00 HAL9000 kwin_wayland[2468]: KXLGEO1 {"k":"win","s":2,"id":"{d748ac35-9960-4cef-bb7c-f3de0dbc346c}","cls":"org.kde.kwrite","caption":"kxl-b4.txt — KWrite","output":"DP-3","desktops":["89539ae6-e06b-4c76-a057-95df959578a9"],"activities":["a89f5ec2-ab8e-4108-8088-7118500a3aab"],"onAllDesktops":false,"geo":{"x":0,"y":0,"w":1248,"h":1050,"exakt":true},"min":{"w":157,"h":150},"max":{"w":2147483647,"h":2147483647},"fullScreen":false,"minimized":false,"maximizeMode":0,"moveable":true,"resizeable":true,"move":false,"resize":false,"managed":true,"deleted":false,"normalWindow":true,"specialWindow":false,"popupWindow":false,"dialog":false,"utility":false,"splash":false,"dock":false,"transient":false,"modal":false,"transientFor":null,"r":1788716456675,"n":36,"ms":1481}
2026-09-06T19:40:59+02:00 HAL9000 kwin_wayland[2468]: KXLGEO1 {"k":"view","s":3,"key":"a89f5ec2-ab8e-4108-8088-7118500a3aab|89539ae6-e06b-4c76-a057-95df959578a9|eDP-1","activity":"a89f5ec2-ab8e-4108-8088-7118500a3aab","desktop":"89539ae6-e06b-4c76-a057-95df959578a9","output":"eDP-1","area":{"x":1920,"y":0,"w":1920,"h":1080,"exakt":true},"r":1788716456675,"n":37,"ms":2975}
2026-09-06T19:40:59+02:00 HAL9000 kwin_wayland[2468]: KXLGEO1 {"k":"view","s":3,"key":"a89f5ec2-ab8e-4108-8088-7118500a3aab|89539ae6-e06b-4c76-a057-95df959578a9|DP-3","activity":"a89f5ec2-ab8e-4108-8088-7118500a3aab","desktop":"89539ae6-e06b-4c76-a057-95df959578a9","output":"DP-3","area":{"x":0,"y":0,"w":1920,"h":1050,"exakt":true},"r":1788716456675,"n":38,"ms":2975}
2026-09-06T19:40:59+02:00 HAL9000 kwin_wayland[2468]: KXLGEO1 {"k":"active","s":3,"activeId":"{d748ac35-9960-4cef-bb7c-f3de0dbc346c}","r":1788716456675,"n":39,"ms":2976}
2026-09-06T19:40:59+02:00 HAL9000 kwin_wayland[2468]: KXLGEO1 {"k":"win","s":3,"id":"{89b38cc9-014d-4323-ae5d-4c07d535682f}","cls":"plasmashell","caption":"<Titel entfernt>","output":"DP-3","desktops":[],"activities":[],"onAllDesktops":true,"geo":{"x":0,"y":0,"w":1920,"h":1080,"exakt":true},"min":{"w":0,"h":0},"max":{"w":2147483647,"h":2147483647},"fullScreen":false,"minimized":false,"maximizeMode":0,"moveable":false,"resizeable":false,"move":false,"resize":false,"managed":true,"deleted":false,"normalWindow":false,"specialWindow":true,"popupWindow":false,"dialog":false,"utility":false,"splash":false,"dock":false,"transient":false,"modal":false,"transientFor":null,"r":1788716456675,"n":40,"ms":2976}
2026-09-06T19:40:59+02:00 HAL9000 kwin_wayland[2468]: KXLGEO1 {"k":"win","s":3,"id":"{2a15acd8-fb85-4dbe-b1e1-052a1352b6f3}","cls":"plasmashell","caption":"<Titel entfernt>","output":"DP-3","desktops":[],"activities":[],"onAllDesktops":true,"geo":{"x":0,"y":1050,"w":1920,"h":30,"exakt":true},"min":{"w":0,"h":0},"max":{"w":2147483647,"h":2147483647},"fullScreen":false,"minimized":false,"maximizeMode":0,"moveable":false,"resizeable":false,"move":false,"resize":false,"managed":true,"deleted":false,"normalWindow":false,"specialWindow":true,"popupWindow":false,"dialog":false,"utility":false,"splash":false,"dock":true,"transient":false,"modal":false,"transientFor":null,"r":1788716456675,"n":41,"ms":2976}
2026-09-06T19:40:59+02:00 HAL9000 kwin_wayland[2468]: KXLGEO1 {"k":"win","s":3,"id":"{68c8c0bd-e77e-4ce2-a24c-d370d686cb75}","cls":"plasmashell","caption":"<Titel entfernt>","output":"eDP-1","desktops":[],"activities":[],"onAllDesktops":true,"geo":{"x":1920,"y":0,"w":1920,"h":1080,"exakt":true},"min":{"w":0,"h":0},"max":{"w":2147483647,"h":2147483647},"fullScreen":false,"minimized":false,"maximizeMode":0,"moveable":false,"resizeable":false,"move":false,"resize":false,"managed":true,"deleted":false,"normalWindow":false,"specialWindow":true,"popupWindow":false,"dialog":false,"utility":false,"splash":false,"dock":false,"transient":false,"modal":false,"transientFor":null,"r":1788716456675,"n":42,"ms":2976}
2026-09-06T19:40:59+02:00 HAL9000 kwin_wayland[2468]: KXLGEO1 {"k":"win","s":3,"id":"{28bdcf93-d890-4900-92bc-8851b8097194}","cls":"org.kde.kwrite","caption":"kxl-a1.txt — KWrite","output":"DP-3","desktops":["89539ae6-e06b-4c76-a057-95df959578a9"],"activities":["a89f5ec2-ab8e-4108-8088-7118500a3aab"],"onAllDesktops":false,"geo":{"x":1248,"y":700,"w":672,"h":350,"exakt":true},"min":{"w":157,"h":150},"max":{"w":2147483647,"h":2147483647},"fullScreen":false,"minimized":false,"maximizeMode":0,"moveable":true,"resizeable":true,"move":false,"resize":false,"managed":true,"deleted":false,"normalWindow":true,"specialWindow":false,"popupWindow":false,"dialog":false,"utility":false,"splash":false,"dock":false,"transient":false,"modal":false,"transientFor":null,"r":1788716456675,"n":43,"ms":2976}
2026-09-06T19:40:59+02:00 HAL9000 kwin_wayland[2468]: KXLGEO1 {"k":"win","s":3,"id":"{38b7d072-075b-409d-8a6f-014d9c819ff5}","cls":"org.kde.kwrite","caption":"kxl-a2.txt — KWrite","output":"DP-3","desktops":["89539ae6-e06b-4c76-a057-95df959578a9"],"activities":["a89f5ec2-ab8e-4108-8088-7118500a3aab"],"onAllDesktops":false,"geo":{"x":1248,"y":350,"w":672,"h":350,"exakt":true},"min":{"w":157,"h":150},"max":{"w":2147483647,"h":2147483647},"fullScreen":false,"minimized":false,"maximizeMode":0,"moveable":true,"resizeable":true,"move":false,"resize":false,"managed":true,"deleted":false,"normalWindow":true,"specialWindow":false,"popupWindow":false,"dialog":false,"utility":false,"splash":false,"dock":false,"transient":false,"modal":false,"transientFor":null,"r":1788716456675,"n":44,"ms":2976}
2026-09-06T19:40:59+02:00 HAL9000 kwin_wayland[2468]: KXLGEO1 {"k":"win","s":3,"id":"{28cf93d9-18fe-460f-99bf-07a714706ddd}","cls":"org.kde.kwrite","caption":"kxl-a3.txt — KWrite","output":"DP-3","desktops":["89539ae6-e06b-4c76-a057-95df959578a9"],"activities":["a89f5ec2-ab8e-4108-8088-7118500a3aab"],"onAllDesktops":false,"geo":{"x":1248,"y":0,"w":672,"h":350,"exakt":true},"min":{"w":157,"h":150},"max":{"w":2147483647,"h":2147483647},"fullScreen":false,"minimized":false,"maximizeMode":0,"moveable":true,"resizeable":true,"move":false,"resize":false,"managed":true,"deleted":false,"normalWindow":true,"specialWindow":false,"popupWindow":false,"dialog":false,"utility":false,"splash":false,"dock":false,"transient":false,"modal":false,"transientFor":null,"r":1788716456675,"n":45,"ms":2976}
2026-09-06T19:40:59+02:00 HAL9000 kwin_wayland[2468]: KXLGEO1 {"k":"win","s":3,"id":"{9cea3fcd-22eb-447b-a180-9096201dc0af}","cls":"org.kde.kwrite","caption":"kxl-b1.txt — KWrite","output":"eDP-1","desktops":["89539ae6-e06b-4c76-a057-95df959578a9"],"activities":["a89f5ec2-ab8e-4108-8088-7118500a3aab"],"onAllDesktops":false,"geo":{"x":3168,"y":0,"w":672,"h":1080,"exakt":true},"min":{"w":157,"h":150},"max":{"w":2147483647,"h":2147483647},"fullScreen":false,"minimized":false,"maximizeMode":0,"moveable":true,"resizeable":true,"move":false,"resize":false,"managed":true,"deleted":false,"normalWindow":true,"specialWindow":false,"popupWindow":false,"dialog":false,"utility":false,"splash":false,"dock":false,"transient":false,"modal":false,"transientFor":null,"r":1788716456675,"n":46,"ms":2977}
2026-09-06T19:40:59+02:00 HAL9000 kwin_wayland[2468]: KXLGEO1 {"k":"win","s":3,"id":"{36c69109-99f8-4079-9fb7-02567acde176}","cls":"org.kde.kwrite","caption":"kxl-b3.txt — KWrite","output":"eDP-1","desktops":["89539ae6-e06b-4c76-a057-95df959578a9"],"activities":["a89f5ec2-ab8e-4108-8088-7118500a3aab"],"onAllDesktops":false,"geo":{"x":1920,"y":0,"w":1248,"h":1080,"exakt":true},"min":{"w":157,"h":150},"max":{"w":2147483647,"h":2147483647},"fullScreen":false,"minimized":false,"maximizeMode":0,"moveable":true,"resizeable":true,"move":false,"resize":false,"managed":true,"deleted":false,"normalWindow":true,"specialWindow":false,"popupWindow":false,"dialog":false,"utility":false,"splash":false,"dock":false,"transient":false,"modal":false,"transientFor":null,"r":1788716456675,"n":47,"ms":2977}
2026-09-06T19:40:59+02:00 HAL9000 kwin_wayland[2468]: KXLGEO1 {"k":"win","s":3,"id":"{d748ac35-9960-4cef-bb7c-f3de0dbc346c}","cls":"org.kde.kwrite","caption":"kxl-b4.txt — KWrite","output":"DP-3","desktops":["89539ae6-e06b-4c76-a057-95df959578a9"],"activities":["a89f5ec2-ab8e-4108-8088-7118500a3aab"],"onAllDesktops":false,"geo":{"x":0,"y":0,"w":1248,"h":1050,"exakt":true},"min":{"w":157,"h":150},"max":{"w":2147483647,"h":2147483647},"fullScreen":false,"minimized":false,"maximizeMode":0,"moveable":true,"resizeable":true,"move":false,"resize":false,"managed":true,"deleted":false,"normalWindow":true,"specialWindow":false,"popupWindow":false,"dialog":false,"utility":false,"splash":false,"dock":false,"transient":false,"modal":false,"transientFor":null,"r":1788716456675,"n":48,"ms":2977}
2026-09-06T19:40:59+02:00 HAL9000 kwin_wayland[2468]: KXLGEO1 {"k":"end","st":"ok","total":49,"samples":4,"fehler":0,"timer_aktiv":0,"r":1788716456675,"n":49,"ms":2977}
2026-09-06T19:41:35+02:00 HAL9000 kwin_wayland[2468]: kwin-xmonad-lite: extern {d748ac35-9960-4cef-bb7c-f3de0dbc346c}
2026-09-06T19:41:35+02:00 HAL9000 kwin_wayland[2468]: kwin-xmonad-lite: arrange #18 grund=geometrieExtern,fensterzustand surfaces=2 mitglieder=6 teilnehmer=6
2026-09-06T19:41:35+02:00 HAL9000 kwin_wayland[2468]: kwin-xmonad-lite: surface a89f5ec2-ab8e-4108-8088-7118500a3aab|89539ae6-e06b-4c76-a057-95df959578a9|eDP-1 layout=tall n=3 ratio=0.65 fläche=1920x1080+1920+0
2026-09-06T19:41:35+02:00 HAL9000 kwin_wayland[2468]: kwin-xmonad-lite: diagnose a89f5ec2-ab8e-4108-8088-7118500a3aab|89539ae6-e06b-4c76-a057-95df959578a9|eDP-1 order={d748ac35-9960-4cef-bb7c-f3de0dbc346c},{36c69109-99f8-4079-9fb7-02567acde176},{9cea3fcd-22eb-447b-a180-9096201dc0af} teilnehmer={d748ac35-9960-4cef-bb7c-f3de0dbc346c},{36c69109-99f8-4079-9fb7-02567acde176},{9cea3fcd-22eb-447b-a180-9096201dc0af} float=
2026-09-06T19:41:35+02:00 HAL9000 kwin_wayland[2468]: kwin-xmonad-lite: apply {d748ac35-9960-4cef-bb7c-f3de0dbc346c} soll=1248x1080+1920+0
2026-09-06T19:41:35+02:00 HAL9000 kwin_wayland[2468]: kwin-xmonad-lite: apply {36c69109-99f8-4079-9fb7-02567acde176} soll=672x540+3168+0
2026-09-06T19:41:35+02:00 HAL9000 kwin_wayland[2468]: kwin-xmonad-lite: apply {9cea3fcd-22eb-447b-a180-9096201dc0af} soll=672x540+3168+540
2026-09-06T19:41:35+02:00 HAL9000 kwin_wayland[2468]: kwin-xmonad-lite: surface a89f5ec2-ab8e-4108-8088-7118500a3aab|89539ae6-e06b-4c76-a057-95df959578a9|DP-3 layout=tall n=3 ratio=0.65 fläche=1920x1050+0+0
2026-09-06T19:41:35+02:00 HAL9000 kwin_wayland[2468]: kwin-xmonad-lite: diagnose a89f5ec2-ab8e-4108-8088-7118500a3aab|89539ae6-e06b-4c76-a057-95df959578a9|DP-3 order={28cf93d9-18fe-460f-99bf-07a714706ddd},{38b7d072-075b-409d-8a6f-014d9c819ff5},{28bdcf93-d890-4900-92bc-8851b8097194} teilnehmer={28cf93d9-18fe-460f-99bf-07a714706ddd},{38b7d072-075b-409d-8a6f-014d9c819ff5},{28bdcf93-d890-4900-92bc-8851b8097194} float=
2026-09-06T19:41:35+02:00 HAL9000 kwin_wayland[2468]: kwin-xmonad-lite: apply {28cf93d9-18fe-460f-99bf-07a714706ddd} soll=1248x1050+0+0
2026-09-06T19:41:35+02:00 HAL9000 kwin_wayland[2468]: kwin-xmonad-lite: apply {38b7d072-075b-409d-8a6f-014d9c819ff5} soll=672x525+1248+0
2026-09-06T19:41:35+02:00 HAL9000 kwin_wayland[2468]: kwin-xmonad-lite: apply {28bdcf93-d890-4900-92bc-8851b8097194} soll=672x525+1248+525
2026-09-06T19:41:54+02:00 HAL9000 kwin_wayland[2468]: kwin-xmonad-lite: befehl nextLayout surface=a89f5ec2-ab8e-4108-8088-7118500a3aab|89539ae6-e06b-4c76-a057-95df959578a9|eDP-1 via=aktiv layout=full
2026-09-06T19:41:54+02:00 HAL9000 kwin_wayland[2468]: kwin-xmonad-lite: arrange #19 grund=shortcut:nextLayout surfaces=2 mitglieder=6 teilnehmer=6
2026-09-06T19:41:54+02:00 HAL9000 kwin_wayland[2468]: kwin-xmonad-lite: surface a89f5ec2-ab8e-4108-8088-7118500a3aab|89539ae6-e06b-4c76-a057-95df959578a9|eDP-1 layout=full n=3 ratio=0.65 fläche=1920x1080+1920+0
2026-09-06T19:41:54+02:00 HAL9000 kwin_wayland[2468]: kwin-xmonad-lite: diagnose a89f5ec2-ab8e-4108-8088-7118500a3aab|89539ae6-e06b-4c76-a057-95df959578a9|eDP-1 order={d748ac35-9960-4cef-bb7c-f3de0dbc346c},{36c69109-99f8-4079-9fb7-02567acde176},{9cea3fcd-22eb-447b-a180-9096201dc0af} teilnehmer={d748ac35-9960-4cef-bb7c-f3de0dbc346c},{36c69109-99f8-4079-9fb7-02567acde176},{9cea3fcd-22eb-447b-a180-9096201dc0af} float=
2026-09-06T19:41:54+02:00 HAL9000 kwin_wayland[2468]: kwin-xmonad-lite: apply {d748ac35-9960-4cef-bb7c-f3de0dbc346c} soll=1920x1080+1920+0
2026-09-06T19:41:54+02:00 HAL9000 kwin_wayland[2468]: kwin-xmonad-lite: apply {36c69109-99f8-4079-9fb7-02567acde176} soll=1920x1080+1920+0
2026-09-06T19:41:54+02:00 HAL9000 kwin_wayland[2468]: kwin-xmonad-lite: apply {9cea3fcd-22eb-447b-a180-9096201dc0af} soll=1920x1080+1920+0
2026-09-06T19:41:54+02:00 HAL9000 kwin_wayland[2468]: kwin-xmonad-lite: surface a89f5ec2-ab8e-4108-8088-7118500a3aab|89539ae6-e06b-4c76-a057-95df959578a9|DP-3 layout=tall n=3 ratio=0.65 fläche=1920x1050+0+0
2026-09-06T19:41:54+02:00 HAL9000 kwin_wayland[2468]: kwin-xmonad-lite: diagnose a89f5ec2-ab8e-4108-8088-7118500a3aab|89539ae6-e06b-4c76-a057-95df959578a9|DP-3 order={28cf93d9-18fe-460f-99bf-07a714706ddd},{38b7d072-075b-409d-8a6f-014d9c819ff5},{28bdcf93-d890-4900-92bc-8851b8097194} teilnehmer={28cf93d9-18fe-460f-99bf-07a714706ddd},{38b7d072-075b-409d-8a6f-014d9c819ff5},{28bdcf93-d890-4900-92bc-8851b8097194} float=
2026-09-06T19:42:04+02:00 HAL9000 kwin_wayland[2468]: kwin-xmonad-lite: arrange #20 grund=windowActivated surfaces=2 mitglieder=6 teilnehmer=6
2026-09-06T19:42:04+02:00 HAL9000 kwin_wayland[2468]: kwin-xmonad-lite: surface a89f5ec2-ab8e-4108-8088-7118500a3aab|89539ae6-e06b-4c76-a057-95df959578a9|eDP-1 layout=full n=3 ratio=0.65 fläche=1920x1080+1920+0
2026-09-06T19:42:04+02:00 HAL9000 kwin_wayland[2468]: kwin-xmonad-lite: diagnose a89f5ec2-ab8e-4108-8088-7118500a3aab|89539ae6-e06b-4c76-a057-95df959578a9|eDP-1 order={d748ac35-9960-4cef-bb7c-f3de0dbc346c},{36c69109-99f8-4079-9fb7-02567acde176},{9cea3fcd-22eb-447b-a180-9096201dc0af} teilnehmer={d748ac35-9960-4cef-bb7c-f3de0dbc346c},{36c69109-99f8-4079-9fb7-02567acde176},{9cea3fcd-22eb-447b-a180-9096201dc0af} float=
2026-09-06T19:42:04+02:00 HAL9000 kwin_wayland[2468]: kwin-xmonad-lite: surface a89f5ec2-ab8e-4108-8088-7118500a3aab|89539ae6-e06b-4c76-a057-95df959578a9|DP-3 layout=tall n=3 ratio=0.65 fläche=1920x1050+0+0
2026-09-06T19:42:04+02:00 HAL9000 kwin_wayland[2468]: kwin-xmonad-lite: diagnose a89f5ec2-ab8e-4108-8088-7118500a3aab|89539ae6-e06b-4c76-a057-95df959578a9|DP-3 order={28cf93d9-18fe-460f-99bf-07a714706ddd},{38b7d072-075b-409d-8a6f-014d9c819ff5},{28bdcf93-d890-4900-92bc-8851b8097194} teilnehmer={28cf93d9-18fe-460f-99bf-07a714706ddd},{38b7d072-075b-409d-8a6f-014d9c819ff5},{28bdcf93-d890-4900-92bc-8851b8097194} float=
2026-09-06T19:42:06+02:00 HAL9000 kwin_wayland[2468]: kwin-xmonad-lite: befehl focusMaster surface=a89f5ec2-ab8e-4108-8088-7118500a3aab|89539ae6-e06b-4c76-a057-95df959578a9|DP-3 via=aktiv fokus={28cf93d9-18fe-460f-99bf-07a714706ddd}
2026-09-06T19:42:06+02:00 HAL9000 kwin_wayland[2468]: kwin-xmonad-lite: aktiviere {28cf93d9-18fe-460f-99bf-07a714706ddd}
2026-09-06T19:42:06+02:00 HAL9000 kwin_wayland[2468]: kwin-xmonad-lite: arrange #21 grund=windowActivated,shortcut:focusMaster surfaces=2 mitglieder=6 teilnehmer=6
2026-09-06T19:42:06+02:00 HAL9000 kwin_wayland[2468]: kwin-xmonad-lite: surface a89f5ec2-ab8e-4108-8088-7118500a3aab|89539ae6-e06b-4c76-a057-95df959578a9|eDP-1 layout=full n=3 ratio=0.65 fläche=1920x1080+1920+0
2026-09-06T19:42:06+02:00 HAL9000 kwin_wayland[2468]: kwin-xmonad-lite: diagnose a89f5ec2-ab8e-4108-8088-7118500a3aab|89539ae6-e06b-4c76-a057-95df959578a9|eDP-1 order={d748ac35-9960-4cef-bb7c-f3de0dbc346c},{36c69109-99f8-4079-9fb7-02567acde176},{9cea3fcd-22eb-447b-a180-9096201dc0af} teilnehmer={d748ac35-9960-4cef-bb7c-f3de0dbc346c},{36c69109-99f8-4079-9fb7-02567acde176},{9cea3fcd-22eb-447b-a180-9096201dc0af} float=
2026-09-06T19:42:06+02:00 HAL9000 kwin_wayland[2468]: kwin-xmonad-lite: surface a89f5ec2-ab8e-4108-8088-7118500a3aab|89539ae6-e06b-4c76-a057-95df959578a9|DP-3 layout=tall n=3 ratio=0.65 fläche=1920x1050+0+0
2026-09-06T19:42:06+02:00 HAL9000 kwin_wayland[2468]: kwin-xmonad-lite: diagnose a89f5ec2-ab8e-4108-8088-7118500a3aab|89539ae6-e06b-4c76-a057-95df959578a9|DP-3 order={28cf93d9-18fe-460f-99bf-07a714706ddd},{38b7d072-075b-409d-8a6f-014d9c819ff5},{28bdcf93-d890-4900-92bc-8851b8097194} teilnehmer={28cf93d9-18fe-460f-99bf-07a714706ddd},{38b7d072-075b-409d-8a6f-014d9c819ff5},{28bdcf93-d890-4900-92bc-8851b8097194} float=
2026-09-06T19:42:18+02:00 HAL9000 kwin_wayland[2468]: kwin-xmonad-lite: befehl focusNext surface=a89f5ec2-ab8e-4108-8088-7118500a3aab|89539ae6-e06b-4c76-a057-95df959578a9|DP-3 via=aktiv fokus={38b7d072-075b-409d-8a6f-014d9c819ff5}
2026-09-06T19:42:18+02:00 HAL9000 kwin_wayland[2468]: kwin-xmonad-lite: aktiviere {38b7d072-075b-409d-8a6f-014d9c819ff5}
2026-09-06T19:42:18+02:00 HAL9000 kwin_wayland[2468]: kwin-xmonad-lite: arrange #22 grund=windowActivated,shortcut:focusNext surfaces=2 mitglieder=6 teilnehmer=6
2026-09-06T19:42:18+02:00 HAL9000 kwin_wayland[2468]: kwin-xmonad-lite: surface a89f5ec2-ab8e-4108-8088-7118500a3aab|89539ae6-e06b-4c76-a057-95df959578a9|eDP-1 layout=full n=3 ratio=0.65 fläche=1920x1080+1920+0
2026-09-06T19:42:18+02:00 HAL9000 kwin_wayland[2468]: kwin-xmonad-lite: diagnose a89f5ec2-ab8e-4108-8088-7118500a3aab|89539ae6-e06b-4c76-a057-95df959578a9|eDP-1 order={d748ac35-9960-4cef-bb7c-f3de0dbc346c},{36c69109-99f8-4079-9fb7-02567acde176},{9cea3fcd-22eb-447b-a180-9096201dc0af} teilnehmer={d748ac35-9960-4cef-bb7c-f3de0dbc346c},{36c69109-99f8-4079-9fb7-02567acde176},{9cea3fcd-22eb-447b-a180-9096201dc0af} float=
2026-09-06T19:42:18+02:00 HAL9000 kwin_wayland[2468]: kwin-xmonad-lite: surface a89f5ec2-ab8e-4108-8088-7118500a3aab|89539ae6-e06b-4c76-a057-95df959578a9|DP-3 layout=tall n=3 ratio=0.65 fläche=1920x1050+0+0
2026-09-06T19:42:18+02:00 HAL9000 kwin_wayland[2468]: kwin-xmonad-lite: diagnose a89f5ec2-ab8e-4108-8088-7118500a3aab|89539ae6-e06b-4c76-a057-95df959578a9|DP-3 order={28cf93d9-18fe-460f-99bf-07a714706ddd},{38b7d072-075b-409d-8a6f-014d9c819ff5},{28bdcf93-d890-4900-92bc-8851b8097194} teilnehmer={28cf93d9-18fe-460f-99bf-07a714706ddd},{38b7d072-075b-409d-8a6f-014d9c819ff5},{28bdcf93-d890-4900-92bc-8851b8097194} float=
2026-09-06T19:42:20+02:00 HAL9000 kwin_wayland[2468]: kwin-xmonad-lite: befehl focusNext surface=a89f5ec2-ab8e-4108-8088-7118500a3aab|89539ae6-e06b-4c76-a057-95df959578a9|DP-3 via=aktiv fokus={28bdcf93-d890-4900-92bc-8851b8097194}
2026-09-06T19:42:20+02:00 HAL9000 kwin_wayland[2468]: kwin-xmonad-lite: aktiviere {28bdcf93-d890-4900-92bc-8851b8097194}
2026-09-06T19:42:20+02:00 HAL9000 kwin_wayland[2468]: kwin-xmonad-lite: arrange #23 grund=windowActivated,shortcut:focusNext surfaces=2 mitglieder=6 teilnehmer=6
2026-09-06T19:42:20+02:00 HAL9000 kwin_wayland[2468]: kwin-xmonad-lite: surface a89f5ec2-ab8e-4108-8088-7118500a3aab|89539ae6-e06b-4c76-a057-95df959578a9|eDP-1 layout=full n=3 ratio=0.65 fläche=1920x1080+1920+0
2026-09-06T19:42:20+02:00 HAL9000 kwin_wayland[2468]: kwin-xmonad-lite: diagnose a89f5ec2-ab8e-4108-8088-7118500a3aab|89539ae6-e06b-4c76-a057-95df959578a9|eDP-1 order={d748ac35-9960-4cef-bb7c-f3de0dbc346c},{36c69109-99f8-4079-9fb7-02567acde176},{9cea3fcd-22eb-447b-a180-9096201dc0af} teilnehmer={d748ac35-9960-4cef-bb7c-f3de0dbc346c},{36c69109-99f8-4079-9fb7-02567acde176},{9cea3fcd-22eb-447b-a180-9096201dc0af} float=
2026-09-06T19:42:20+02:00 HAL9000 kwin_wayland[2468]: kwin-xmonad-lite: surface a89f5ec2-ab8e-4108-8088-7118500a3aab|89539ae6-e06b-4c76-a057-95df959578a9|DP-3 layout=tall n=3 ratio=0.65 fläche=1920x1050+0+0
2026-09-06T19:42:20+02:00 HAL9000 kwin_wayland[2468]: kwin-xmonad-lite: diagnose a89f5ec2-ab8e-4108-8088-7118500a3aab|89539ae6-e06b-4c76-a057-95df959578a9|DP-3 order={28cf93d9-18fe-460f-99bf-07a714706ddd},{38b7d072-075b-409d-8a6f-014d9c819ff5},{28bdcf93-d890-4900-92bc-8851b8097194} teilnehmer={28cf93d9-18fe-460f-99bf-07a714706ddd},{38b7d072-075b-409d-8a6f-014d9c819ff5},{28bdcf93-d890-4900-92bc-8851b8097194} float=
2026-09-06T19:42:22+02:00 HAL9000 kwin_wayland[2468]: kwin-xmonad-lite: befehl promote surface=a89f5ec2-ab8e-4108-8088-7118500a3aab|89539ae6-e06b-4c76-a057-95df959578a9|DP-3 via=aktiv master={28bdcf93-d890-4900-92bc-8851b8097194}
2026-09-06T19:42:22+02:00 HAL9000 kwin_wayland[2468]: kwin-xmonad-lite: arrange #24 grund=shortcut:promote surfaces=2 mitglieder=6 teilnehmer=6
2026-09-06T19:42:22+02:00 HAL9000 kwin_wayland[2468]: kwin-xmonad-lite: surface a89f5ec2-ab8e-4108-8088-7118500a3aab|89539ae6-e06b-4c76-a057-95df959578a9|eDP-1 layout=full n=3 ratio=0.65 fläche=1920x1080+1920+0
2026-09-06T19:42:22+02:00 HAL9000 kwin_wayland[2468]: kwin-xmonad-lite: diagnose a89f5ec2-ab8e-4108-8088-7118500a3aab|89539ae6-e06b-4c76-a057-95df959578a9|eDP-1 order={d748ac35-9960-4cef-bb7c-f3de0dbc346c},{36c69109-99f8-4079-9fb7-02567acde176},{9cea3fcd-22eb-447b-a180-9096201dc0af} teilnehmer={d748ac35-9960-4cef-bb7c-f3de0dbc346c},{36c69109-99f8-4079-9fb7-02567acde176},{9cea3fcd-22eb-447b-a180-9096201dc0af} float=
2026-09-06T19:42:22+02:00 HAL9000 kwin_wayland[2468]: kwin-xmonad-lite: surface a89f5ec2-ab8e-4108-8088-7118500a3aab|89539ae6-e06b-4c76-a057-95df959578a9|DP-3 layout=tall n=3 ratio=0.65 fläche=1920x1050+0+0
2026-09-06T19:42:22+02:00 HAL9000 kwin_wayland[2468]: kwin-xmonad-lite: diagnose a89f5ec2-ab8e-4108-8088-7118500a3aab|89539ae6-e06b-4c76-a057-95df959578a9|DP-3 order={28bdcf93-d890-4900-92bc-8851b8097194},{28cf93d9-18fe-460f-99bf-07a714706ddd},{38b7d072-075b-409d-8a6f-014d9c819ff5} teilnehmer={28bdcf93-d890-4900-92bc-8851b8097194},{28cf93d9-18fe-460f-99bf-07a714706ddd},{38b7d072-075b-409d-8a6f-014d9c819ff5} float=
2026-09-06T19:42:22+02:00 HAL9000 kwin_wayland[2468]: kwin-xmonad-lite: apply {28bdcf93-d890-4900-92bc-8851b8097194} soll=1248x1050+0+0
2026-09-06T19:42:22+02:00 HAL9000 kwin_wayland[2468]: kwin-xmonad-lite: apply {28cf93d9-18fe-460f-99bf-07a714706ddd} soll=672x525+1248+0
2026-09-06T19:42:22+02:00 HAL9000 kwin_wayland[2468]: kwin-xmonad-lite: apply {38b7d072-075b-409d-8a6f-014d9c819ff5} soll=672x525+1248+525
2026-09-06T19:42:24+02:00 HAL9000 kwin_wayland[2468]: kwin-xmonad-lite: befehl shrink surface=a89f5ec2-ab8e-4108-8088-7118500a3aab|89539ae6-e06b-4c76-a057-95df959578a9|DP-3 via=aktiv ratio=0.6
2026-09-06T19:42:24+02:00 HAL9000 kwin_wayland[2468]: kwin-xmonad-lite: arrange #25 grund=shortcut:shrink surfaces=2 mitglieder=6 teilnehmer=6
2026-09-06T19:42:24+02:00 HAL9000 kwin_wayland[2468]: kwin-xmonad-lite: surface a89f5ec2-ab8e-4108-8088-7118500a3aab|89539ae6-e06b-4c76-a057-95df959578a9|eDP-1 layout=full n=3 ratio=0.65 fläche=1920x1080+1920+0
2026-09-06T19:42:24+02:00 HAL9000 kwin_wayland[2468]: kwin-xmonad-lite: diagnose a89f5ec2-ab8e-4108-8088-7118500a3aab|89539ae6-e06b-4c76-a057-95df959578a9|eDP-1 order={d748ac35-9960-4cef-bb7c-f3de0dbc346c},{36c69109-99f8-4079-9fb7-02567acde176},{9cea3fcd-22eb-447b-a180-9096201dc0af} teilnehmer={d748ac35-9960-4cef-bb7c-f3de0dbc346c},{36c69109-99f8-4079-9fb7-02567acde176},{9cea3fcd-22eb-447b-a180-9096201dc0af} float=
2026-09-06T19:42:24+02:00 HAL9000 kwin_wayland[2468]: kwin-xmonad-lite: surface a89f5ec2-ab8e-4108-8088-7118500a3aab|89539ae6-e06b-4c76-a057-95df959578a9|DP-3 layout=tall n=3 ratio=0.6 fläche=1920x1050+0+0
2026-09-06T19:42:24+02:00 HAL9000 kwin_wayland[2468]: kwin-xmonad-lite: diagnose a89f5ec2-ab8e-4108-8088-7118500a3aab|89539ae6-e06b-4c76-a057-95df959578a9|DP-3 order={28bdcf93-d890-4900-92bc-8851b8097194},{28cf93d9-18fe-460f-99bf-07a714706ddd},{38b7d072-075b-409d-8a6f-014d9c819ff5} teilnehmer={28bdcf93-d890-4900-92bc-8851b8097194},{28cf93d9-18fe-460f-99bf-07a714706ddd},{38b7d072-075b-409d-8a6f-014d9c819ff5} float=
2026-09-06T19:42:24+02:00 HAL9000 kwin_wayland[2468]: kwin-xmonad-lite: apply {28bdcf93-d890-4900-92bc-8851b8097194} soll=1152x1050+0+0
2026-09-06T19:42:24+02:00 HAL9000 kwin_wayland[2468]: kwin-xmonad-lite: apply {28cf93d9-18fe-460f-99bf-07a714706ddd} soll=768x525+1152+0
2026-09-06T19:42:24+02:00 HAL9000 kwin_wayland[2468]: kwin-xmonad-lite: apply {38b7d072-075b-409d-8a6f-014d9c819ff5} soll=768x525+1152+525
2026-09-06T19:42:26+02:00 HAL9000 kwin_wayland[2468]: kwin-xmonad-lite: befehl shrink surface=a89f5ec2-ab8e-4108-8088-7118500a3aab|89539ae6-e06b-4c76-a057-95df959578a9|DP-3 via=aktiv ratio=0.55
2026-09-06T19:42:26+02:00 HAL9000 kwin_wayland[2468]: kwin-xmonad-lite: arrange #26 grund=shortcut:shrink surfaces=2 mitglieder=6 teilnehmer=6
2026-09-06T19:42:26+02:00 HAL9000 kwin_wayland[2468]: kwin-xmonad-lite: surface a89f5ec2-ab8e-4108-8088-7118500a3aab|89539ae6-e06b-4c76-a057-95df959578a9|eDP-1 layout=full n=3 ratio=0.65 fläche=1920x1080+1920+0
2026-09-06T19:42:26+02:00 HAL9000 kwin_wayland[2468]: kwin-xmonad-lite: diagnose a89f5ec2-ab8e-4108-8088-7118500a3aab|89539ae6-e06b-4c76-a057-95df959578a9|eDP-1 order={d748ac35-9960-4cef-bb7c-f3de0dbc346c},{36c69109-99f8-4079-9fb7-02567acde176},{9cea3fcd-22eb-447b-a180-9096201dc0af} teilnehmer={d748ac35-9960-4cef-bb7c-f3de0dbc346c},{36c69109-99f8-4079-9fb7-02567acde176},{9cea3fcd-22eb-447b-a180-9096201dc0af} float=
2026-09-06T19:42:26+02:00 HAL9000 kwin_wayland[2468]: kwin-xmonad-lite: surface a89f5ec2-ab8e-4108-8088-7118500a3aab|89539ae6-e06b-4c76-a057-95df959578a9|DP-3 layout=tall n=3 ratio=0.55 fläche=1920x1050+0+0
2026-09-06T19:42:26+02:00 HAL9000 kwin_wayland[2468]: kwin-xmonad-lite: diagnose a89f5ec2-ab8e-4108-8088-7118500a3aab|89539ae6-e06b-4c76-a057-95df959578a9|DP-3 order={28bdcf93-d890-4900-92bc-8851b8097194},{28cf93d9-18fe-460f-99bf-07a714706ddd},{38b7d072-075b-409d-8a6f-014d9c819ff5} teilnehmer={28bdcf93-d890-4900-92bc-8851b8097194},{28cf93d9-18fe-460f-99bf-07a714706ddd},{38b7d072-075b-409d-8a6f-014d9c819ff5} float=
2026-09-06T19:42:26+02:00 HAL9000 kwin_wayland[2468]: kwin-xmonad-lite: apply {28bdcf93-d890-4900-92bc-8851b8097194} soll=1056x1050+0+0
2026-09-06T19:42:26+02:00 HAL9000 kwin_wayland[2468]: kwin-xmonad-lite: apply {28cf93d9-18fe-460f-99bf-07a714706ddd} soll=864x525+1056+0
2026-09-06T19:42:26+02:00 HAL9000 kwin_wayland[2468]: kwin-xmonad-lite: apply {38b7d072-075b-409d-8a6f-014d9c819ff5} soll=864x525+1056+525
2026-09-06T19:42:28+02:00 HAL9000 kwin_wayland[2468]: kwin-xmonad-lite: befehl swapNext surface=a89f5ec2-ab8e-4108-8088-7118500a3aab|89539ae6-e06b-4c76-a057-95df959578a9|DP-3 via=aktiv master={28cf93d9-18fe-460f-99bf-07a714706ddd}
2026-09-06T19:42:28+02:00 HAL9000 kwin_wayland[2468]: kwin-xmonad-lite: arrange #27 grund=shortcut:swapNext surfaces=2 mitglieder=6 teilnehmer=6
2026-09-06T19:42:28+02:00 HAL9000 kwin_wayland[2468]: kwin-xmonad-lite: surface a89f5ec2-ab8e-4108-8088-7118500a3aab|89539ae6-e06b-4c76-a057-95df959578a9|eDP-1 layout=full n=3 ratio=0.65 fläche=1920x1080+1920+0
2026-09-06T19:42:28+02:00 HAL9000 kwin_wayland[2468]: kwin-xmonad-lite: diagnose a89f5ec2-ab8e-4108-8088-7118500a3aab|89539ae6-e06b-4c76-a057-95df959578a9|eDP-1 order={d748ac35-9960-4cef-bb7c-f3de0dbc346c},{36c69109-99f8-4079-9fb7-02567acde176},{9cea3fcd-22eb-447b-a180-9096201dc0af} teilnehmer={d748ac35-9960-4cef-bb7c-f3de0dbc346c},{36c69109-99f8-4079-9fb7-02567acde176},{9cea3fcd-22eb-447b-a180-9096201dc0af} float=
2026-09-06T19:42:28+02:00 HAL9000 kwin_wayland[2468]: kwin-xmonad-lite: surface a89f5ec2-ab8e-4108-8088-7118500a3aab|89539ae6-e06b-4c76-a057-95df959578a9|DP-3 layout=tall n=3 ratio=0.55 fläche=1920x1050+0+0
2026-09-06T19:42:28+02:00 HAL9000 kwin_wayland[2468]: kwin-xmonad-lite: diagnose a89f5ec2-ab8e-4108-8088-7118500a3aab|89539ae6-e06b-4c76-a057-95df959578a9|DP-3 order={28cf93d9-18fe-460f-99bf-07a714706ddd},{28bdcf93-d890-4900-92bc-8851b8097194},{38b7d072-075b-409d-8a6f-014d9c819ff5} teilnehmer={28cf93d9-18fe-460f-99bf-07a714706ddd},{28bdcf93-d890-4900-92bc-8851b8097194},{38b7d072-075b-409d-8a6f-014d9c819ff5} float=
2026-09-06T19:42:28+02:00 HAL9000 kwin_wayland[2468]: kwin-xmonad-lite: apply {28cf93d9-18fe-460f-99bf-07a714706ddd} soll=1056x1050+0+0
2026-09-06T19:42:28+02:00 HAL9000 kwin_wayland[2468]: kwin-xmonad-lite: apply {28bdcf93-d890-4900-92bc-8851b8097194} soll=864x525+1056+0
2026-09-06T19:43:08+02:00 HAL9000 kwin_wayland[2468]: KXLGEO1 {"k":"meta","tag":"KXLGEO1","start":1788716588208,"perOutputDesktops":false,"outputs":2,"samples":[0,500,1500,3000],"titlePrefix":"kxl-","r":1788716588208,"n":0,"ms":0}
2026-09-06T19:43:08+02:00 HAL9000 kwin_wayland[2468]: KXLGEO1 {"k":"view","s":0,"key":"a89f5ec2-ab8e-4108-8088-7118500a3aab|89539ae6-e06b-4c76-a057-95df959578a9|eDP-1","activity":"a89f5ec2-ab8e-4108-8088-7118500a3aab","desktop":"89539ae6-e06b-4c76-a057-95df959578a9","output":"eDP-1","area":{"x":1920,"y":0,"w":1920,"h":1080,"exakt":true},"r":1788716588208,"n":1,"ms":1}
2026-09-06T19:43:08+02:00 HAL9000 kwin_wayland[2468]: KXLGEO1 {"k":"view","s":0,"key":"a89f5ec2-ab8e-4108-8088-7118500a3aab|89539ae6-e06b-4c76-a057-95df959578a9|DP-3","activity":"a89f5ec2-ab8e-4108-8088-7118500a3aab","desktop":"89539ae6-e06b-4c76-a057-95df959578a9","output":"DP-3","area":{"x":0,"y":0,"w":1920,"h":1050,"exakt":true},"r":1788716588208,"n":2,"ms":1}
2026-09-06T19:43:08+02:00 HAL9000 kwin_wayland[2468]: KXLGEO1 {"k":"active","s":0,"activeId":"{28bdcf93-d890-4900-92bc-8851b8097194}","r":1788716588208,"n":3,"ms":1}
2026-09-06T19:43:08+02:00 HAL9000 kwin_wayland[2468]: KXLGEO1 {"k":"win","s":0,"id":"{89b38cc9-014d-4323-ae5d-4c07d535682f}","cls":"plasmashell","caption":"<Titel entfernt>","output":"DP-3","desktops":[],"activities":[],"onAllDesktops":true,"geo":{"x":0,"y":0,"w":1920,"h":1080,"exakt":true},"min":{"w":0,"h":0},"max":{"w":2147483647,"h":2147483647},"fullScreen":false,"minimized":false,"maximizeMode":0,"moveable":false,"resizeable":false,"move":false,"resize":false,"managed":true,"deleted":false,"normalWindow":false,"specialWindow":true,"popupWindow":false,"dialog":false,"utility":false,"splash":false,"dock":false,"transient":false,"modal":false,"transientFor":null,"r":1788716588208,"n":4,"ms":1}
2026-09-06T19:43:08+02:00 HAL9000 kwin_wayland[2468]: KXLGEO1 {"k":"win","s":0,"id":"{2a15acd8-fb85-4dbe-b1e1-052a1352b6f3}","cls":"plasmashell","caption":"<Titel entfernt>","output":"DP-3","desktops":[],"activities":[],"onAllDesktops":true,"geo":{"x":0,"y":1050,"w":1920,"h":30,"exakt":true},"min":{"w":0,"h":0},"max":{"w":2147483647,"h":2147483647},"fullScreen":false,"minimized":false,"maximizeMode":0,"moveable":false,"resizeable":false,"move":false,"resize":false,"managed":true,"deleted":false,"normalWindow":false,"specialWindow":true,"popupWindow":false,"dialog":false,"utility":false,"splash":false,"dock":true,"transient":false,"modal":false,"transientFor":null,"r":1788716588208,"n":5,"ms":1}
2026-09-06T19:43:08+02:00 HAL9000 kwin_wayland[2468]: KXLGEO1 {"k":"win","s":0,"id":"{68c8c0bd-e77e-4ce2-a24c-d370d686cb75}","cls":"plasmashell","caption":"<Titel entfernt>","output":"eDP-1","desktops":[],"activities":[],"onAllDesktops":true,"geo":{"x":1920,"y":0,"w":1920,"h":1080,"exakt":true},"min":{"w":0,"h":0},"max":{"w":2147483647,"h":2147483647},"fullScreen":false,"minimized":false,"maximizeMode":0,"moveable":false,"resizeable":false,"move":false,"resize":false,"managed":true,"deleted":false,"normalWindow":false,"specialWindow":true,"popupWindow":false,"dialog":false,"utility":false,"splash":false,"dock":false,"transient":false,"modal":false,"transientFor":null,"r":1788716588208,"n":6,"ms":1}
2026-09-06T19:43:08+02:00 HAL9000 kwin_wayland[2468]: KXLGEO1 {"k":"win","s":0,"id":"{28bdcf93-d890-4900-92bc-8851b8097194}","cls":"org.kde.kwrite","caption":"kxl-a1.txt — KWrite","output":"DP-3","desktops":["89539ae6-e06b-4c76-a057-95df959578a9"],"activities":["a89f5ec2-ab8e-4108-8088-7118500a3aab"],"onAllDesktops":false,"geo":{"x":1056,"y":0,"w":864,"h":525,"exakt":true},"min":{"w":157,"h":150},"max":{"w":2147483647,"h":2147483647},"fullScreen":false,"minimized":false,"maximizeMode":0,"moveable":true,"resizeable":true,"move":false,"resize":false,"managed":true,"deleted":false,"normalWindow":true,"specialWindow":false,"popupWindow":false,"dialog":false,"utility":false,"splash":false,"dock":false,"transient":false,"modal":false,"transientFor":null,"r":1788716588208,"n":7,"ms":1}
2026-09-06T19:43:08+02:00 HAL9000 kwin_wayland[2468]: KXLGEO1 {"k":"win","s":0,"id":"{38b7d072-075b-409d-8a6f-014d9c819ff5}","cls":"org.kde.kwrite","caption":"kxl-a2.txt — KWrite","output":"DP-3","desktops":["89539ae6-e06b-4c76-a057-95df959578a9"],"activities":["a89f5ec2-ab8e-4108-8088-7118500a3aab"],"onAllDesktops":false,"geo":{"x":1056,"y":525,"w":864,"h":525,"exakt":true},"min":{"w":157,"h":150},"max":{"w":2147483647,"h":2147483647},"fullScreen":false,"minimized":false,"maximizeMode":0,"moveable":true,"resizeable":true,"move":false,"resize":false,"managed":true,"deleted":false,"normalWindow":true,"specialWindow":false,"popupWindow":false,"dialog":false,"utility":false,"splash":false,"dock":false,"transient":false,"modal":false,"transientFor":null,"r":1788716588208,"n":8,"ms":2}
2026-09-06T19:43:08+02:00 HAL9000 kwin_wayland[2468]: KXLGEO1 {"k":"win","s":0,"id":"{28cf93d9-18fe-460f-99bf-07a714706ddd}","cls":"org.kde.kwrite","caption":"kxl-a3.txt — KWrite","output":"DP-3","desktops":["89539ae6-e06b-4c76-a057-95df959578a9"],"activities":["a89f5ec2-ab8e-4108-8088-7118500a3aab"],"onAllDesktops":false,"geo":{"x":0,"y":0,"w":1056,"h":1050,"exakt":true},"min":{"w":157,"h":150},"max":{"w":2147483647,"h":2147483647},"fullScreen":false,"minimized":false,"maximizeMode":0,"moveable":true,"resizeable":true,"move":false,"resize":false,"managed":true,"deleted":false,"normalWindow":true,"specialWindow":false,"popupWindow":false,"dialog":false,"utility":false,"splash":false,"dock":false,"transient":false,"modal":false,"transientFor":null,"r":1788716588208,"n":9,"ms":2}
2026-09-06T19:43:08+02:00 HAL9000 kwin_wayland[2468]: KXLGEO1 {"k":"win","s":0,"id":"{9cea3fcd-22eb-447b-a180-9096201dc0af}","cls":"org.kde.kwrite","caption":"kxl-b1.txt — KWrite","output":"eDP-1","desktops":["89539ae6-e06b-4c76-a057-95df959578a9"],"activities":["a89f5ec2-ab8e-4108-8088-7118500a3aab"],"onAllDesktops":false,"geo":{"x":1920,"y":0,"w":1920,"h":1080,"exakt":true},"min":{"w":157,"h":150},"max":{"w":2147483647,"h":2147483647},"fullScreen":false,"minimized":false,"maximizeMode":0,"moveable":true,"resizeable":true,"move":false,"resize":false,"managed":true,"deleted":false,"normalWindow":true,"specialWindow":false,"popupWindow":false,"dialog":false,"utility":false,"splash":false,"dock":false,"transient":false,"modal":false,"transientFor":null,"r":1788716588208,"n":10,"ms":2}
2026-09-06T19:43:08+02:00 HAL9000 kwin_wayland[2468]: KXLGEO1 {"k":"win","s":0,"id":"{36c69109-99f8-4079-9fb7-02567acde176}","cls":"org.kde.kwrite","caption":"kxl-b3.txt — KWrite","output":"eDP-1","desktops":["89539ae6-e06b-4c76-a057-95df959578a9"],"activities":["a89f5ec2-ab8e-4108-8088-7118500a3aab"],"onAllDesktops":false,"geo":{"x":1920,"y":0,"w":1920,"h":1080,"exakt":true},"min":{"w":157,"h":150},"max":{"w":2147483647,"h":2147483647},"fullScreen":false,"minimized":false,"maximizeMode":0,"moveable":true,"resizeable":true,"move":false,"resize":false,"managed":true,"deleted":false,"normalWindow":true,"specialWindow":false,"popupWindow":false,"dialog":false,"utility":false,"splash":false,"dock":false,"transient":false,"modal":false,"transientFor":null,"r":1788716588208,"n":11,"ms":2}
2026-09-06T19:43:08+02:00 HAL9000 kwin_wayland[2468]: KXLGEO1 {"k":"win","s":0,"id":"{d748ac35-9960-4cef-bb7c-f3de0dbc346c}","cls":"org.kde.kwrite","caption":"kxl-b4.txt — KWrite","output":"eDP-1","desktops":["89539ae6-e06b-4c76-a057-95df959578a9"],"activities":["a89f5ec2-ab8e-4108-8088-7118500a3aab"],"onAllDesktops":false,"geo":{"x":1920,"y":0,"w":1920,"h":1080,"exakt":true},"min":{"w":157,"h":150},"max":{"w":2147483647,"h":2147483647},"fullScreen":false,"minimized":false,"maximizeMode":0,"moveable":true,"resizeable":true,"move":false,"resize":false,"managed":true,"deleted":false,"normalWindow":true,"specialWindow":false,"popupWindow":false,"dialog":false,"utility":false,"splash":false,"dock":false,"transient":false,"modal":false,"transientFor":null,"r":1788716588208,"n":12,"ms":2}
2026-09-06T19:43:08+02:00 HAL9000 kwin_wayland[2468]: KXLGEO1 {"k":"view","s":1,"key":"a89f5ec2-ab8e-4108-8088-7118500a3aab|89539ae6-e06b-4c76-a057-95df959578a9|eDP-1","activity":"a89f5ec2-ab8e-4108-8088-7118500a3aab","desktop":"89539ae6-e06b-4c76-a057-95df959578a9","output":"eDP-1","area":{"x":1920,"y":0,"w":1920,"h":1080,"exakt":true},"r":1788716588208,"n":13,"ms":478}
2026-09-06T19:43:08+02:00 HAL9000 kwin_wayland[2468]: KXLGEO1 {"k":"view","s":1,"key":"a89f5ec2-ab8e-4108-8088-7118500a3aab|89539ae6-e06b-4c76-a057-95df959578a9|DP-3","activity":"a89f5ec2-ab8e-4108-8088-7118500a3aab","desktop":"89539ae6-e06b-4c76-a057-95df959578a9","output":"DP-3","area":{"x":0,"y":0,"w":1920,"h":1050,"exakt":true},"r":1788716588208,"n":14,"ms":478}
2026-09-06T19:43:08+02:00 HAL9000 kwin_wayland[2468]: KXLGEO1 {"k":"active","s":1,"activeId":"{28bdcf93-d890-4900-92bc-8851b8097194}","r":1788716588208,"n":15,"ms":478}
2026-09-06T19:43:08+02:00 HAL9000 kwin_wayland[2468]: KXLGEO1 {"k":"win","s":1,"id":"{89b38cc9-014d-4323-ae5d-4c07d535682f}","cls":"plasmashell","caption":"<Titel entfernt>","output":"DP-3","desktops":[],"activities":[],"onAllDesktops":true,"geo":{"x":0,"y":0,"w":1920,"h":1080,"exakt":true},"min":{"w":0,"h":0},"max":{"w":2147483647,"h":2147483647},"fullScreen":false,"minimized":false,"maximizeMode":0,"moveable":false,"resizeable":false,"move":false,"resize":false,"managed":true,"deleted":false,"normalWindow":false,"specialWindow":true,"popupWindow":false,"dialog":false,"utility":false,"splash":false,"dock":false,"transient":false,"modal":false,"transientFor":null,"r":1788716588208,"n":16,"ms":479}
2026-09-06T19:43:08+02:00 HAL9000 kwin_wayland[2468]: KXLGEO1 {"k":"win","s":1,"id":"{2a15acd8-fb85-4dbe-b1e1-052a1352b6f3}","cls":"plasmashell","caption":"<Titel entfernt>","output":"DP-3","desktops":[],"activities":[],"onAllDesktops":true,"geo":{"x":0,"y":1050,"w":1920,"h":30,"exakt":true},"min":{"w":0,"h":0},"max":{"w":2147483647,"h":2147483647},"fullScreen":false,"minimized":false,"maximizeMode":0,"moveable":false,"resizeable":false,"move":false,"resize":false,"managed":true,"deleted":false,"normalWindow":false,"specialWindow":true,"popupWindow":false,"dialog":false,"utility":false,"splash":false,"dock":true,"transient":false,"modal":false,"transientFor":null,"r":1788716588208,"n":17,"ms":479}
2026-09-06T19:43:08+02:00 HAL9000 kwin_wayland[2468]: KXLGEO1 {"k":"win","s":1,"id":"{68c8c0bd-e77e-4ce2-a24c-d370d686cb75}","cls":"plasmashell","caption":"<Titel entfernt>","output":"eDP-1","desktops":[],"activities":[],"onAllDesktops":true,"geo":{"x":1920,"y":0,"w":1920,"h":1080,"exakt":true},"min":{"w":0,"h":0},"max":{"w":2147483647,"h":2147483647},"fullScreen":false,"minimized":false,"maximizeMode":0,"moveable":false,"resizeable":false,"move":false,"resize":false,"managed":true,"deleted":false,"normalWindow":false,"specialWindow":true,"popupWindow":false,"dialog":false,"utility":false,"splash":false,"dock":false,"transient":false,"modal":false,"transientFor":null,"r":1788716588208,"n":18,"ms":480}
2026-09-06T19:43:08+02:00 HAL9000 kwin_wayland[2468]: KXLGEO1 {"k":"win","s":1,"id":"{28bdcf93-d890-4900-92bc-8851b8097194}","cls":"org.kde.kwrite","caption":"kxl-a1.txt — KWrite","output":"DP-3","desktops":["89539ae6-e06b-4c76-a057-95df959578a9"],"activities":["a89f5ec2-ab8e-4108-8088-7118500a3aab"],"onAllDesktops":false,"geo":{"x":1056,"y":0,"w":864,"h":525,"exakt":true},"min":{"w":157,"h":150},"max":{"w":2147483647,"h":2147483647},"fullScreen":false,"minimized":false,"maximizeMode":0,"moveable":true,"resizeable":true,"move":false,"resize":false,"managed":true,"deleted":false,"normalWindow":true,"specialWindow":false,"popupWindow":false,"dialog":false,"utility":false,"splash":false,"dock":false,"transient":false,"modal":false,"transientFor":null,"r":1788716588208,"n":19,"ms":480}
2026-09-06T19:43:08+02:00 HAL9000 kwin_wayland[2468]: KXLGEO1 {"k":"win","s":1,"id":"{38b7d072-075b-409d-8a6f-014d9c819ff5}","cls":"org.kde.kwrite","caption":"kxl-a2.txt — KWrite","output":"DP-3","desktops":["89539ae6-e06b-4c76-a057-95df959578a9"],"activities":["a89f5ec2-ab8e-4108-8088-7118500a3aab"],"onAllDesktops":false,"geo":{"x":1056,"y":525,"w":864,"h":525,"exakt":true},"min":{"w":157,"h":150},"max":{"w":2147483647,"h":2147483647},"fullScreen":false,"minimized":false,"maximizeMode":0,"moveable":true,"resizeable":true,"move":false,"resize":false,"managed":true,"deleted":false,"normalWindow":true,"specialWindow":false,"popupWindow":false,"dialog":false,"utility":false,"splash":false,"dock":false,"transient":false,"modal":false,"transientFor":null,"r":1788716588208,"n":20,"ms":481}
2026-09-06T19:43:08+02:00 HAL9000 kwin_wayland[2468]: KXLGEO1 {"k":"win","s":1,"id":"{28cf93d9-18fe-460f-99bf-07a714706ddd}","cls":"org.kde.kwrite","caption":"kxl-a3.txt — KWrite","output":"DP-3","desktops":["89539ae6-e06b-4c76-a057-95df959578a9"],"activities":["a89f5ec2-ab8e-4108-8088-7118500a3aab"],"onAllDesktops":false,"geo":{"x":0,"y":0,"w":1056,"h":1050,"exakt":true},"min":{"w":157,"h":150},"max":{"w":2147483647,"h":2147483647},"fullScreen":false,"minimized":false,"maximizeMode":0,"moveable":true,"resizeable":true,"move":false,"resize":false,"managed":true,"deleted":false,"normalWindow":true,"specialWindow":false,"popupWindow":false,"dialog":false,"utility":false,"splash":false,"dock":false,"transient":false,"modal":false,"transientFor":null,"r":1788716588208,"n":21,"ms":481}
2026-09-06T19:43:08+02:00 HAL9000 kwin_wayland[2468]: KXLGEO1 {"k":"win","s":1,"id":"{9cea3fcd-22eb-447b-a180-9096201dc0af}","cls":"org.kde.kwrite","caption":"kxl-b1.txt — KWrite","output":"eDP-1","desktops":["89539ae6-e06b-4c76-a057-95df959578a9"],"activities":["a89f5ec2-ab8e-4108-8088-7118500a3aab"],"onAllDesktops":false,"geo":{"x":1920,"y":0,"w":1920,"h":1080,"exakt":true},"min":{"w":157,"h":150},"max":{"w":2147483647,"h":2147483647},"fullScreen":false,"minimized":false,"maximizeMode":0,"moveable":true,"resizeable":true,"move":false,"resize":false,"managed":true,"deleted":false,"normalWindow":true,"specialWindow":false,"popupWindow":false,"dialog":false,"utility":false,"splash":false,"dock":false,"transient":false,"modal":false,"transientFor":null,"r":1788716588208,"n":22,"ms":482}
2026-09-06T19:43:08+02:00 HAL9000 kwin_wayland[2468]: KXLGEO1 {"k":"win","s":1,"id":"{36c69109-99f8-4079-9fb7-02567acde176}","cls":"org.kde.kwrite","caption":"kxl-b3.txt — KWrite","output":"eDP-1","desktops":["89539ae6-e06b-4c76-a057-95df959578a9"],"activities":["a89f5ec2-ab8e-4108-8088-7118500a3aab"],"onAllDesktops":false,"geo":{"x":1920,"y":0,"w":1920,"h":1080,"exakt":true},"min":{"w":157,"h":150},"max":{"w":2147483647,"h":2147483647},"fullScreen":false,"minimized":false,"maximizeMode":0,"moveable":true,"resizeable":true,"move":false,"resize":false,"managed":true,"deleted":false,"normalWindow":true,"specialWindow":false,"popupWindow":false,"dialog":false,"utility":false,"splash":false,"dock":false,"transient":false,"modal":false,"transientFor":null,"r":1788716588208,"n":23,"ms":482}
2026-09-06T19:43:08+02:00 HAL9000 kwin_wayland[2468]: KXLGEO1 {"k":"win","s":1,"id":"{d748ac35-9960-4cef-bb7c-f3de0dbc346c}","cls":"org.kde.kwrite","caption":"kxl-b4.txt — KWrite","output":"eDP-1","desktops":["89539ae6-e06b-4c76-a057-95df959578a9"],"activities":["a89f5ec2-ab8e-4108-8088-7118500a3aab"],"onAllDesktops":false,"geo":{"x":1920,"y":0,"w":1920,"h":1080,"exakt":true},"min":{"w":157,"h":150},"max":{"w":2147483647,"h":2147483647},"fullScreen":false,"minimized":false,"maximizeMode":0,"moveable":true,"resizeable":true,"move":false,"resize":false,"managed":true,"deleted":false,"normalWindow":true,"specialWindow":false,"popupWindow":false,"dialog":false,"utility":false,"splash":false,"dock":false,"transient":false,"modal":false,"transientFor":null,"r":1788716588208,"n":24,"ms":482}
2026-09-06T19:43:09+02:00 HAL9000 kwin_wayland[2468]: KXLGEO1 {"k":"view","s":2,"key":"a89f5ec2-ab8e-4108-8088-7118500a3aab|89539ae6-e06b-4c76-a057-95df959578a9|eDP-1","activity":"a89f5ec2-ab8e-4108-8088-7118500a3aab","desktop":"89539ae6-e06b-4c76-a057-95df959578a9","output":"eDP-1","area":{"x":1920,"y":0,"w":1920,"h":1080,"exakt":true},"r":1788716588208,"n":25,"ms":1442}
2026-09-06T19:43:09+02:00 HAL9000 kwin_wayland[2468]: KXLGEO1 {"k":"view","s":2,"key":"a89f5ec2-ab8e-4108-8088-7118500a3aab|89539ae6-e06b-4c76-a057-95df959578a9|DP-3","activity":"a89f5ec2-ab8e-4108-8088-7118500a3aab","desktop":"89539ae6-e06b-4c76-a057-95df959578a9","output":"DP-3","area":{"x":0,"y":0,"w":1920,"h":1050,"exakt":true},"r":1788716588208,"n":26,"ms":1443}
2026-09-06T19:43:09+02:00 HAL9000 kwin_wayland[2468]: KXLGEO1 {"k":"active","s":2,"activeId":"{28bdcf93-d890-4900-92bc-8851b8097194}","r":1788716588208,"n":27,"ms":1443}
2026-09-06T19:43:09+02:00 HAL9000 kwin_wayland[2468]: KXLGEO1 {"k":"win","s":2,"id":"{89b38cc9-014d-4323-ae5d-4c07d535682f}","cls":"plasmashell","caption":"<Titel entfernt>","output":"DP-3","desktops":[],"activities":[],"onAllDesktops":true,"geo":{"x":0,"y":0,"w":1920,"h":1080,"exakt":true},"min":{"w":0,"h":0},"max":{"w":2147483647,"h":2147483647},"fullScreen":false,"minimized":false,"maximizeMode":0,"moveable":false,"resizeable":false,"move":false,"resize":false,"managed":true,"deleted":false,"normalWindow":false,"specialWindow":true,"popupWindow":false,"dialog":false,"utility":false,"splash":false,"dock":false,"transient":false,"modal":false,"transientFor":null,"r":1788716588208,"n":28,"ms":1443}
2026-09-06T19:43:09+02:00 HAL9000 kwin_wayland[2468]: KXLGEO1 {"k":"win","s":2,"id":"{2a15acd8-fb85-4dbe-b1e1-052a1352b6f3}","cls":"plasmashell","caption":"<Titel entfernt>","output":"DP-3","desktops":[],"activities":[],"onAllDesktops":true,"geo":{"x":0,"y":1050,"w":1920,"h":30,"exakt":true},"min":{"w":0,"h":0},"max":{"w":2147483647,"h":2147483647},"fullScreen":false,"minimized":false,"maximizeMode":0,"moveable":false,"resizeable":false,"move":false,"resize":false,"managed":true,"deleted":false,"normalWindow":false,"specialWindow":true,"popupWindow":false,"dialog":false,"utility":false,"splash":false,"dock":true,"transient":false,"modal":false,"transientFor":null,"r":1788716588208,"n":29,"ms":1444}
2026-09-06T19:43:09+02:00 HAL9000 kwin_wayland[2468]: KXLGEO1 {"k":"win","s":2,"id":"{68c8c0bd-e77e-4ce2-a24c-d370d686cb75}","cls":"plasmashell","caption":"<Titel entfernt>","output":"eDP-1","desktops":[],"activities":[],"onAllDesktops":true,"geo":{"x":1920,"y":0,"w":1920,"h":1080,"exakt":true},"min":{"w":0,"h":0},"max":{"w":2147483647,"h":2147483647},"fullScreen":false,"minimized":false,"maximizeMode":0,"moveable":false,"resizeable":false,"move":false,"resize":false,"managed":true,"deleted":false,"normalWindow":false,"specialWindow":true,"popupWindow":false,"dialog":false,"utility":false,"splash":false,"dock":false,"transient":false,"modal":false,"transientFor":null,"r":1788716588208,"n":30,"ms":1445}
2026-09-06T19:43:09+02:00 HAL9000 kwin_wayland[2468]: KXLGEO1 {"k":"win","s":2,"id":"{28bdcf93-d890-4900-92bc-8851b8097194}","cls":"org.kde.kwrite","caption":"kxl-a1.txt — KWrite","output":"DP-3","desktops":["89539ae6-e06b-4c76-a057-95df959578a9"],"activities":["a89f5ec2-ab8e-4108-8088-7118500a3aab"],"onAllDesktops":false,"geo":{"x":1056,"y":0,"w":864,"h":525,"exakt":true},"min":{"w":157,"h":150},"max":{"w":2147483647,"h":2147483647},"fullScreen":false,"minimized":false,"maximizeMode":0,"moveable":true,"resizeable":true,"move":false,"resize":false,"managed":true,"deleted":false,"normalWindow":true,"specialWindow":false,"popupWindow":false,"dialog":false,"utility":false,"splash":false,"dock":false,"transient":false,"modal":false,"transientFor":null,"r":1788716588208,"n":31,"ms":1445}
2026-09-06T19:43:09+02:00 HAL9000 kwin_wayland[2468]: KXLGEO1 {"k":"win","s":2,"id":"{38b7d072-075b-409d-8a6f-014d9c819ff5}","cls":"org.kde.kwrite","caption":"kxl-a2.txt — KWrite","output":"DP-3","desktops":["89539ae6-e06b-4c76-a057-95df959578a9"],"activities":["a89f5ec2-ab8e-4108-8088-7118500a3aab"],"onAllDesktops":false,"geo":{"x":1056,"y":525,"w":864,"h":525,"exakt":true},"min":{"w":157,"h":150},"max":{"w":2147483647,"h":2147483647},"fullScreen":false,"minimized":false,"maximizeMode":0,"moveable":true,"resizeable":true,"move":false,"resize":false,"managed":true,"deleted":false,"normalWindow":true,"specialWindow":false,"popupWindow":false,"dialog":false,"utility":false,"splash":false,"dock":false,"transient":false,"modal":false,"transientFor":null,"r":1788716588208,"n":32,"ms":1446}
2026-09-06T19:43:09+02:00 HAL9000 kwin_wayland[2468]: KXLGEO1 {"k":"win","s":2,"id":"{28cf93d9-18fe-460f-99bf-07a714706ddd}","cls":"org.kde.kwrite","caption":"kxl-a3.txt — KWrite","output":"DP-3","desktops":["89539ae6-e06b-4c76-a057-95df959578a9"],"activities":["a89f5ec2-ab8e-4108-8088-7118500a3aab"],"onAllDesktops":false,"geo":{"x":0,"y":0,"w":1056,"h":1050,"exakt":true},"min":{"w":157,"h":150},"max":{"w":2147483647,"h":2147483647},"fullScreen":false,"minimized":false,"maximizeMode":0,"moveable":true,"resizeable":true,"move":false,"resize":false,"managed":true,"deleted":false,"normalWindow":true,"specialWindow":false,"popupWindow":false,"dialog":false,"utility":false,"splash":false,"dock":false,"transient":false,"modal":false,"transientFor":null,"r":1788716588208,"n":33,"ms":1446}
2026-09-06T19:43:09+02:00 HAL9000 kwin_wayland[2468]: KXLGEO1 {"k":"win","s":2,"id":"{9cea3fcd-22eb-447b-a180-9096201dc0af}","cls":"org.kde.kwrite","caption":"kxl-b1.txt — KWrite","output":"eDP-1","desktops":["89539ae6-e06b-4c76-a057-95df959578a9"],"activities":["a89f5ec2-ab8e-4108-8088-7118500a3aab"],"onAllDesktops":false,"geo":{"x":1920,"y":0,"w":1920,"h":1080,"exakt":true},"min":{"w":157,"h":150},"max":{"w":2147483647,"h":2147483647},"fullScreen":false,"minimized":false,"maximizeMode":0,"moveable":true,"resizeable":true,"move":false,"resize":false,"managed":true,"deleted":false,"normalWindow":true,"specialWindow":false,"popupWindow":false,"dialog":false,"utility":false,"splash":false,"dock":false,"transient":false,"modal":false,"transientFor":null,"r":1788716588208,"n":34,"ms":1447}
2026-09-06T19:43:09+02:00 HAL9000 kwin_wayland[2468]: KXLGEO1 {"k":"win","s":2,"id":"{36c69109-99f8-4079-9fb7-02567acde176}","cls":"org.kde.kwrite","caption":"kxl-b3.txt — KWrite","output":"eDP-1","desktops":["89539ae6-e06b-4c76-a057-95df959578a9"],"activities":["a89f5ec2-ab8e-4108-8088-7118500a3aab"],"onAllDesktops":false,"geo":{"x":1920,"y":0,"w":1920,"h":1080,"exakt":true},"min":{"w":157,"h":150},"max":{"w":2147483647,"h":2147483647},"fullScreen":false,"minimized":false,"maximizeMode":0,"moveable":true,"resizeable":true,"move":false,"resize":false,"managed":true,"deleted":false,"normalWindow":true,"specialWindow":false,"popupWindow":false,"dialog":false,"utility":false,"splash":false,"dock":false,"transient":false,"modal":false,"transientFor":null,"r":1788716588208,"n":35,"ms":1448}
2026-09-06T19:43:09+02:00 HAL9000 kwin_wayland[2468]: KXLGEO1 {"k":"win","s":2,"id":"{d748ac35-9960-4cef-bb7c-f3de0dbc346c}","cls":"org.kde.kwrite","caption":"kxl-b4.txt — KWrite","output":"eDP-1","desktops":["89539ae6-e06b-4c76-a057-95df959578a9"],"activities":["a89f5ec2-ab8e-4108-8088-7118500a3aab"],"onAllDesktops":false,"geo":{"x":1920,"y":0,"w":1920,"h":1080,"exakt":true},"min":{"w":157,"h":150},"max":{"w":2147483647,"h":2147483647},"fullScreen":false,"minimized":false,"maximizeMode":0,"moveable":true,"resizeable":true,"move":false,"resize":false,"managed":true,"deleted":false,"normalWindow":true,"specialWindow":false,"popupWindow":false,"dialog":false,"utility":false,"splash":false,"dock":false,"transient":false,"modal":false,"transientFor":null,"r":1788716588208,"n":36,"ms":1448}
2026-09-06T19:43:11+02:00 HAL9000 kwin_wayland[2468]: KXLGEO1 {"k":"view","s":3,"key":"a89f5ec2-ab8e-4108-8088-7118500a3aab|89539ae6-e06b-4c76-a057-95df959578a9|eDP-1","activity":"a89f5ec2-ab8e-4108-8088-7118500a3aab","desktop":"89539ae6-e06b-4c76-a057-95df959578a9","output":"eDP-1","area":{"x":1920,"y":0,"w":1920,"h":1080,"exakt":true},"r":1788716588208,"n":37,"ms":2943}
2026-09-06T19:43:11+02:00 HAL9000 kwin_wayland[2468]: KXLGEO1 {"k":"view","s":3,"key":"a89f5ec2-ab8e-4108-8088-7118500a3aab|89539ae6-e06b-4c76-a057-95df959578a9|DP-3","activity":"a89f5ec2-ab8e-4108-8088-7118500a3aab","desktop":"89539ae6-e06b-4c76-a057-95df959578a9","output":"DP-3","area":{"x":0,"y":0,"w":1920,"h":1050,"exakt":true},"r":1788716588208,"n":38,"ms":2943}
2026-09-06T19:43:11+02:00 HAL9000 kwin_wayland[2468]: KXLGEO1 {"k":"active","s":3,"activeId":"{28bdcf93-d890-4900-92bc-8851b8097194}","r":1788716588208,"n":39,"ms":2944}
2026-09-06T19:43:11+02:00 HAL9000 kwin_wayland[2468]: KXLGEO1 {"k":"win","s":3,"id":"{89b38cc9-014d-4323-ae5d-4c07d535682f}","cls":"plasmashell","caption":"<Titel entfernt>","output":"DP-3","desktops":[],"activities":[],"onAllDesktops":true,"geo":{"x":0,"y":0,"w":1920,"h":1080,"exakt":true},"min":{"w":0,"h":0},"max":{"w":2147483647,"h":2147483647},"fullScreen":false,"minimized":false,"maximizeMode":0,"moveable":false,"resizeable":false,"move":false,"resize":false,"managed":true,"deleted":false,"normalWindow":false,"specialWindow":true,"popupWindow":false,"dialog":false,"utility":false,"splash":false,"dock":false,"transient":false,"modal":false,"transientFor":null,"r":1788716588208,"n":40,"ms":2944}
2026-09-06T19:43:11+02:00 HAL9000 kwin_wayland[2468]: KXLGEO1 {"k":"win","s":3,"id":"{2a15acd8-fb85-4dbe-b1e1-052a1352b6f3}","cls":"plasmashell","caption":"<Titel entfernt>","output":"DP-3","desktops":[],"activities":[],"onAllDesktops":true,"geo":{"x":0,"y":1050,"w":1920,"h":30,"exakt":true},"min":{"w":0,"h":0},"max":{"w":2147483647,"h":2147483647},"fullScreen":false,"minimized":false,"maximizeMode":0,"moveable":false,"resizeable":false,"move":false,"resize":false,"managed":true,"deleted":false,"normalWindow":false,"specialWindow":true,"popupWindow":false,"dialog":false,"utility":false,"splash":false,"dock":true,"transient":false,"modal":false,"transientFor":null,"r":1788716588208,"n":41,"ms":2945}
2026-09-06T19:43:11+02:00 HAL9000 kwin_wayland[2468]: KXLGEO1 {"k":"win","s":3,"id":"{68c8c0bd-e77e-4ce2-a24c-d370d686cb75}","cls":"plasmashell","caption":"<Titel entfernt>","output":"eDP-1","desktops":[],"activities":[],"onAllDesktops":true,"geo":{"x":1920,"y":0,"w":1920,"h":1080,"exakt":true},"min":{"w":0,"h":0},"max":{"w":2147483647,"h":2147483647},"fullScreen":false,"minimized":false,"maximizeMode":0,"moveable":false,"resizeable":false,"move":false,"resize":false,"managed":true,"deleted":false,"normalWindow":false,"specialWindow":true,"popupWindow":false,"dialog":false,"utility":false,"splash":false,"dock":false,"transient":false,"modal":false,"transientFor":null,"r":1788716588208,"n":42,"ms":2945}
2026-09-06T19:43:11+02:00 HAL9000 kwin_wayland[2468]: KXLGEO1 {"k":"win","s":3,"id":"{28bdcf93-d890-4900-92bc-8851b8097194}","cls":"org.kde.kwrite","caption":"kxl-a1.txt — KWrite","output":"DP-3","desktops":["89539ae6-e06b-4c76-a057-95df959578a9"],"activities":["a89f5ec2-ab8e-4108-8088-7118500a3aab"],"onAllDesktops":false,"geo":{"x":1056,"y":0,"w":864,"h":525,"exakt":true},"min":{"w":157,"h":150},"max":{"w":2147483647,"h":2147483647},"fullScreen":false,"minimized":false,"maximizeMode":0,"moveable":true,"resizeable":true,"move":false,"resize":false,"managed":true,"deleted":false,"normalWindow":true,"specialWindow":false,"popupWindow":false,"dialog":false,"utility":false,"splash":false,"dock":false,"transient":false,"modal":false,"transientFor":null,"r":1788716588208,"n":43,"ms":2946}
2026-09-06T19:43:11+02:00 HAL9000 kwin_wayland[2468]: KXLGEO1 {"k":"win","s":3,"id":"{38b7d072-075b-409d-8a6f-014d9c819ff5}","cls":"org.kde.kwrite","caption":"kxl-a2.txt — KWrite","output":"DP-3","desktops":["89539ae6-e06b-4c76-a057-95df959578a9"],"activities":["a89f5ec2-ab8e-4108-8088-7118500a3aab"],"onAllDesktops":false,"geo":{"x":1056,"y":525,"w":864,"h":525,"exakt":true},"min":{"w":157,"h":150},"max":{"w":2147483647,"h":2147483647},"fullScreen":false,"minimized":false,"maximizeMode":0,"moveable":true,"resizeable":true,"move":false,"resize":false,"managed":true,"deleted":false,"normalWindow":true,"specialWindow":false,"popupWindow":false,"dialog":false,"utility":false,"splash":false,"dock":false,"transient":false,"modal":false,"transientFor":null,"r":1788716588208,"n":44,"ms":2946}
2026-09-06T19:43:11+02:00 HAL9000 kwin_wayland[2468]: KXLGEO1 {"k":"win","s":3,"id":"{28cf93d9-18fe-460f-99bf-07a714706ddd}","cls":"org.kde.kwrite","caption":"kxl-a3.txt — KWrite","output":"DP-3","desktops":["89539ae6-e06b-4c76-a057-95df959578a9"],"activities":["a89f5ec2-ab8e-4108-8088-7118500a3aab"],"onAllDesktops":false,"geo":{"x":0,"y":0,"w":1056,"h":1050,"exakt":true},"min":{"w":157,"h":150},"max":{"w":2147483647,"h":2147483647},"fullScreen":false,"minimized":false,"maximizeMode":0,"moveable":true,"resizeable":true,"move":false,"resize":false,"managed":true,"deleted":false,"normalWindow":true,"specialWindow":false,"popupWindow":false,"dialog":false,"utility":false,"splash":false,"dock":false,"transient":false,"modal":false,"transientFor":null,"r":1788716588208,"n":45,"ms":2947}
2026-09-06T19:43:11+02:00 HAL9000 kwin_wayland[2468]: KXLGEO1 {"k":"win","s":3,"id":"{9cea3fcd-22eb-447b-a180-9096201dc0af}","cls":"org.kde.kwrite","caption":"kxl-b1.txt — KWrite","output":"eDP-1","desktops":["89539ae6-e06b-4c76-a057-95df959578a9"],"activities":["a89f5ec2-ab8e-4108-8088-7118500a3aab"],"onAllDesktops":false,"geo":{"x":1920,"y":0,"w":1920,"h":1080,"exakt":true},"min":{"w":157,"h":150},"max":{"w":2147483647,"h":2147483647},"fullScreen":false,"minimized":false,"maximizeMode":0,"moveable":true,"resizeable":true,"move":false,"resize":false,"managed":true,"deleted":false,"normalWindow":true,"specialWindow":false,"popupWindow":false,"dialog":false,"utility":false,"splash":false,"dock":false,"transient":false,"modal":false,"transientFor":null,"r":1788716588208,"n":46,"ms":2947}
2026-09-06T19:43:11+02:00 HAL9000 kwin_wayland[2468]: KXLGEO1 {"k":"win","s":3,"id":"{36c69109-99f8-4079-9fb7-02567acde176}","cls":"org.kde.kwrite","caption":"kxl-b3.txt — KWrite","output":"eDP-1","desktops":["89539ae6-e06b-4c76-a057-95df959578a9"],"activities":["a89f5ec2-ab8e-4108-8088-7118500a3aab"],"onAllDesktops":false,"geo":{"x":1920,"y":0,"w":1920,"h":1080,"exakt":true},"min":{"w":157,"h":150},"max":{"w":2147483647,"h":2147483647},"fullScreen":false,"minimized":false,"maximizeMode":0,"moveable":true,"resizeable":true,"move":false,"resize":false,"managed":true,"deleted":false,"normalWindow":true,"specialWindow":false,"popupWindow":false,"dialog":false,"utility":false,"splash":false,"dock":false,"transient":false,"modal":false,"transientFor":null,"r":1788716588208,"n":47,"ms":2947}
2026-09-06T19:43:11+02:00 HAL9000 kwin_wayland[2468]: KXLGEO1 {"k":"win","s":3,"id":"{d748ac35-9960-4cef-bb7c-f3de0dbc346c}","cls":"org.kde.kwrite","caption":"kxl-b4.txt — KWrite","output":"eDP-1","desktops":["89539ae6-e06b-4c76-a057-95df959578a9"],"activities":["a89f5ec2-ab8e-4108-8088-7118500a3aab"],"onAllDesktops":false,"geo":{"x":1920,"y":0,"w":1920,"h":1080,"exakt":true},"min":{"w":157,"h":150},"max":{"w":2147483647,"h":2147483647},"fullScreen":false,"minimized":false,"maximizeMode":0,"moveable":true,"resizeable":true,"move":false,"resize":false,"managed":true,"deleted":false,"normalWindow":true,"specialWindow":false,"popupWindow":false,"dialog":false,"utility":false,"splash":false,"dock":false,"transient":false,"modal":false,"transientFor":null,"r":1788716588208,"n":48,"ms":2947}
2026-09-06T19:43:11+02:00 HAL9000 kwin_wayland[2468]: KXLGEO1 {"k":"end","st":"ok","total":49,"samples":4,"fehler":0,"timer_aktiv":0,"r":1788716588208,"n":49,"ms":2947}
2026-09-06T19:43:17+02:00 HAL9000 kwin_wayland[2468]: KXLGEO1 {"k":"meta","tag":"KXLGEO1","start":1788716597820,"perOutputDesktops":false,"outputs":2,"samples":[0,500,1500,3000],"titlePrefix":"kxl-","r":1788716597820,"n":0,"ms":0}
2026-09-06T19:43:17+02:00 HAL9000 kwin_wayland[2468]: KXLGEO1 {"k":"view","s":0,"key":"a89f5ec2-ab8e-4108-8088-7118500a3aab|89539ae6-e06b-4c76-a057-95df959578a9|eDP-1","activity":"a89f5ec2-ab8e-4108-8088-7118500a3aab","desktop":"89539ae6-e06b-4c76-a057-95df959578a9","output":"eDP-1","area":{"x":1920,"y":0,"w":1920,"h":1080,"exakt":true},"r":1788716597820,"n":1,"ms":0}
2026-09-06T19:43:17+02:00 HAL9000 kwin_wayland[2468]: KXLGEO1 {"k":"view","s":0,"key":"a89f5ec2-ab8e-4108-8088-7118500a3aab|89539ae6-e06b-4c76-a057-95df959578a9|DP-3","activity":"a89f5ec2-ab8e-4108-8088-7118500a3aab","desktop":"89539ae6-e06b-4c76-a057-95df959578a9","output":"DP-3","area":{"x":0,"y":0,"w":1920,"h":1050,"exakt":true},"r":1788716597820,"n":2,"ms":0}
2026-09-06T19:43:17+02:00 HAL9000 kwin_wayland[2468]: KXLGEO1 {"k":"active","s":0,"activeId":"{28bdcf93-d890-4900-92bc-8851b8097194}","r":1788716597820,"n":3,"ms":1}
2026-09-06T19:43:17+02:00 HAL9000 kwin_wayland[2468]: KXLGEO1 {"k":"win","s":0,"id":"{89b38cc9-014d-4323-ae5d-4c07d535682f}","cls":"plasmashell","caption":"<Titel entfernt>","output":"DP-3","desktops":[],"activities":[],"onAllDesktops":true,"geo":{"x":0,"y":0,"w":1920,"h":1080,"exakt":true},"min":{"w":0,"h":0},"max":{"w":2147483647,"h":2147483647},"fullScreen":false,"minimized":false,"maximizeMode":0,"moveable":false,"resizeable":false,"move":false,"resize":false,"managed":true,"deleted":false,"normalWindow":false,"specialWindow":true,"popupWindow":false,"dialog":false,"utility":false,"splash":false,"dock":false,"transient":false,"modal":false,"transientFor":null,"r":1788716597820,"n":4,"ms":1}
2026-09-06T19:43:17+02:00 HAL9000 kwin_wayland[2468]: KXLGEO1 {"k":"win","s":0,"id":"{2a15acd8-fb85-4dbe-b1e1-052a1352b6f3}","cls":"plasmashell","caption":"<Titel entfernt>","output":"DP-3","desktops":[],"activities":[],"onAllDesktops":true,"geo":{"x":0,"y":1050,"w":1920,"h":30,"exakt":true},"min":{"w":0,"h":0},"max":{"w":2147483647,"h":2147483647},"fullScreen":false,"minimized":false,"maximizeMode":0,"moveable":false,"resizeable":false,"move":false,"resize":false,"managed":true,"deleted":false,"normalWindow":false,"specialWindow":true,"popupWindow":false,"dialog":false,"utility":false,"splash":false,"dock":true,"transient":false,"modal":false,"transientFor":null,"r":1788716597820,"n":5,"ms":1}
2026-09-06T19:43:17+02:00 HAL9000 kwin_wayland[2468]: KXLGEO1 {"k":"win","s":0,"id":"{68c8c0bd-e77e-4ce2-a24c-d370d686cb75}","cls":"plasmashell","caption":"<Titel entfernt>","output":"eDP-1","desktops":[],"activities":[],"onAllDesktops":true,"geo":{"x":1920,"y":0,"w":1920,"h":1080,"exakt":true},"min":{"w":0,"h":0},"max":{"w":2147483647,"h":2147483647},"fullScreen":false,"minimized":false,"maximizeMode":0,"moveable":false,"resizeable":false,"move":false,"resize":false,"managed":true,"deleted":false,"normalWindow":false,"specialWindow":true,"popupWindow":false,"dialog":false,"utility":false,"splash":false,"dock":false,"transient":false,"modal":false,"transientFor":null,"r":1788716597820,"n":6,"ms":1}
2026-09-06T19:43:17+02:00 HAL9000 kwin_wayland[2468]: KXLGEO1 {"k":"win","s":0,"id":"{28bdcf93-d890-4900-92bc-8851b8097194}","cls":"org.kde.kwrite","caption":"kxl-a1.txt — KWrite","output":"DP-3","desktops":["89539ae6-e06b-4c76-a057-95df959578a9"],"activities":["a89f5ec2-ab8e-4108-8088-7118500a3aab"],"onAllDesktops":false,"geo":{"x":1056,"y":0,"w":864,"h":525,"exakt":true},"min":{"w":157,"h":150},"max":{"w":2147483647,"h":2147483647},"fullScreen":false,"minimized":false,"maximizeMode":0,"moveable":true,"resizeable":true,"move":false,"resize":false,"managed":true,"deleted":false,"normalWindow":true,"specialWindow":false,"popupWindow":false,"dialog":false,"utility":false,"splash":false,"dock":false,"transient":false,"modal":false,"transientFor":null,"r":1788716597820,"n":7,"ms":1}
2026-09-06T19:43:17+02:00 HAL9000 kwin_wayland[2468]: KXLGEO1 {"k":"win","s":0,"id":"{38b7d072-075b-409d-8a6f-014d9c819ff5}","cls":"org.kde.kwrite","caption":"kxl-a2.txt — KWrite","output":"DP-3","desktops":["89539ae6-e06b-4c76-a057-95df959578a9"],"activities":["a89f5ec2-ab8e-4108-8088-7118500a3aab"],"onAllDesktops":false,"geo":{"x":1056,"y":525,"w":864,"h":525,"exakt":true},"min":{"w":157,"h":150},"max":{"w":2147483647,"h":2147483647},"fullScreen":false,"minimized":false,"maximizeMode":0,"moveable":true,"resizeable":true,"move":false,"resize":false,"managed":true,"deleted":false,"normalWindow":true,"specialWindow":false,"popupWindow":false,"dialog":false,"utility":false,"splash":false,"dock":false,"transient":false,"modal":false,"transientFor":null,"r":1788716597820,"n":8,"ms":1}
2026-09-06T19:43:17+02:00 HAL9000 kwin_wayland[2468]: KXLGEO1 {"k":"win","s":0,"id":"{28cf93d9-18fe-460f-99bf-07a714706ddd}","cls":"org.kde.kwrite","caption":"kxl-a3.txt — KWrite","output":"DP-3","desktops":["89539ae6-e06b-4c76-a057-95df959578a9"],"activities":["a89f5ec2-ab8e-4108-8088-7118500a3aab"],"onAllDesktops":false,"geo":{"x":0,"y":0,"w":1056,"h":1050,"exakt":true},"min":{"w":157,"h":150},"max":{"w":2147483647,"h":2147483647},"fullScreen":false,"minimized":false,"maximizeMode":0,"moveable":true,"resizeable":true,"move":false,"resize":false,"managed":true,"deleted":false,"normalWindow":true,"specialWindow":false,"popupWindow":false,"dialog":false,"utility":false,"splash":false,"dock":false,"transient":false,"modal":false,"transientFor":null,"r":1788716597820,"n":9,"ms":1}
2026-09-06T19:43:17+02:00 HAL9000 kwin_wayland[2468]: KXLGEO1 {"k":"win","s":0,"id":"{9cea3fcd-22eb-447b-a180-9096201dc0af}","cls":"org.kde.kwrite","caption":"kxl-b1.txt — KWrite","output":"eDP-1","desktops":["89539ae6-e06b-4c76-a057-95df959578a9"],"activities":["a89f5ec2-ab8e-4108-8088-7118500a3aab"],"onAllDesktops":false,"geo":{"x":1920,"y":0,"w":1920,"h":1080,"exakt":true},"min":{"w":157,"h":150},"max":{"w":2147483647,"h":2147483647},"fullScreen":false,"minimized":false,"maximizeMode":0,"moveable":true,"resizeable":true,"move":false,"resize":false,"managed":true,"deleted":false,"normalWindow":true,"specialWindow":false,"popupWindow":false,"dialog":false,"utility":false,"splash":false,"dock":false,"transient":false,"modal":false,"transientFor":null,"r":1788716597820,"n":10,"ms":2}
2026-09-06T19:43:17+02:00 HAL9000 kwin_wayland[2468]: KXLGEO1 {"k":"win","s":0,"id":"{36c69109-99f8-4079-9fb7-02567acde176}","cls":"org.kde.kwrite","caption":"kxl-b3.txt — KWrite","output":"eDP-1","desktops":["89539ae6-e06b-4c76-a057-95df959578a9"],"activities":["a89f5ec2-ab8e-4108-8088-7118500a3aab"],"onAllDesktops":false,"geo":{"x":1920,"y":0,"w":1920,"h":1080,"exakt":true},"min":{"w":157,"h":150},"max":{"w":2147483647,"h":2147483647},"fullScreen":false,"minimized":false,"maximizeMode":0,"moveable":true,"resizeable":true,"move":false,"resize":false,"managed":true,"deleted":false,"normalWindow":true,"specialWindow":false,"popupWindow":false,"dialog":false,"utility":false,"splash":false,"dock":false,"transient":false,"modal":false,"transientFor":null,"r":1788716597820,"n":11,"ms":2}
2026-09-06T19:43:17+02:00 HAL9000 kwin_wayland[2468]: KXLGEO1 {"k":"win","s":0,"id":"{d748ac35-9960-4cef-bb7c-f3de0dbc346c}","cls":"org.kde.kwrite","caption":"kxl-b4.txt — KWrite","output":"eDP-1","desktops":["89539ae6-e06b-4c76-a057-95df959578a9"],"activities":["a89f5ec2-ab8e-4108-8088-7118500a3aab"],"onAllDesktops":false,"geo":{"x":1920,"y":0,"w":1920,"h":1080,"exakt":true},"min":{"w":157,"h":150},"max":{"w":2147483647,"h":2147483647},"fullScreen":false,"minimized":false,"maximizeMode":0,"moveable":true,"resizeable":true,"move":false,"resize":false,"managed":true,"deleted":false,"normalWindow":true,"specialWindow":false,"popupWindow":false,"dialog":false,"utility":false,"splash":false,"dock":false,"transient":false,"modal":false,"transientFor":null,"r":1788716597820,"n":12,"ms":2}
2026-09-06T19:43:18+02:00 HAL9000 kwin_wayland[2468]: KXLGEO1 {"k":"view","s":1,"key":"a89f5ec2-ab8e-4108-8088-7118500a3aab|89539ae6-e06b-4c76-a057-95df959578a9|eDP-1","activity":"a89f5ec2-ab8e-4108-8088-7118500a3aab","desktop":"89539ae6-e06b-4c76-a057-95df959578a9","output":"eDP-1","area":{"x":1920,"y":0,"w":1920,"h":1080,"exakt":true},"r":1788716597820,"n":13,"ms":478}
2026-09-06T19:43:18+02:00 HAL9000 kwin_wayland[2468]: KXLGEO1 {"k":"view","s":1,"key":"a89f5ec2-ab8e-4108-8088-7118500a3aab|89539ae6-e06b-4c76-a057-95df959578a9|DP-3","activity":"a89f5ec2-ab8e-4108-8088-7118500a3aab","desktop":"89539ae6-e06b-4c76-a057-95df959578a9","output":"DP-3","area":{"x":0,"y":0,"w":1920,"h":1050,"exakt":true},"r":1788716597820,"n":14,"ms":478}
2026-09-06T19:43:18+02:00 HAL9000 kwin_wayland[2468]: KXLGEO1 {"k":"active","s":1,"activeId":"{28bdcf93-d890-4900-92bc-8851b8097194}","r":1788716597820,"n":15,"ms":478}
2026-09-06T19:43:18+02:00 HAL9000 kwin_wayland[2468]: KXLGEO1 {"k":"win","s":1,"id":"{89b38cc9-014d-4323-ae5d-4c07d535682f}","cls":"plasmashell","caption":"<Titel entfernt>","output":"DP-3","desktops":[],"activities":[],"onAllDesktops":true,"geo":{"x":0,"y":0,"w":1920,"h":1080,"exakt":true},"min":{"w":0,"h":0},"max":{"w":2147483647,"h":2147483647},"fullScreen":false,"minimized":false,"maximizeMode":0,"moveable":false,"resizeable":false,"move":false,"resize":false,"managed":true,"deleted":false,"normalWindow":false,"specialWindow":true,"popupWindow":false,"dialog":false,"utility":false,"splash":false,"dock":false,"transient":false,"modal":false,"transientFor":null,"r":1788716597820,"n":16,"ms":479}
2026-09-06T19:43:18+02:00 HAL9000 kwin_wayland[2468]: KXLGEO1 {"k":"win","s":1,"id":"{2a15acd8-fb85-4dbe-b1e1-052a1352b6f3}","cls":"plasmashell","caption":"<Titel entfernt>","output":"DP-3","desktops":[],"activities":[],"onAllDesktops":true,"geo":{"x":0,"y":1050,"w":1920,"h":30,"exakt":true},"min":{"w":0,"h":0},"max":{"w":2147483647,"h":2147483647},"fullScreen":false,"minimized":false,"maximizeMode":0,"moveable":false,"resizeable":false,"move":false,"resize":false,"managed":true,"deleted":false,"normalWindow":false,"specialWindow":true,"popupWindow":false,"dialog":false,"utility":false,"splash":false,"dock":true,"transient":false,"modal":false,"transientFor":null,"r":1788716597820,"n":17,"ms":479}
2026-09-06T19:43:18+02:00 HAL9000 kwin_wayland[2468]: KXLGEO1 {"k":"win","s":1,"id":"{68c8c0bd-e77e-4ce2-a24c-d370d686cb75}","cls":"plasmashell","caption":"<Titel entfernt>","output":"eDP-1","desktops":[],"activities":[],"onAllDesktops":true,"geo":{"x":1920,"y":0,"w":1920,"h":1080,"exakt":true},"min":{"w":0,"h":0},"max":{"w":2147483647,"h":2147483647},"fullScreen":false,"minimized":false,"maximizeMode":0,"moveable":false,"resizeable":false,"move":false,"resize":false,"managed":true,"deleted":false,"normalWindow":false,"specialWindow":true,"popupWindow":false,"dialog":false,"utility":false,"splash":false,"dock":false,"transient":false,"modal":false,"transientFor":null,"r":1788716597820,"n":18,"ms":480}
2026-09-06T19:43:18+02:00 HAL9000 kwin_wayland[2468]: KXLGEO1 {"k":"win","s":1,"id":"{28bdcf93-d890-4900-92bc-8851b8097194}","cls":"org.kde.kwrite","caption":"kxl-a1.txt — KWrite","output":"DP-3","desktops":["89539ae6-e06b-4c76-a057-95df959578a9"],"activities":["a89f5ec2-ab8e-4108-8088-7118500a3aab"],"onAllDesktops":false,"geo":{"x":1056,"y":0,"w":864,"h":525,"exakt":true},"min":{"w":157,"h":150},"max":{"w":2147483647,"h":2147483647},"fullScreen":false,"minimized":false,"maximizeMode":0,"moveable":true,"resizeable":true,"move":false,"resize":false,"managed":true,"deleted":false,"normalWindow":true,"specialWindow":false,"popupWindow":false,"dialog":false,"utility":false,"splash":false,"dock":false,"transient":false,"modal":false,"transientFor":null,"r":1788716597820,"n":19,"ms":480}
2026-09-06T19:43:18+02:00 HAL9000 kwin_wayland[2468]: KXLGEO1 {"k":"win","s":1,"id":"{38b7d072-075b-409d-8a6f-014d9c819ff5}","cls":"org.kde.kwrite","caption":"kxl-a2.txt — KWrite","output":"DP-3","desktops":["89539ae6-e06b-4c76-a057-95df959578a9"],"activities":["a89f5ec2-ab8e-4108-8088-7118500a3aab"],"onAllDesktops":false,"geo":{"x":1056,"y":525,"w":864,"h":525,"exakt":true},"min":{"w":157,"h":150},"max":{"w":2147483647,"h":2147483647},"fullScreen":false,"minimized":false,"maximizeMode":0,"moveable":true,"resizeable":true,"move":false,"resize":false,"managed":true,"deleted":false,"normalWindow":true,"specialWindow":false,"popupWindow":false,"dialog":false,"utility":false,"splash":false,"dock":false,"transient":false,"modal":false,"transientFor":null,"r":1788716597820,"n":20,"ms":481}
2026-09-06T19:43:18+02:00 HAL9000 kwin_wayland[2468]: KXLGEO1 {"k":"win","s":1,"id":"{28cf93d9-18fe-460f-99bf-07a714706ddd}","cls":"org.kde.kwrite","caption":"kxl-a3.txt — KWrite","output":"DP-3","desktops":["89539ae6-e06b-4c76-a057-95df959578a9"],"activities":["a89f5ec2-ab8e-4108-8088-7118500a3aab"],"onAllDesktops":false,"geo":{"x":0,"y":0,"w":1056,"h":1050,"exakt":true},"min":{"w":157,"h":150},"max":{"w":2147483647,"h":2147483647},"fullScreen":false,"minimized":false,"maximizeMode":0,"moveable":true,"resizeable":true,"move":false,"resize":false,"managed":true,"deleted":false,"normalWindow":true,"specialWindow":false,"popupWindow":false,"dialog":false,"utility":false,"splash":false,"dock":false,"transient":false,"modal":false,"transientFor":null,"r":1788716597820,"n":21,"ms":481}
2026-09-06T19:43:18+02:00 HAL9000 kwin_wayland[2468]: KXLGEO1 {"k":"win","s":1,"id":"{9cea3fcd-22eb-447b-a180-9096201dc0af}","cls":"org.kde.kwrite","caption":"kxl-b1.txt — KWrite","output":"eDP-1","desktops":["89539ae6-e06b-4c76-a057-95df959578a9"],"activities":["a89f5ec2-ab8e-4108-8088-7118500a3aab"],"onAllDesktops":false,"geo":{"x":1920,"y":0,"w":1920,"h":1080,"exakt":true},"min":{"w":157,"h":150},"max":{"w":2147483647,"h":2147483647},"fullScreen":false,"minimized":false,"maximizeMode":0,"moveable":true,"resizeable":true,"move":false,"resize":false,"managed":true,"deleted":false,"normalWindow":true,"specialWindow":false,"popupWindow":false,"dialog":false,"utility":false,"splash":false,"dock":false,"transient":false,"modal":false,"transientFor":null,"r":1788716597820,"n":22,"ms":482}
2026-09-06T19:43:18+02:00 HAL9000 kwin_wayland[2468]: KXLGEO1 {"k":"win","s":1,"id":"{36c69109-99f8-4079-9fb7-02567acde176}","cls":"org.kde.kwrite","caption":"kxl-b3.txt — KWrite","output":"eDP-1","desktops":["89539ae6-e06b-4c76-a057-95df959578a9"],"activities":["a89f5ec2-ab8e-4108-8088-7118500a3aab"],"onAllDesktops":false,"geo":{"x":1920,"y":0,"w":1920,"h":1080,"exakt":true},"min":{"w":157,"h":150},"max":{"w":2147483647,"h":2147483647},"fullScreen":false,"minimized":false,"maximizeMode":0,"moveable":true,"resizeable":true,"move":false,"resize":false,"managed":true,"deleted":false,"normalWindow":true,"specialWindow":false,"popupWindow":false,"dialog":false,"utility":false,"splash":false,"dock":false,"transient":false,"modal":false,"transientFor":null,"r":1788716597820,"n":23,"ms":482}
2026-09-06T19:43:18+02:00 HAL9000 kwin_wayland[2468]: KXLGEO1 {"k":"win","s":1,"id":"{d748ac35-9960-4cef-bb7c-f3de0dbc346c}","cls":"org.kde.kwrite","caption":"kxl-b4.txt — KWrite","output":"eDP-1","desktops":["89539ae6-e06b-4c76-a057-95df959578a9"],"activities":["a89f5ec2-ab8e-4108-8088-7118500a3aab"],"onAllDesktops":false,"geo":{"x":1920,"y":0,"w":1920,"h":1080,"exakt":true},"min":{"w":157,"h":150},"max":{"w":2147483647,"h":2147483647},"fullScreen":false,"minimized":false,"maximizeMode":0,"moveable":true,"resizeable":true,"move":false,"resize":false,"managed":true,"deleted":false,"normalWindow":true,"specialWindow":false,"popupWindow":false,"dialog":false,"utility":false,"splash":false,"dock":false,"transient":false,"modal":false,"transientFor":null,"r":1788716597820,"n":24,"ms":482}
2026-09-06T19:43:19+02:00 HAL9000 kwin_wayland[2468]: KXLGEO1 {"k":"view","s":2,"key":"a89f5ec2-ab8e-4108-8088-7118500a3aab|89539ae6-e06b-4c76-a057-95df959578a9|eDP-1","activity":"a89f5ec2-ab8e-4108-8088-7118500a3aab","desktop":"89539ae6-e06b-4c76-a057-95df959578a9","output":"eDP-1","area":{"x":1920,"y":0,"w":1920,"h":1080,"exakt":true},"r":1788716597820,"n":25,"ms":1428}
2026-09-06T19:43:19+02:00 HAL9000 kwin_wayland[2468]: KXLGEO1 {"k":"view","s":2,"key":"a89f5ec2-ab8e-4108-8088-7118500a3aab|89539ae6-e06b-4c76-a057-95df959578a9|DP-3","activity":"a89f5ec2-ab8e-4108-8088-7118500a3aab","desktop":"89539ae6-e06b-4c76-a057-95df959578a9","output":"DP-3","area":{"x":0,"y":0,"w":1920,"h":1050,"exakt":true},"r":1788716597820,"n":26,"ms":1428}
2026-09-06T19:43:19+02:00 HAL9000 kwin_wayland[2468]: KXLGEO1 {"k":"active","s":2,"activeId":"{28bdcf93-d890-4900-92bc-8851b8097194}","r":1788716597820,"n":27,"ms":1429}
2026-09-06T19:43:19+02:00 HAL9000 kwin_wayland[2468]: KXLGEO1 {"k":"win","s":2,"id":"{89b38cc9-014d-4323-ae5d-4c07d535682f}","cls":"plasmashell","caption":"<Titel entfernt>","output":"DP-3","desktops":[],"activities":[],"onAllDesktops":true,"geo":{"x":0,"y":0,"w":1920,"h":1080,"exakt":true},"min":{"w":0,"h":0},"max":{"w":2147483647,"h":2147483647},"fullScreen":false,"minimized":false,"maximizeMode":0,"moveable":false,"resizeable":false,"move":false,"resize":false,"managed":true,"deleted":false,"normalWindow":false,"specialWindow":true,"popupWindow":false,"dialog":false,"utility":false,"splash":false,"dock":false,"transient":false,"modal":false,"transientFor":null,"r":1788716597820,"n":28,"ms":1429}
2026-09-06T19:43:19+02:00 HAL9000 kwin_wayland[2468]: KXLGEO1 {"k":"win","s":2,"id":"{2a15acd8-fb85-4dbe-b1e1-052a1352b6f3}","cls":"plasmashell","caption":"<Titel entfernt>","output":"DP-3","desktops":[],"activities":[],"onAllDesktops":true,"geo":{"x":0,"y":1050,"w":1920,"h":30,"exakt":true},"min":{"w":0,"h":0},"max":{"w":2147483647,"h":2147483647},"fullScreen":false,"minimized":false,"maximizeMode":0,"moveable":false,"resizeable":false,"move":false,"resize":false,"managed":true,"deleted":false,"normalWindow":false,"specialWindow":true,"popupWindow":false,"dialog":false,"utility":false,"splash":false,"dock":true,"transient":false,"modal":false,"transientFor":null,"r":1788716597820,"n":29,"ms":1430}
2026-09-06T19:43:19+02:00 HAL9000 kwin_wayland[2468]: KXLGEO1 {"k":"win","s":2,"id":"{68c8c0bd-e77e-4ce2-a24c-d370d686cb75}","cls":"plasmashell","caption":"<Titel entfernt>","output":"eDP-1","desktops":[],"activities":[],"onAllDesktops":true,"geo":{"x":1920,"y":0,"w":1920,"h":1080,"exakt":true},"min":{"w":0,"h":0},"max":{"w":2147483647,"h":2147483647},"fullScreen":false,"minimized":false,"maximizeMode":0,"moveable":false,"resizeable":false,"move":false,"resize":false,"managed":true,"deleted":false,"normalWindow":false,"specialWindow":true,"popupWindow":false,"dialog":false,"utility":false,"splash":false,"dock":false,"transient":false,"modal":false,"transientFor":null,"r":1788716597820,"n":30,"ms":1430}
2026-09-06T19:43:19+02:00 HAL9000 kwin_wayland[2468]: KXLGEO1 {"k":"win","s":2,"id":"{28bdcf93-d890-4900-92bc-8851b8097194}","cls":"org.kde.kwrite","caption":"kxl-a1.txt — KWrite","output":"DP-3","desktops":["89539ae6-e06b-4c76-a057-95df959578a9"],"activities":["a89f5ec2-ab8e-4108-8088-7118500a3aab"],"onAllDesktops":false,"geo":{"x":1056,"y":0,"w":864,"h":525,"exakt":true},"min":{"w":157,"h":150},"max":{"w":2147483647,"h":2147483647},"fullScreen":false,"minimized":false,"maximizeMode":0,"moveable":true,"resizeable":true,"move":false,"resize":false,"managed":true,"deleted":false,"normalWindow":true,"specialWindow":false,"popupWindow":false,"dialog":false,"utility":false,"splash":false,"dock":false,"transient":false,"modal":false,"transientFor":null,"r":1788716597820,"n":31,"ms":1431}
2026-09-06T19:43:19+02:00 HAL9000 kwin_wayland[2468]: KXLGEO1 {"k":"win","s":2,"id":"{38b7d072-075b-409d-8a6f-014d9c819ff5}","cls":"org.kde.kwrite","caption":"kxl-a2.txt — KWrite","output":"DP-3","desktops":["89539ae6-e06b-4c76-a057-95df959578a9"],"activities":["a89f5ec2-ab8e-4108-8088-7118500a3aab"],"onAllDesktops":false,"geo":{"x":1056,"y":525,"w":864,"h":525,"exakt":true},"min":{"w":157,"h":150},"max":{"w":2147483647,"h":2147483647},"fullScreen":false,"minimized":false,"maximizeMode":0,"moveable":true,"resizeable":true,"move":false,"resize":false,"managed":true,"deleted":false,"normalWindow":true,"specialWindow":false,"popupWindow":false,"dialog":false,"utility":false,"splash":false,"dock":false,"transient":false,"modal":false,"transientFor":null,"r":1788716597820,"n":32,"ms":1432}
2026-09-06T19:43:19+02:00 HAL9000 kwin_wayland[2468]: KXLGEO1 {"k":"win","s":2,"id":"{28cf93d9-18fe-460f-99bf-07a714706ddd}","cls":"org.kde.kwrite","caption":"kxl-a3.txt — KWrite","output":"DP-3","desktops":["89539ae6-e06b-4c76-a057-95df959578a9"],"activities":["a89f5ec2-ab8e-4108-8088-7118500a3aab"],"onAllDesktops":false,"geo":{"x":0,"y":0,"w":1056,"h":1050,"exakt":true},"min":{"w":157,"h":150},"max":{"w":2147483647,"h":2147483647},"fullScreen":false,"minimized":false,"maximizeMode":0,"moveable":true,"resizeable":true,"move":false,"resize":false,"managed":true,"deleted":false,"normalWindow":true,"specialWindow":false,"popupWindow":false,"dialog":false,"utility":false,"splash":false,"dock":false,"transient":false,"modal":false,"transientFor":null,"r":1788716597820,"n":33,"ms":1432}
2026-09-06T19:43:19+02:00 HAL9000 kwin_wayland[2468]: KXLGEO1 {"k":"win","s":2,"id":"{9cea3fcd-22eb-447b-a180-9096201dc0af}","cls":"org.kde.kwrite","caption":"kxl-b1.txt — KWrite","output":"eDP-1","desktops":["89539ae6-e06b-4c76-a057-95df959578a9"],"activities":["a89f5ec2-ab8e-4108-8088-7118500a3aab"],"onAllDesktops":false,"geo":{"x":1920,"y":0,"w":1920,"h":1080,"exakt":true},"min":{"w":157,"h":150},"max":{"w":2147483647,"h":2147483647},"fullScreen":false,"minimized":false,"maximizeMode":0,"moveable":true,"resizeable":true,"move":false,"resize":false,"managed":true,"deleted":false,"normalWindow":true,"specialWindow":false,"popupWindow":false,"dialog":false,"utility":false,"splash":false,"dock":false,"transient":false,"modal":false,"transientFor":null,"r":1788716597820,"n":34,"ms":1433}
2026-09-06T19:43:19+02:00 HAL9000 kwin_wayland[2468]: KXLGEO1 {"k":"win","s":2,"id":"{36c69109-99f8-4079-9fb7-02567acde176}","cls":"org.kde.kwrite","caption":"kxl-b3.txt — KWrite","output":"eDP-1","desktops":["89539ae6-e06b-4c76-a057-95df959578a9"],"activities":["a89f5ec2-ab8e-4108-8088-7118500a3aab"],"onAllDesktops":false,"geo":{"x":1920,"y":0,"w":1920,"h":1080,"exakt":true},"min":{"w":157,"h":150},"max":{"w":2147483647,"h":2147483647},"fullScreen":false,"minimized":false,"maximizeMode":0,"moveable":true,"resizeable":true,"move":false,"resize":false,"managed":true,"deleted":false,"normalWindow":true,"specialWindow":false,"popupWindow":false,"dialog":false,"utility":false,"splash":false,"dock":false,"transient":false,"modal":false,"transientFor":null,"r":1788716597820,"n":35,"ms":1433}
2026-09-06T19:43:19+02:00 HAL9000 kwin_wayland[2468]: KXLGEO1 {"k":"win","s":2,"id":"{d748ac35-9960-4cef-bb7c-f3de0dbc346c}","cls":"org.kde.kwrite","caption":"kxl-b4.txt — KWrite","output":"eDP-1","desktops":["89539ae6-e06b-4c76-a057-95df959578a9"],"activities":["a89f5ec2-ab8e-4108-8088-7118500a3aab"],"onAllDesktops":false,"geo":{"x":1920,"y":0,"w":1920,"h":1080,"exakt":true},"min":{"w":157,"h":150},"max":{"w":2147483647,"h":2147483647},"fullScreen":false,"minimized":false,"maximizeMode":0,"moveable":true,"resizeable":true,"move":false,"resize":false,"managed":true,"deleted":false,"normalWindow":true,"specialWindow":false,"popupWindow":false,"dialog":false,"utility":false,"splash":false,"dock":false,"transient":false,"modal":false,"transientFor":null,"r":1788716597820,"n":36,"ms":1434}
2026-09-06T19:43:20+02:00 HAL9000 kwin_wayland[2468]: KXLGEO1 {"k":"view","s":3,"key":"a89f5ec2-ab8e-4108-8088-7118500a3aab|89539ae6-e06b-4c76-a057-95df959578a9|eDP-1","activity":"a89f5ec2-ab8e-4108-8088-7118500a3aab","desktop":"89539ae6-e06b-4c76-a057-95df959578a9","output":"eDP-1","area":{"x":1920,"y":0,"w":1920,"h":1080,"exakt":true},"r":1788716597820,"n":37,"ms":2853}
2026-09-06T19:43:20+02:00 HAL9000 kwin_wayland[2468]: KXLGEO1 {"k":"view","s":3,"key":"a89f5ec2-ab8e-4108-8088-7118500a3aab|89539ae6-e06b-4c76-a057-95df959578a9|DP-3","activity":"a89f5ec2-ab8e-4108-8088-7118500a3aab","desktop":"89539ae6-e06b-4c76-a057-95df959578a9","output":"DP-3","area":{"x":0,"y":0,"w":1920,"h":1050,"exakt":true},"r":1788716597820,"n":38,"ms":2853}
2026-09-06T19:43:20+02:00 HAL9000 kwin_wayland[2468]: KXLGEO1 {"k":"active","s":3,"activeId":"{28bdcf93-d890-4900-92bc-8851b8097194}","r":1788716597820,"n":39,"ms":2853}
2026-09-06T19:43:20+02:00 HAL9000 kwin_wayland[2468]: KXLGEO1 {"k":"win","s":3,"id":"{89b38cc9-014d-4323-ae5d-4c07d535682f}","cls":"plasmashell","caption":"<Titel entfernt>","output":"DP-3","desktops":[],"activities":[],"onAllDesktops":true,"geo":{"x":0,"y":0,"w":1920,"h":1080,"exakt":true},"min":{"w":0,"h":0},"max":{"w":2147483647,"h":2147483647},"fullScreen":false,"minimized":false,"maximizeMode":0,"moveable":false,"resizeable":false,"move":false,"resize":false,"managed":true,"deleted":false,"normalWindow":false,"specialWindow":true,"popupWindow":false,"dialog":false,"utility":false,"splash":false,"dock":false,"transient":false,"modal":false,"transientFor":null,"r":1788716597820,"n":40,"ms":2854}
2026-09-06T19:43:20+02:00 HAL9000 kwin_wayland[2468]: KXLGEO1 {"k":"win","s":3,"id":"{2a15acd8-fb85-4dbe-b1e1-052a1352b6f3}","cls":"plasmashell","caption":"<Titel entfernt>","output":"DP-3","desktops":[],"activities":[],"onAllDesktops":true,"geo":{"x":0,"y":1050,"w":1920,"h":30,"exakt":true},"min":{"w":0,"h":0},"max":{"w":2147483647,"h":2147483647},"fullScreen":false,"minimized":false,"maximizeMode":0,"moveable":false,"resizeable":false,"move":false,"resize":false,"managed":true,"deleted":false,"normalWindow":false,"specialWindow":true,"popupWindow":false,"dialog":false,"utility":false,"splash":false,"dock":true,"transient":false,"modal":false,"transientFor":null,"r":1788716597820,"n":41,"ms":2855}
2026-09-06T19:43:20+02:00 HAL9000 kwin_wayland[2468]: KXLGEO1 {"k":"win","s":3,"id":"{68c8c0bd-e77e-4ce2-a24c-d370d686cb75}","cls":"plasmashell","caption":"<Titel entfernt>","output":"eDP-1","desktops":[],"activities":[],"onAllDesktops":true,"geo":{"x":1920,"y":0,"w":1920,"h":1080,"exakt":true},"min":{"w":0,"h":0},"max":{"w":2147483647,"h":2147483647},"fullScreen":false,"minimized":false,"maximizeMode":0,"moveable":false,"resizeable":false,"move":false,"resize":false,"managed":true,"deleted":false,"normalWindow":false,"specialWindow":true,"popupWindow":false,"dialog":false,"utility":false,"splash":false,"dock":false,"transient":false,"modal":false,"transientFor":null,"r":1788716597820,"n":42,"ms":2856}
2026-09-06T19:43:20+02:00 HAL9000 kwin_wayland[2468]: KXLGEO1 {"k":"win","s":3,"id":"{28bdcf93-d890-4900-92bc-8851b8097194}","cls":"org.kde.kwrite","caption":"kxl-a1.txt — KWrite","output":"DP-3","desktops":["89539ae6-e06b-4c76-a057-95df959578a9"],"activities":["a89f5ec2-ab8e-4108-8088-7118500a3aab"],"onAllDesktops":false,"geo":{"x":1056,"y":0,"w":864,"h":525,"exakt":true},"min":{"w":157,"h":150},"max":{"w":2147483647,"h":2147483647},"fullScreen":false,"minimized":false,"maximizeMode":0,"moveable":true,"resizeable":true,"move":false,"resize":false,"managed":true,"deleted":false,"normalWindow":true,"specialWindow":false,"popupWindow":false,"dialog":false,"utility":false,"splash":false,"dock":false,"transient":false,"modal":false,"transientFor":null,"r":1788716597820,"n":43,"ms":2856}
2026-09-06T19:43:20+02:00 HAL9000 kwin_wayland[2468]: KXLGEO1 {"k":"win","s":3,"id":"{38b7d072-075b-409d-8a6f-014d9c819ff5}","cls":"org.kde.kwrite","caption":"kxl-a2.txt — KWrite","output":"DP-3","desktops":["89539ae6-e06b-4c76-a057-95df959578a9"],"activities":["a89f5ec2-ab8e-4108-8088-7118500a3aab"],"onAllDesktops":false,"geo":{"x":1056,"y":525,"w":864,"h":525,"exakt":true},"min":{"w":157,"h":150},"max":{"w":2147483647,"h":2147483647},"fullScreen":false,"minimized":false,"maximizeMode":0,"moveable":true,"resizeable":true,"move":false,"resize":false,"managed":true,"deleted":false,"normalWindow":true,"specialWindow":false,"popupWindow":false,"dialog":false,"utility":false,"splash":false,"dock":false,"transient":false,"modal":false,"transientFor":null,"r":1788716597820,"n":44,"ms":2857}
2026-09-06T19:43:20+02:00 HAL9000 kwin_wayland[2468]: KXLGEO1 {"k":"win","s":3,"id":"{28cf93d9-18fe-460f-99bf-07a714706ddd}","cls":"org.kde.kwrite","caption":"kxl-a3.txt — KWrite","output":"DP-3","desktops":["89539ae6-e06b-4c76-a057-95df959578a9"],"activities":["a89f5ec2-ab8e-4108-8088-7118500a3aab"],"onAllDesktops":false,"geo":{"x":0,"y":0,"w":1056,"h":1050,"exakt":true},"min":{"w":157,"h":150},"max":{"w":2147483647,"h":2147483647},"fullScreen":false,"minimized":false,"maximizeMode":0,"moveable":true,"resizeable":true,"move":false,"resize":false,"managed":true,"deleted":false,"normalWindow":true,"specialWindow":false,"popupWindow":false,"dialog":false,"utility":false,"splash":false,"dock":false,"transient":false,"modal":false,"transientFor":null,"r":1788716597820,"n":45,"ms":2857}
2026-09-06T19:43:20+02:00 HAL9000 kwin_wayland[2468]: KXLGEO1 {"k":"win","s":3,"id":"{9cea3fcd-22eb-447b-a180-9096201dc0af}","cls":"org.kde.kwrite","caption":"kxl-b1.txt — KWrite","output":"eDP-1","desktops":["89539ae6-e06b-4c76-a057-95df959578a9"],"activities":["a89f5ec2-ab8e-4108-8088-7118500a3aab"],"onAllDesktops":false,"geo":{"x":1920,"y":0,"w":1920,"h":1080,"exakt":true},"min":{"w":157,"h":150},"max":{"w":2147483647,"h":2147483647},"fullScreen":false,"minimized":false,"maximizeMode":0,"moveable":true,"resizeable":true,"move":false,"resize":false,"managed":true,"deleted":false,"normalWindow":true,"specialWindow":false,"popupWindow":false,"dialog":false,"utility":false,"splash":false,"dock":false,"transient":false,"modal":false,"transientFor":null,"r":1788716597820,"n":46,"ms":2858}
2026-09-06T19:43:20+02:00 HAL9000 kwin_wayland[2468]: KXLGEO1 {"k":"win","s":3,"id":"{36c69109-99f8-4079-9fb7-02567acde176}","cls":"org.kde.kwrite","caption":"kxl-b3.txt — KWrite","output":"eDP-1","desktops":["89539ae6-e06b-4c76-a057-95df959578a9"],"activities":["a89f5ec2-ab8e-4108-8088-7118500a3aab"],"onAllDesktops":false,"geo":{"x":1920,"y":0,"w":1920,"h":1080,"exakt":true},"min":{"w":157,"h":150},"max":{"w":2147483647,"h":2147483647},"fullScreen":false,"minimized":false,"maximizeMode":0,"moveable":true,"resizeable":true,"move":false,"resize":false,"managed":true,"deleted":false,"normalWindow":true,"specialWindow":false,"popupWindow":false,"dialog":false,"utility":false,"splash":false,"dock":false,"transient":false,"modal":false,"transientFor":null,"r":1788716597820,"n":47,"ms":2858}
2026-09-06T19:43:20+02:00 HAL9000 kwin_wayland[2468]: KXLGEO1 {"k":"win","s":3,"id":"{d748ac35-9960-4cef-bb7c-f3de0dbc346c}","cls":"org.kde.kwrite","caption":"kxl-b4.txt — KWrite","output":"eDP-1","desktops":["89539ae6-e06b-4c76-a057-95df959578a9"],"activities":["a89f5ec2-ab8e-4108-8088-7118500a3aab"],"onAllDesktops":false,"geo":{"x":1920,"y":0,"w":1920,"h":1080,"exakt":true},"min":{"w":157,"h":150},"max":{"w":2147483647,"h":2147483647},"fullScreen":false,"minimized":false,"maximizeMode":0,"moveable":true,"resizeable":true,"move":false,"resize":false,"managed":true,"deleted":false,"normalWindow":true,"specialWindow":false,"popupWindow":false,"dialog":false,"utility":false,"splash":false,"dock":false,"transient":false,"modal":false,"transientFor":null,"r":1788716597820,"n":48,"ms":2858}
2026-09-06T19:43:20+02:00 HAL9000 kwin_wayland[2468]: KXLGEO1 {"k":"end","st":"ok","total":49,"samples":4,"fehler":0,"timer_aktiv":0,"r":1788716597820,"n":49,"ms":2858}
2026-09-06T19:43:24+02:00 HAL9000 kwin_wayland[2468]: kwin-xmonad-lite: arrange #28 grund=screensChanged surfaces=2 mitglieder=6 teilnehmer=6
2026-09-06T19:43:24+02:00 HAL9000 kwin_wayland[2468]: kwin-xmonad-lite: surface a89f5ec2-ab8e-4108-8088-7118500a3aab|89539ae6-e06b-4c76-a057-95df959578a9|eDP-1 layout=full n=3 ratio=0.65 fläche=1920x1080+1920+0
2026-09-06T19:43:24+02:00 HAL9000 kwin_wayland[2468]: kwin-xmonad-lite: diagnose a89f5ec2-ab8e-4108-8088-7118500a3aab|89539ae6-e06b-4c76-a057-95df959578a9|eDP-1 order={d748ac35-9960-4cef-bb7c-f3de0dbc346c},{36c69109-99f8-4079-9fb7-02567acde176},{9cea3fcd-22eb-447b-a180-9096201dc0af} teilnehmer={d748ac35-9960-4cef-bb7c-f3de0dbc346c},{36c69109-99f8-4079-9fb7-02567acde176},{9cea3fcd-22eb-447b-a180-9096201dc0af} float=
2026-09-06T19:43:24+02:00 HAL9000 kwin_wayland[2468]: kwin-xmonad-lite: surface a89f5ec2-ab8e-4108-8088-7118500a3aab|89539ae6-e06b-4c76-a057-95df959578a9|DP-3 layout=tall n=3 ratio=0.55 fläche=1920x1050+0+0
2026-09-06T19:43:24+02:00 HAL9000 kwin_wayland[2468]: kwin-xmonad-lite: diagnose a89f5ec2-ab8e-4108-8088-7118500a3aab|89539ae6-e06b-4c76-a057-95df959578a9|DP-3 order={28cf93d9-18fe-460f-99bf-07a714706ddd},{28bdcf93-d890-4900-92bc-8851b8097194},{38b7d072-075b-409d-8a6f-014d9c819ff5} teilnehmer={28cf93d9-18fe-460f-99bf-07a714706ddd},{28bdcf93-d890-4900-92bc-8851b8097194},{38b7d072-075b-409d-8a6f-014d9c819ff5} float=
2026-09-06T19:43:24+02:00 HAL9000 kwin_wayland[2468]: kwin-xmonad-lite: arrange #29 grund=screensChanged surfaces=2 mitglieder=6 teilnehmer=6
2026-09-06T19:43:24+02:00 HAL9000 kwin_wayland[2468]: kwin-xmonad-lite: surface a89f5ec2-ab8e-4108-8088-7118500a3aab|89539ae6-e06b-4c76-a057-95df959578a9|eDP-1 layout=full n=3 ratio=0.65 fläche=1920x1080+1920+0
2026-09-06T19:43:24+02:00 HAL9000 kwin_wayland[2468]: kwin-xmonad-lite: diagnose a89f5ec2-ab8e-4108-8088-7118500a3aab|89539ae6-e06b-4c76-a057-95df959578a9|eDP-1 order={d748ac35-9960-4cef-bb7c-f3de0dbc346c},{36c69109-99f8-4079-9fb7-02567acde176},{9cea3fcd-22eb-447b-a180-9096201dc0af} teilnehmer={d748ac35-9960-4cef-bb7c-f3de0dbc346c},{36c69109-99f8-4079-9fb7-02567acde176},{9cea3fcd-22eb-447b-a180-9096201dc0af} float=
2026-09-06T19:43:24+02:00 HAL9000 kwin_wayland[2468]: kwin-xmonad-lite: surface a89f5ec2-ab8e-4108-8088-7118500a3aab|89539ae6-e06b-4c76-a057-95df959578a9|DP-3 layout=tall n=3 ratio=0.55 fläche=1920x1050+0+0
2026-09-06T19:43:24+02:00 HAL9000 kwin_wayland[2468]: kwin-xmonad-lite: diagnose a89f5ec2-ab8e-4108-8088-7118500a3aab|89539ae6-e06b-4c76-a057-95df959578a9|DP-3 order={28cf93d9-18fe-460f-99bf-07a714706ddd},{28bdcf93-d890-4900-92bc-8851b8097194},{38b7d072-075b-409d-8a6f-014d9c819ff5} teilnehmer={28cf93d9-18fe-460f-99bf-07a714706ddd},{28bdcf93-d890-4900-92bc-8851b8097194},{38b7d072-075b-409d-8a6f-014d9c819ff5} float=
2026-09-06T19:43:24+02:00 HAL9000 kwin_wayland[2468]: kwin-xmonad-lite: arrange #30 grund=nachlauf500:screensChanged surfaces=2 mitglieder=6 teilnehmer=6
2026-09-06T19:43:24+02:00 HAL9000 kwin_wayland[2468]: kwin-xmonad-lite: surface a89f5ec2-ab8e-4108-8088-7118500a3aab|89539ae6-e06b-4c76-a057-95df959578a9|eDP-1 layout=full n=3 ratio=0.65 fläche=1920x1080+1920+0
2026-09-06T19:43:24+02:00 HAL9000 kwin_wayland[2468]: kwin-xmonad-lite: diagnose a89f5ec2-ab8e-4108-8088-7118500a3aab|89539ae6-e06b-4c76-a057-95df959578a9|eDP-1 order={d748ac35-9960-4cef-bb7c-f3de0dbc346c},{36c69109-99f8-4079-9fb7-02567acde176},{9cea3fcd-22eb-447b-a180-9096201dc0af} teilnehmer={d748ac35-9960-4cef-bb7c-f3de0dbc346c},{36c69109-99f8-4079-9fb7-02567acde176},{9cea3fcd-22eb-447b-a180-9096201dc0af} float=
2026-09-06T19:43:24+02:00 HAL9000 kwin_wayland[2468]: kwin-xmonad-lite: surface a89f5ec2-ab8e-4108-8088-7118500a3aab|89539ae6-e06b-4c76-a057-95df959578a9|DP-3 layout=tall n=3 ratio=0.55 fläche=1920x1050+0+0
2026-09-06T19:43:24+02:00 HAL9000 kwin_wayland[2468]: kwin-xmonad-lite: diagnose a89f5ec2-ab8e-4108-8088-7118500a3aab|89539ae6-e06b-4c76-a057-95df959578a9|DP-3 order={28cf93d9-18fe-460f-99bf-07a714706ddd},{28bdcf93-d890-4900-92bc-8851b8097194},{38b7d072-075b-409d-8a6f-014d9c819ff5} teilnehmer={28cf93d9-18fe-460f-99bf-07a714706ddd},{28bdcf93-d890-4900-92bc-8851b8097194},{38b7d072-075b-409d-8a6f-014d9c819ff5} float=
2026-09-06T19:43:26+02:00 HAL9000 kwin_wayland[2468]: kwin-xmonad-lite: arrange #31 grund=nachlauf1500:screensChanged surfaces=2 mitglieder=6 teilnehmer=6
2026-09-06T19:43:26+02:00 HAL9000 kwin_wayland[2468]: kwin-xmonad-lite: surface a89f5ec2-ab8e-4108-8088-7118500a3aab|89539ae6-e06b-4c76-a057-95df959578a9|eDP-1 layout=full n=3 ratio=0.65 fläche=1920x1080+1920+0
2026-09-06T19:43:26+02:00 HAL9000 kwin_wayland[2468]: kwin-xmonad-lite: diagnose a89f5ec2-ab8e-4108-8088-7118500a3aab|89539ae6-e06b-4c76-a057-95df959578a9|eDP-1 order={d748ac35-9960-4cef-bb7c-f3de0dbc346c},{36c69109-99f8-4079-9fb7-02567acde176},{9cea3fcd-22eb-447b-a180-9096201dc0af} teilnehmer={d748ac35-9960-4cef-bb7c-f3de0dbc346c},{36c69109-99f8-4079-9fb7-02567acde176},{9cea3fcd-22eb-447b-a180-9096201dc0af} float=
2026-09-06T19:43:26+02:00 HAL9000 kwin_wayland[2468]: kwin-xmonad-lite: surface a89f5ec2-ab8e-4108-8088-7118500a3aab|89539ae6-e06b-4c76-a057-95df959578a9|DP-3 layout=tall n=3 ratio=0.55 fläche=1920x1050+0+0
2026-09-06T19:43:26+02:00 HAL9000 kwin_wayland[2468]: kwin-xmonad-lite: diagnose a89f5ec2-ab8e-4108-8088-7118500a3aab|89539ae6-e06b-4c76-a057-95df959578a9|DP-3 order={28cf93d9-18fe-460f-99bf-07a714706ddd},{28bdcf93-d890-4900-92bc-8851b8097194},{38b7d072-075b-409d-8a6f-014d9c819ff5} teilnehmer={28cf93d9-18fe-460f-99bf-07a714706ddd},{28bdcf93-d890-4900-92bc-8851b8097194},{38b7d072-075b-409d-8a6f-014d9c819ff5} float=
2026-09-06T19:43:55+02:00 HAL9000 kwin_wayland[2468]: kwin-xmonad-lite: arrange #32 grund=screensChanged surfaces=2 mitglieder=6 teilnehmer=6
2026-09-06T19:43:55+02:00 HAL9000 kwin_wayland[2468]: kwin-xmonad-lite: surface a89f5ec2-ab8e-4108-8088-7118500a3aab|89539ae6-e06b-4c76-a057-95df959578a9|eDP-1 layout=full n=3 ratio=0.65 fläche=1920x1080+1920+0
2026-09-06T19:43:55+02:00 HAL9000 kwin_wayland[2468]: kwin-xmonad-lite: diagnose a89f5ec2-ab8e-4108-8088-7118500a3aab|89539ae6-e06b-4c76-a057-95df959578a9|eDP-1 order={d748ac35-9960-4cef-bb7c-f3de0dbc346c},{36c69109-99f8-4079-9fb7-02567acde176},{9cea3fcd-22eb-447b-a180-9096201dc0af} teilnehmer={d748ac35-9960-4cef-bb7c-f3de0dbc346c},{36c69109-99f8-4079-9fb7-02567acde176},{9cea3fcd-22eb-447b-a180-9096201dc0af} float=
2026-09-06T19:43:55+02:00 HAL9000 kwin_wayland[2468]: kwin-xmonad-lite: surface a89f5ec2-ab8e-4108-8088-7118500a3aab|89539ae6-e06b-4c76-a057-95df959578a9|DP-3 layout=tall n=3 ratio=0.55 fläche=1920x1050+0+0
2026-09-06T19:43:55+02:00 HAL9000 kwin_wayland[2468]: kwin-xmonad-lite: diagnose a89f5ec2-ab8e-4108-8088-7118500a3aab|89539ae6-e06b-4c76-a057-95df959578a9|DP-3 order={28cf93d9-18fe-460f-99bf-07a714706ddd},{28bdcf93-d890-4900-92bc-8851b8097194},{38b7d072-075b-409d-8a6f-014d9c819ff5} teilnehmer={28cf93d9-18fe-460f-99bf-07a714706ddd},{28bdcf93-d890-4900-92bc-8851b8097194},{38b7d072-075b-409d-8a6f-014d9c819ff5} float=
2026-09-06T19:43:56+02:00 HAL9000 kwin_wayland[2468]: kwin-xmonad-lite: arrange #33 grund=nachlauf500:screensChanged surfaces=2 mitglieder=6 teilnehmer=6
2026-09-06T19:43:56+02:00 HAL9000 kwin_wayland[2468]: kwin-xmonad-lite: surface a89f5ec2-ab8e-4108-8088-7118500a3aab|89539ae6-e06b-4c76-a057-95df959578a9|eDP-1 layout=full n=3 ratio=0.65 fläche=1920x1080+1920+0
2026-09-06T19:43:56+02:00 HAL9000 kwin_wayland[2468]: kwin-xmonad-lite: diagnose a89f5ec2-ab8e-4108-8088-7118500a3aab|89539ae6-e06b-4c76-a057-95df959578a9|eDP-1 order={d748ac35-9960-4cef-bb7c-f3de0dbc346c},{36c69109-99f8-4079-9fb7-02567acde176},{9cea3fcd-22eb-447b-a180-9096201dc0af} teilnehmer={d748ac35-9960-4cef-bb7c-f3de0dbc346c},{36c69109-99f8-4079-9fb7-02567acde176},{9cea3fcd-22eb-447b-a180-9096201dc0af} float=
2026-09-06T19:43:56+02:00 HAL9000 kwin_wayland[2468]: kwin-xmonad-lite: surface a89f5ec2-ab8e-4108-8088-7118500a3aab|89539ae6-e06b-4c76-a057-95df959578a9|DP-3 layout=tall n=3 ratio=0.55 fläche=1920x1050+0+0
2026-09-06T19:43:56+02:00 HAL9000 kwin_wayland[2468]: kwin-xmonad-lite: diagnose a89f5ec2-ab8e-4108-8088-7118500a3aab|89539ae6-e06b-4c76-a057-95df959578a9|DP-3 order={28cf93d9-18fe-460f-99bf-07a714706ddd},{28bdcf93-d890-4900-92bc-8851b8097194},{38b7d072-075b-409d-8a6f-014d9c819ff5} teilnehmer={28cf93d9-18fe-460f-99bf-07a714706ddd},{28bdcf93-d890-4900-92bc-8851b8097194},{38b7d072-075b-409d-8a6f-014d9c819ff5} float=
2026-09-06T19:43:56+02:00 HAL9000 kxl-abnahme[8165]: == Fall 26 Ende ==
2026-09-06T19:43:56+02:00 HAL9000 kxl-abnahme[8166]: == Fall 26a Anfang ==
2026-09-06T19:43:56+02:00 HAL9000 kwin_wayland[2468]: kwin-xmonad-lite: arrange #34 grund=desktopChanged,windowActivated surfaces=2 mitglieder=0 teilnehmer=0
2026-09-06T19:43:57+02:00 HAL9000 kwin_wayland[2468]: kwin-xmonad-lite: arrange #35 grund=nachlauf1500:screensChanged surfaces=2 mitglieder=0 teilnehmer=0
2026-09-06T19:43:59+02:00 HAL9000 kwin_wayland[2468]: kwin-xmonad-lite: arrange #36 grund=windowActivated,windowAdded surfaces=2 mitglieder=1 teilnehmer=1
2026-09-06T19:43:59+02:00 HAL9000 kwin_wayland[2468]: kwin-xmonad-lite: surface a89f5ec2-ab8e-4108-8088-7118500a3aab|b7798180-564c-4f75-ad4a-284026ac7a68|DP-3 layout=tall n=1 ratio=0.65 fläche=1920x1050+0+0
2026-09-06T19:43:59+02:00 HAL9000 kwin_wayland[2468]: kwin-xmonad-lite: diagnose a89f5ec2-ab8e-4108-8088-7118500a3aab|b7798180-564c-4f75-ad4a-284026ac7a68|DP-3 order={6429d239-a71f-4c42-99ae-997dffa005d9} teilnehmer={6429d239-a71f-4c42-99ae-997dffa005d9} float=
2026-09-06T19:43:59+02:00 HAL9000 kwin_wayland[2468]: kwin-xmonad-lite: apply {6429d239-a71f-4c42-99ae-997dffa005d9} soll=1920x1050+0+0
2026-09-06T19:44:03+02:00 HAL9000 kwin_wayland[2468]: kwin-xmonad-lite: arrange #37 grund=windowActivated,windowAdded surfaces=2 mitglieder=2 teilnehmer=2
2026-09-06T19:44:03+02:00 HAL9000 kwin_wayland[2468]: kwin-xmonad-lite: surface a89f5ec2-ab8e-4108-8088-7118500a3aab|b7798180-564c-4f75-ad4a-284026ac7a68|DP-3 layout=tall n=2 ratio=0.65 fläche=1920x1050+0+0
2026-09-06T19:44:03+02:00 HAL9000 kwin_wayland[2468]: kwin-xmonad-lite: diagnose a89f5ec2-ab8e-4108-8088-7118500a3aab|b7798180-564c-4f75-ad4a-284026ac7a68|DP-3 order={6807996b-8211-4590-9d4c-def50215de55},{6429d239-a71f-4c42-99ae-997dffa005d9} teilnehmer={6807996b-8211-4590-9d4c-def50215de55},{6429d239-a71f-4c42-99ae-997dffa005d9} float=
2026-09-06T19:44:03+02:00 HAL9000 kwin_wayland[2468]: kwin-xmonad-lite: apply {6807996b-8211-4590-9d4c-def50215de55} soll=1248x1050+0+0
2026-09-06T19:44:03+02:00 HAL9000 kwin_wayland[2468]: kwin-xmonad-lite: apply {6429d239-a71f-4c42-99ae-997dffa005d9} soll=672x1050+1248+0
2026-09-06T19:44:04+02:00 HAL9000 kwin_wayland[2468]: kwin-xmonad-lite: arrange #38 grund=windowAdded surfaces=2 mitglieder=2 teilnehmer=2
2026-09-06T19:44:04+02:00 HAL9000 kwin_wayland[2468]: kwin-xmonad-lite: surface a89f5ec2-ab8e-4108-8088-7118500a3aab|b7798180-564c-4f75-ad4a-284026ac7a68|DP-3 layout=tall n=2 ratio=0.65 fläche=1920x1050+0+0
2026-09-06T19:44:04+02:00 HAL9000 kwin_wayland[2468]: kwin-xmonad-lite: diagnose a89f5ec2-ab8e-4108-8088-7118500a3aab|b7798180-564c-4f75-ad4a-284026ac7a68|DP-3 order={6807996b-8211-4590-9d4c-def50215de55},{6429d239-a71f-4c42-99ae-997dffa005d9} teilnehmer={6807996b-8211-4590-9d4c-def50215de55},{6429d239-a71f-4c42-99ae-997dffa005d9} float=
2026-09-06T19:44:06+02:00 HAL9000 kwin_wayland[2468]: kwin-xmonad-lite: arrange #39 grund=closed,windowRemoved surfaces=2 mitglieder=2 teilnehmer=2
2026-09-06T19:44:06+02:00 HAL9000 kwin_wayland[2468]: kwin-xmonad-lite: surface a89f5ec2-ab8e-4108-8088-7118500a3aab|b7798180-564c-4f75-ad4a-284026ac7a68|DP-3 layout=tall n=2 ratio=0.65 fläche=1920x1050+0+0
2026-09-06T19:44:06+02:00 HAL9000 kwin_wayland[2468]: kwin-xmonad-lite: diagnose a89f5ec2-ab8e-4108-8088-7118500a3aab|b7798180-564c-4f75-ad4a-284026ac7a68|DP-3 order={6807996b-8211-4590-9d4c-def50215de55},{6429d239-a71f-4c42-99ae-997dffa005d9} teilnehmer={6807996b-8211-4590-9d4c-def50215de55},{6429d239-a71f-4c42-99ae-997dffa005d9} float=
2026-09-06T19:44:06+02:00 HAL9000 kwin_wayland[2468]: kwin-xmonad-lite: arrange #40 grund=desktopChanged,windowActivated surfaces=2 mitglieder=0 teilnehmer=0
2026-09-06T19:44:09+02:00 HAL9000 kwin_wayland[2468]: kwin-xmonad-lite: arrange #41 grund=windowActivated,windowAdded surfaces=2 mitglieder=1 teilnehmer=1
2026-09-06T19:44:09+02:00 HAL9000 kwin_wayland[2468]: kwin-xmonad-lite: surface a89f5ec2-ab8e-4108-8088-7118500a3aab|30c27d93-fa7d-452a-ad6a-53201edcdca1|DP-3 layout=tall n=1 ratio=0.65 fläche=1920x1050+0+0
2026-09-06T19:44:09+02:00 HAL9000 kwin_wayland[2468]: kwin-xmonad-lite: diagnose a89f5ec2-ab8e-4108-8088-7118500a3aab|30c27d93-fa7d-452a-ad6a-53201edcdca1|DP-3 order={af7bd51b-f458-4016-8526-a9a42550dd51} teilnehmer={af7bd51b-f458-4016-8526-a9a42550dd51} float=
2026-09-06T19:44:09+02:00 HAL9000 kwin_wayland[2468]: kwin-xmonad-lite: apply {af7bd51b-f458-4016-8526-a9a42550dd51} soll=1920x1050+0+0
2026-09-06T19:44:13+02:00 HAL9000 kwin_wayland[2468]: kwin-xmonad-lite: arrange #42 grund=windowActivated,windowAdded surfaces=2 mitglieder=2 teilnehmer=2
2026-09-06T19:44:13+02:00 HAL9000 kwin_wayland[2468]: kwin-xmonad-lite: surface a89f5ec2-ab8e-4108-8088-7118500a3aab|30c27d93-fa7d-452a-ad6a-53201edcdca1|DP-3 layout=tall n=2 ratio=0.65 fläche=1920x1050+0+0
2026-09-06T19:44:13+02:00 HAL9000 kwin_wayland[2468]: kwin-xmonad-lite: diagnose a89f5ec2-ab8e-4108-8088-7118500a3aab|30c27d93-fa7d-452a-ad6a-53201edcdca1|DP-3 order={dc4fa1c7-cc6b-4528-90a0-34a5d748b78f},{af7bd51b-f458-4016-8526-a9a42550dd51} teilnehmer={dc4fa1c7-cc6b-4528-90a0-34a5d748b78f},{af7bd51b-f458-4016-8526-a9a42550dd51} float=
2026-09-06T19:44:13+02:00 HAL9000 kwin_wayland[2468]: kwin-xmonad-lite: apply {dc4fa1c7-cc6b-4528-90a0-34a5d748b78f} soll=1248x1050+0+0
2026-09-06T19:44:13+02:00 HAL9000 kwin_wayland[2468]: kwin-xmonad-lite: apply {af7bd51b-f458-4016-8526-a9a42550dd51} soll=672x1050+1248+0
2026-09-06T19:44:17+02:00 HAL9000 kwin_wayland[2468]: kwin-xmonad-lite: arrange #43 grund=desktopChanged,windowActivated surfaces=2 mitglieder=0 teilnehmer=0
2026-09-06T19:44:19+02:00 HAL9000 kwin_wayland[2468]: kwin-xmonad-lite: arrange #44 grund=windowActivated,windowAdded surfaces=2 mitglieder=1 teilnehmer=1
2026-09-06T19:44:19+02:00 HAL9000 kwin_wayland[2468]: kwin-xmonad-lite: surface a89f5ec2-ab8e-4108-8088-7118500a3aab|eb859906-5dd5-4314-92bc-4f3cc1582e4f|DP-3 layout=tall n=1 ratio=0.65 fläche=1920x1050+0+0
2026-09-06T19:44:19+02:00 HAL9000 kwin_wayland[2468]: kwin-xmonad-lite: diagnose a89f5ec2-ab8e-4108-8088-7118500a3aab|eb859906-5dd5-4314-92bc-4f3cc1582e4f|DP-3 order={5106216a-d6a8-46df-ae71-19a0498a83df} teilnehmer={5106216a-d6a8-46df-ae71-19a0498a83df} float=
2026-09-06T19:44:19+02:00 HAL9000 kwin_wayland[2468]: kwin-xmonad-lite: apply {5106216a-d6a8-46df-ae71-19a0498a83df} soll=1920x1050+0+0
2026-09-06T19:44:23+02:00 HAL9000 kwin_wayland[2468]: kwin-xmonad-lite: arrange #45 grund=windowActivated,windowAdded surfaces=2 mitglieder=2 teilnehmer=2
2026-09-06T19:44:23+02:00 HAL9000 kwin_wayland[2468]: kwin-xmonad-lite: surface a89f5ec2-ab8e-4108-8088-7118500a3aab|eb859906-5dd5-4314-92bc-4f3cc1582e4f|DP-3 layout=tall n=2 ratio=0.65 fläche=1920x1050+0+0
2026-09-06T19:44:23+02:00 HAL9000 kwin_wayland[2468]: kwin-xmonad-lite: diagnose a89f5ec2-ab8e-4108-8088-7118500a3aab|eb859906-5dd5-4314-92bc-4f3cc1582e4f|DP-3 order={3bc4464c-005f-4813-929d-0443aa63eb2f},{5106216a-d6a8-46df-ae71-19a0498a83df} teilnehmer={3bc4464c-005f-4813-929d-0443aa63eb2f},{5106216a-d6a8-46df-ae71-19a0498a83df} float=
2026-09-06T19:44:23+02:00 HAL9000 kwin_wayland[2468]: kwin-xmonad-lite: apply {3bc4464c-005f-4813-929d-0443aa63eb2f} soll=1248x1050+0+0
2026-09-06T19:44:23+02:00 HAL9000 kwin_wayland[2468]: kwin-xmonad-lite: apply {5106216a-d6a8-46df-ae71-19a0498a83df} soll=672x1050+1248+0
2026-09-06T19:44:46+02:00 HAL9000 kwin_wayland[2468]: kwin-xmonad-lite: befehl focusNext surface=a89f5ec2-ab8e-4108-8088-7118500a3aab|eb859906-5dd5-4314-92bc-4f3cc1582e4f|DP-3 via=aktiv fokus={5106216a-d6a8-46df-ae71-19a0498a83df}
2026-09-06T19:44:46+02:00 HAL9000 kwin_wayland[2468]: kwin-xmonad-lite: aktiviere {5106216a-d6a8-46df-ae71-19a0498a83df}
2026-09-06T19:44:46+02:00 HAL9000 kwin_wayland[2468]: kwin-xmonad-lite: arrange #46 grund=windowActivated,shortcut:focusNext surfaces=2 mitglieder=2 teilnehmer=2
2026-09-06T19:44:46+02:00 HAL9000 kwin_wayland[2468]: kwin-xmonad-lite: surface a89f5ec2-ab8e-4108-8088-7118500a3aab|eb859906-5dd5-4314-92bc-4f3cc1582e4f|DP-3 layout=tall n=2 ratio=0.65 fläche=1920x1050+0+0
2026-09-06T19:44:46+02:00 HAL9000 kwin_wayland[2468]: kwin-xmonad-lite: diagnose a89f5ec2-ab8e-4108-8088-7118500a3aab|eb859906-5dd5-4314-92bc-4f3cc1582e4f|DP-3 order={3bc4464c-005f-4813-929d-0443aa63eb2f},{5106216a-d6a8-46df-ae71-19a0498a83df} teilnehmer={3bc4464c-005f-4813-929d-0443aa63eb2f},{5106216a-d6a8-46df-ae71-19a0498a83df} float=
2026-09-06T19:44:48+02:00 HAL9000 kwin_wayland[2468]: kwin-xmonad-lite: befehl promote surface=a89f5ec2-ab8e-4108-8088-7118500a3aab|eb859906-5dd5-4314-92bc-4f3cc1582e4f|DP-3 via=aktiv master={5106216a-d6a8-46df-ae71-19a0498a83df}
2026-09-06T19:44:48+02:00 HAL9000 kwin_wayland[2468]: kwin-xmonad-lite: arrange #47 grund=shortcut:promote surfaces=2 mitglieder=2 teilnehmer=2
2026-09-06T19:44:48+02:00 HAL9000 kwin_wayland[2468]: kwin-xmonad-lite: surface a89f5ec2-ab8e-4108-8088-7118500a3aab|eb859906-5dd5-4314-92bc-4f3cc1582e4f|DP-3 layout=tall n=2 ratio=0.65 fläche=1920x1050+0+0
2026-09-06T19:44:48+02:00 HAL9000 kwin_wayland[2468]: kwin-xmonad-lite: diagnose a89f5ec2-ab8e-4108-8088-7118500a3aab|eb859906-5dd5-4314-92bc-4f3cc1582e4f|DP-3 order={5106216a-d6a8-46df-ae71-19a0498a83df},{3bc4464c-005f-4813-929d-0443aa63eb2f} teilnehmer={5106216a-d6a8-46df-ae71-19a0498a83df},{3bc4464c-005f-4813-929d-0443aa63eb2f} float=
2026-09-06T19:44:48+02:00 HAL9000 kwin_wayland[2468]: kwin-xmonad-lite: apply {5106216a-d6a8-46df-ae71-19a0498a83df} soll=1248x1050+0+0
2026-09-06T19:44:48+02:00 HAL9000 kwin_wayland[2468]: kwin-xmonad-lite: apply {3bc4464c-005f-4813-929d-0443aa63eb2f} soll=672x1050+1248+0
2026-09-06T19:44:50+02:00 HAL9000 kwin_wayland[2468]: kwin-xmonad-lite: arrange #48 grund=desktopChanged,windowActivated surfaces=2 mitglieder=2 teilnehmer=2
2026-09-06T19:44:50+02:00 HAL9000 kwin_wayland[2468]: kwin-xmonad-lite: surface a89f5ec2-ab8e-4108-8088-7118500a3aab|30c27d93-fa7d-452a-ad6a-53201edcdca1|DP-3 layout=tall n=2 ratio=0.65 fläche=1920x1050+0+0
2026-09-06T19:44:50+02:00 HAL9000 kwin_wayland[2468]: kwin-xmonad-lite: diagnose a89f5ec2-ab8e-4108-8088-7118500a3aab|30c27d93-fa7d-452a-ad6a-53201edcdca1|DP-3 order={dc4fa1c7-cc6b-4528-90a0-34a5d748b78f},{af7bd51b-f458-4016-8526-a9a42550dd51} teilnehmer={dc4fa1c7-cc6b-4528-90a0-34a5d748b78f},{af7bd51b-f458-4016-8526-a9a42550dd51} float=
2026-09-06T19:44:52+02:00 HAL9000 kwin_wayland[2468]: kwin-xmonad-lite: befehl shrink surface=a89f5ec2-ab8e-4108-8088-7118500a3aab|30c27d93-fa7d-452a-ad6a-53201edcdca1|DP-3 via=aktiv ratio=0.6
2026-09-06T19:44:52+02:00 HAL9000 kwin_wayland[2468]: kwin-xmonad-lite: arrange #49 grund=shortcut:shrink surfaces=2 mitglieder=2 teilnehmer=2
2026-09-06T19:44:52+02:00 HAL9000 kwin_wayland[2468]: kwin-xmonad-lite: surface a89f5ec2-ab8e-4108-8088-7118500a3aab|30c27d93-fa7d-452a-ad6a-53201edcdca1|DP-3 layout=tall n=2 ratio=0.6 fläche=1920x1050+0+0
2026-09-06T19:44:52+02:00 HAL9000 kwin_wayland[2468]: kwin-xmonad-lite: diagnose a89f5ec2-ab8e-4108-8088-7118500a3aab|30c27d93-fa7d-452a-ad6a-53201edcdca1|DP-3 order={dc4fa1c7-cc6b-4528-90a0-34a5d748b78f},{af7bd51b-f458-4016-8526-a9a42550dd51} teilnehmer={dc4fa1c7-cc6b-4528-90a0-34a5d748b78f},{af7bd51b-f458-4016-8526-a9a42550dd51} float=
2026-09-06T19:44:52+02:00 HAL9000 kwin_wayland[2468]: kwin-xmonad-lite: apply {dc4fa1c7-cc6b-4528-90a0-34a5d748b78f} soll=1152x1050+0+0
2026-09-06T19:44:52+02:00 HAL9000 kwin_wayland[2468]: kwin-xmonad-lite: apply {af7bd51b-f458-4016-8526-a9a42550dd51} soll=768x1050+1152+0
2026-09-06T19:44:54+02:00 HAL9000 kwin_wayland[2468]: kwin-xmonad-lite: arrange #50 grund=desktopChanged,windowActivated surfaces=2 mitglieder=2 teilnehmer=2
2026-09-06T19:44:54+02:00 HAL9000 kwin_wayland[2468]: kwin-xmonad-lite: surface a89f5ec2-ab8e-4108-8088-7118500a3aab|b7798180-564c-4f75-ad4a-284026ac7a68|DP-3 layout=tall n=2 ratio=0.65 fläche=1920x1050+0+0
2026-09-06T19:44:54+02:00 HAL9000 kwin_wayland[2468]: kwin-xmonad-lite: diagnose a89f5ec2-ab8e-4108-8088-7118500a3aab|b7798180-564c-4f75-ad4a-284026ac7a68|DP-3 order={6807996b-8211-4590-9d4c-def50215de55},{6429d239-a71f-4c42-99ae-997dffa005d9} teilnehmer={6807996b-8211-4590-9d4c-def50215de55},{6429d239-a71f-4c42-99ae-997dffa005d9} float=
2026-09-06T19:44:56+02:00 HAL9000 kwin_wayland[2468]: kwin-xmonad-lite: befehl nextLayout surface=a89f5ec2-ab8e-4108-8088-7118500a3aab|b7798180-564c-4f75-ad4a-284026ac7a68|DP-3 via=aktiv layout=full
2026-09-06T19:44:56+02:00 HAL9000 kwin_wayland[2468]: kwin-xmonad-lite: arrange #51 grund=shortcut:nextLayout surfaces=2 mitglieder=2 teilnehmer=2
2026-09-06T19:44:56+02:00 HAL9000 kwin_wayland[2468]: kwin-xmonad-lite: surface a89f5ec2-ab8e-4108-8088-7118500a3aab|b7798180-564c-4f75-ad4a-284026ac7a68|DP-3 layout=full n=2 ratio=0.65 fläche=1920x1050+0+0
2026-09-06T19:44:56+02:00 HAL9000 kwin_wayland[2468]: kwin-xmonad-lite: diagnose a89f5ec2-ab8e-4108-8088-7118500a3aab|b7798180-564c-4f75-ad4a-284026ac7a68|DP-3 order={6807996b-8211-4590-9d4c-def50215de55},{6429d239-a71f-4c42-99ae-997dffa005d9} teilnehmer={6807996b-8211-4590-9d4c-def50215de55},{6429d239-a71f-4c42-99ae-997dffa005d9} float=
2026-09-06T19:44:56+02:00 HAL9000 kwin_wayland[2468]: kwin-xmonad-lite: apply {6807996b-8211-4590-9d4c-def50215de55} soll=1920x1050+0+0
2026-09-06T19:44:56+02:00 HAL9000 kwin_wayland[2468]: kwin-xmonad-lite: apply {6429d239-a71f-4c42-99ae-997dffa005d9} soll=1920x1050+0+0
2026-09-06T19:44:58+02:00 HAL9000 kwin_wayland[2468]: kwin-xmonad-lite: arrange #52 grund=desktopChanged,windowActivated surfaces=2 mitglieder=6 teilnehmer=6
2026-09-06T19:44:58+02:00 HAL9000 kwin_wayland[2468]: kwin-xmonad-lite: surface a89f5ec2-ab8e-4108-8088-7118500a3aab|89539ae6-e06b-4c76-a057-95df959578a9|eDP-1 layout=full n=3 ratio=0.65 fläche=1920x1080+1920+0
2026-09-06T19:44:58+02:00 HAL9000 kwin_wayland[2468]: kwin-xmonad-lite: diagnose a89f5ec2-ab8e-4108-8088-7118500a3aab|89539ae6-e06b-4c76-a057-95df959578a9|eDP-1 order={d748ac35-9960-4cef-bb7c-f3de0dbc346c},{36c69109-99f8-4079-9fb7-02567acde176},{9cea3fcd-22eb-447b-a180-9096201dc0af} teilnehmer={d748ac35-9960-4cef-bb7c-f3de0dbc346c},{36c69109-99f8-4079-9fb7-02567acde176},{9cea3fcd-22eb-447b-a180-9096201dc0af} float=
2026-09-06T19:44:58+02:00 HAL9000 kwin_wayland[2468]: kwin-xmonad-lite: surface a89f5ec2-ab8e-4108-8088-7118500a3aab|89539ae6-e06b-4c76-a057-95df959578a9|DP-3 layout=tall n=3 ratio=0.55 fläche=1920x1050+0+0
2026-09-06T19:44:58+02:00 HAL9000 kwin_wayland[2468]: kwin-xmonad-lite: diagnose a89f5ec2-ab8e-4108-8088-7118500a3aab|89539ae6-e06b-4c76-a057-95df959578a9|DP-3 order={28cf93d9-18fe-460f-99bf-07a714706ddd},{28bdcf93-d890-4900-92bc-8851b8097194},{38b7d072-075b-409d-8a6f-014d9c819ff5} teilnehmer={28cf93d9-18fe-460f-99bf-07a714706ddd},{28bdcf93-d890-4900-92bc-8851b8097194},{38b7d072-075b-409d-8a6f-014d9c819ff5} float=
2026-09-06T19:45:13+02:00 HAL9000 kxl-abnahme[8319]: -- 26a Durchlauf --
2026-09-06T19:45:13+02:00 HAL9000 kwin_wayland[2468]: kwin-xmonad-lite: arrange #53 grund=desktopChanged,windowActivated surfaces=2 mitglieder=2 teilnehmer=2
2026-09-06T19:45:13+02:00 HAL9000 kwin_wayland[2468]: kwin-xmonad-lite: surface a89f5ec2-ab8e-4108-8088-7118500a3aab|b7798180-564c-4f75-ad4a-284026ac7a68|DP-3 layout=full n=2 ratio=0.65 fläche=1920x1050+0+0
2026-09-06T19:45:13+02:00 HAL9000 kwin_wayland[2468]: kwin-xmonad-lite: diagnose a89f5ec2-ab8e-4108-8088-7118500a3aab|b7798180-564c-4f75-ad4a-284026ac7a68|DP-3 order={6807996b-8211-4590-9d4c-def50215de55},{6429d239-a71f-4c42-99ae-997dffa005d9} teilnehmer={6807996b-8211-4590-9d4c-def50215de55},{6429d239-a71f-4c42-99ae-997dffa005d9} float=
2026-09-06T19:45:16+02:00 HAL9000 kwin_wayland[2468]: kwin-xmonad-lite: arrange #54 grund=desktopChanged,windowActivated surfaces=2 mitglieder=2 teilnehmer=2
2026-09-06T19:45:16+02:00 HAL9000 kwin_wayland[2468]: kwin-xmonad-lite: surface a89f5ec2-ab8e-4108-8088-7118500a3aab|30c27d93-fa7d-452a-ad6a-53201edcdca1|DP-3 layout=tall n=2 ratio=0.6 fläche=1920x1050+0+0
2026-09-06T19:45:16+02:00 HAL9000 kwin_wayland[2468]: kwin-xmonad-lite: diagnose a89f5ec2-ab8e-4108-8088-7118500a3aab|30c27d93-fa7d-452a-ad6a-53201edcdca1|DP-3 order={dc4fa1c7-cc6b-4528-90a0-34a5d748b78f},{af7bd51b-f458-4016-8526-a9a42550dd51} teilnehmer={dc4fa1c7-cc6b-4528-90a0-34a5d748b78f},{af7bd51b-f458-4016-8526-a9a42550dd51} float=
2026-09-06T19:45:19+02:00 HAL9000 kwin_wayland[2468]: kwin-xmonad-lite: arrange #55 grund=desktopChanged,windowActivated surfaces=2 mitglieder=2 teilnehmer=2
2026-09-06T19:45:19+02:00 HAL9000 kwin_wayland[2468]: kwin-xmonad-lite: surface a89f5ec2-ab8e-4108-8088-7118500a3aab|eb859906-5dd5-4314-92bc-4f3cc1582e4f|DP-3 layout=tall n=2 ratio=0.65 fläche=1920x1050+0+0
2026-09-06T19:45:19+02:00 HAL9000 kwin_wayland[2468]: kwin-xmonad-lite: diagnose a89f5ec2-ab8e-4108-8088-7118500a3aab|eb859906-5dd5-4314-92bc-4f3cc1582e4f|DP-3 order={5106216a-d6a8-46df-ae71-19a0498a83df},{3bc4464c-005f-4813-929d-0443aa63eb2f} teilnehmer={5106216a-d6a8-46df-ae71-19a0498a83df},{3bc4464c-005f-4813-929d-0443aa63eb2f} float=
2026-09-06T19:45:22+02:00 HAL9000 kwin_wayland[2468]: kwin-xmonad-lite: arrange #56 grund=desktopChanged,windowActivated surfaces=2 mitglieder=6 teilnehmer=6
2026-09-06T19:45:22+02:00 HAL9000 kwin_wayland[2468]: kwin-xmonad-lite: surface a89f5ec2-ab8e-4108-8088-7118500a3aab|89539ae6-e06b-4c76-a057-95df959578a9|eDP-1 layout=full n=3 ratio=0.65 fläche=1920x1080+1920+0
2026-09-06T19:45:22+02:00 HAL9000 kwin_wayland[2468]: kwin-xmonad-lite: diagnose a89f5ec2-ab8e-4108-8088-7118500a3aab|89539ae6-e06b-4c76-a057-95df959578a9|eDP-1 order={d748ac35-9960-4cef-bb7c-f3de0dbc346c},{36c69109-99f8-4079-9fb7-02567acde176},{9cea3fcd-22eb-447b-a180-9096201dc0af} teilnehmer={d748ac35-9960-4cef-bb7c-f3de0dbc346c},{36c69109-99f8-4079-9fb7-02567acde176},{9cea3fcd-22eb-447b-a180-9096201dc0af} float=
2026-09-06T19:45:22+02:00 HAL9000 kwin_wayland[2468]: kwin-xmonad-lite: surface a89f5ec2-ab8e-4108-8088-7118500a3aab|89539ae6-e06b-4c76-a057-95df959578a9|DP-3 layout=tall n=3 ratio=0.55 fläche=1920x1050+0+0
2026-09-06T19:45:22+02:00 HAL9000 kwin_wayland[2468]: kwin-xmonad-lite: diagnose a89f5ec2-ab8e-4108-8088-7118500a3aab|89539ae6-e06b-4c76-a057-95df959578a9|DP-3 order={28cf93d9-18fe-460f-99bf-07a714706ddd},{28bdcf93-d890-4900-92bc-8851b8097194},{38b7d072-075b-409d-8a6f-014d9c819ff5} teilnehmer={28cf93d9-18fe-460f-99bf-07a714706ddd},{28bdcf93-d890-4900-92bc-8851b8097194},{38b7d072-075b-409d-8a6f-014d9c819ff5} float=
2026-09-06T19:45:43+02:00 HAL9000 kxl-abnahme[8340]: == Fall 26a Ende ==
2026-09-06T19:45:43+02:00 HAL9000 kxl-abnahme[8341]: == Fall 26b Anfang ==
2026-09-06T19:45:43+02:00 HAL9000 kwin_wayland[2468]: kwin-xmonad-lite: arrange #57 grund=desktopChanged,windowActivated surfaces=2 mitglieder=2 teilnehmer=2
2026-09-06T19:45:43+02:00 HAL9000 kwin_wayland[2468]: kwin-xmonad-lite: surface a89f5ec2-ab8e-4108-8088-7118500a3aab|b7798180-564c-4f75-ad4a-284026ac7a68|DP-3 layout=full n=2 ratio=0.65 fläche=1920x1050+0+0
2026-09-06T19:45:43+02:00 HAL9000 kwin_wayland[2468]: kwin-xmonad-lite: diagnose a89f5ec2-ab8e-4108-8088-7118500a3aab|b7798180-564c-4f75-ad4a-284026ac7a68|DP-3 order={6807996b-8211-4590-9d4c-def50215de55},{6429d239-a71f-4c42-99ae-997dffa005d9} teilnehmer={6807996b-8211-4590-9d4c-def50215de55},{6429d239-a71f-4c42-99ae-997dffa005d9} float=
2026-09-06T19:45:47+02:00 HAL9000 kwin_wayland[2468]: kwin-xmonad-lite: arrange #58 grund=desktopChanged,windowActivated surfaces=2 mitglieder=6 teilnehmer=6
2026-09-06T19:45:47+02:00 HAL9000 kwin_wayland[2468]: kwin-xmonad-lite: surface a89f5ec2-ab8e-4108-8088-7118500a3aab|89539ae6-e06b-4c76-a057-95df959578a9|eDP-1 layout=full n=3 ratio=0.65 fläche=1920x1080+1920+0
2026-09-06T19:45:47+02:00 HAL9000 kwin_wayland[2468]: kwin-xmonad-lite: diagnose a89f5ec2-ab8e-4108-8088-7118500a3aab|89539ae6-e06b-4c76-a057-95df959578a9|eDP-1 order={d748ac35-9960-4cef-bb7c-f3de0dbc346c},{36c69109-99f8-4079-9fb7-02567acde176},{9cea3fcd-22eb-447b-a180-9096201dc0af} teilnehmer={d748ac35-9960-4cef-bb7c-f3de0dbc346c},{36c69109-99f8-4079-9fb7-02567acde176},{9cea3fcd-22eb-447b-a180-9096201dc0af} float=
2026-09-06T19:45:47+02:00 HAL9000 kwin_wayland[2468]: kwin-xmonad-lite: surface a89f5ec2-ab8e-4108-8088-7118500a3aab|89539ae6-e06b-4c76-a057-95df959578a9|DP-3 layout=tall n=3 ratio=0.55 fläche=1920x1050+0+0
2026-09-06T19:45:47+02:00 HAL9000 kwin_wayland[2468]: kwin-xmonad-lite: diagnose a89f5ec2-ab8e-4108-8088-7118500a3aab|89539ae6-e06b-4c76-a057-95df959578a9|DP-3 order={28cf93d9-18fe-460f-99bf-07a714706ddd},{28bdcf93-d890-4900-92bc-8851b8097194},{38b7d072-075b-409d-8a6f-014d9c819ff5} teilnehmer={28cf93d9-18fe-460f-99bf-07a714706ddd},{28bdcf93-d890-4900-92bc-8851b8097194},{38b7d072-075b-409d-8a6f-014d9c819ff5} float=
2026-09-06T19:45:54+02:00 HAL9000 kxl-abnahme[8350]: == Fall 26b Ende ==
2026-09-06T19:46:08+02:00 HAL9000 kxl-abnahme[8361]: == Fall 26c Anfang ==
2026-09-06T19:46:09+02:00 HAL9000 kwin_wayland[2468]: kwin-xmonad-lite: arrange #59 grund=windowActivated,windowAdded surfaces=2 mitglieder=7 teilnehmer=7
2026-09-06T19:46:09+02:00 HAL9000 kwin_wayland[2468]: kwin-xmonad-lite: surface a89f5ec2-ab8e-4108-8088-7118500a3aab|89539ae6-e06b-4c76-a057-95df959578a9|eDP-1 layout=full n=3 ratio=0.65 fläche=1920x1080+1920+0
2026-09-06T19:46:09+02:00 HAL9000 kwin_wayland[2468]: kwin-xmonad-lite: diagnose a89f5ec2-ab8e-4108-8088-7118500a3aab|89539ae6-e06b-4c76-a057-95df959578a9|eDP-1 order={d748ac35-9960-4cef-bb7c-f3de0dbc346c},{36c69109-99f8-4079-9fb7-02567acde176},{9cea3fcd-22eb-447b-a180-9096201dc0af} teilnehmer={d748ac35-9960-4cef-bb7c-f3de0dbc346c},{36c69109-99f8-4079-9fb7-02567acde176},{9cea3fcd-22eb-447b-a180-9096201dc0af} float=
2026-09-06T19:46:09+02:00 HAL9000 kwin_wayland[2468]: kwin-xmonad-lite: surface a89f5ec2-ab8e-4108-8088-7118500a3aab|89539ae6-e06b-4c76-a057-95df959578a9|DP-3 layout=tall n=4 ratio=0.55 fläche=1920x1050+0+0
2026-09-06T19:46:09+02:00 HAL9000 kwin_wayland[2468]: kwin-xmonad-lite: diagnose a89f5ec2-ab8e-4108-8088-7118500a3aab|89539ae6-e06b-4c76-a057-95df959578a9|DP-3 order={28cf93d9-18fe-460f-99bf-07a714706ddd},{b5199d7e-ca1d-4451-bf04-426469b8e468},{28bdcf93-d890-4900-92bc-8851b8097194},{38b7d072-075b-409d-8a6f-014d9c819ff5} teilnehmer={28cf93d9-18fe-460f-99bf-07a714706ddd},{b5199d7e-ca1d-4451-bf04-426469b8e468},{28bdcf93-d890-4900-92bc-8851b8097194},{38b7d072-075b-409d-8a6f-014d9c819ff5} float=
2026-09-06T19:46:09+02:00 HAL9000 kwin_wayland[2468]: kwin-xmonad-lite: apply {b5199d7e-ca1d-4451-bf04-426469b8e468} soll=864x350+1056+0
2026-09-06T19:46:09+02:00 HAL9000 kwin_wayland[2468]: kwin-xmonad-lite: apply {28bdcf93-d890-4900-92bc-8851b8097194} soll=864x350+1056+350
2026-09-06T19:46:09+02:00 HAL9000 kwin_wayland[2468]: kwin-xmonad-lite: apply {38b7d072-075b-409d-8a6f-014d9c819ff5} soll=864x350+1056+700
2026-09-06T19:46:13+02:00 HAL9000 kwin_wayland[2468]: kwin-xmonad-lite: arrange #60 grund=fensterzustand surfaces=2 mitglieder=7 teilnehmer=7
2026-09-06T19:46:13+02:00 HAL9000 kwin_wayland[2468]: kwin-xmonad-lite: surface a89f5ec2-ab8e-4108-8088-7118500a3aab|89539ae6-e06b-4c76-a057-95df959578a9|eDP-1 layout=full n=3 ratio=0.65 fläche=1920x1080+1920+0
2026-09-06T19:46:13+02:00 HAL9000 kwin_wayland[2468]: kwin-xmonad-lite: diagnose a89f5ec2-ab8e-4108-8088-7118500a3aab|89539ae6-e06b-4c76-a057-95df959578a9|eDP-1 order={d748ac35-9960-4cef-bb7c-f3de0dbc346c},{36c69109-99f8-4079-9fb7-02567acde176},{9cea3fcd-22eb-447b-a180-9096201dc0af} teilnehmer={d748ac35-9960-4cef-bb7c-f3de0dbc346c},{36c69109-99f8-4079-9fb7-02567acde176},{9cea3fcd-22eb-447b-a180-9096201dc0af} float=
2026-09-06T19:46:13+02:00 HAL9000 kwin_wayland[2468]: kwin-xmonad-lite: surface a89f5ec2-ab8e-4108-8088-7118500a3aab|89539ae6-e06b-4c76-a057-95df959578a9|DP-3 layout=tall n=4 ratio=0.55 fläche=1920x1050+0+0
2026-09-06T19:46:13+02:00 HAL9000 kwin_wayland[2468]: kwin-xmonad-lite: diagnose a89f5ec2-ab8e-4108-8088-7118500a3aab|89539ae6-e06b-4c76-a057-95df959578a9|DP-3 order={28cf93d9-18fe-460f-99bf-07a714706ddd},{b5199d7e-ca1d-4451-bf04-426469b8e468},{28bdcf93-d890-4900-92bc-8851b8097194},{38b7d072-075b-409d-8a6f-014d9c819ff5} teilnehmer={28cf93d9-18fe-460f-99bf-07a714706ddd},{b5199d7e-ca1d-4451-bf04-426469b8e468},{28bdcf93-d890-4900-92bc-8851b8097194},{38b7d072-075b-409d-8a6f-014d9c819ff5} float=
2026-09-06T19:46:28+02:00 HAL9000 kxl-abnahme[8390]: -- 26c Durchlauf --
2026-09-06T19:46:28+02:00 HAL9000 kwin_wayland[2468]: kwin-xmonad-lite: arrange #61 grund=desktopChanged surfaces=2 mitglieder=3 teilnehmer=3
2026-09-06T19:46:28+02:00 HAL9000 kwin_wayland[2468]: kwin-xmonad-lite: surface a89f5ec2-ab8e-4108-8088-7118500a3aab|b7798180-564c-4f75-ad4a-284026ac7a68|DP-3 layout=full n=3 ratio=0.65 fläche=1920x1050+0+0
2026-09-06T19:46:28+02:00 HAL9000 kwin_wayland[2468]: kwin-xmonad-lite: diagnose a89f5ec2-ab8e-4108-8088-7118500a3aab|b7798180-564c-4f75-ad4a-284026ac7a68|DP-3 order={b5199d7e-ca1d-4451-bf04-426469b8e468},{6807996b-8211-4590-9d4c-def50215de55},{6429d239-a71f-4c42-99ae-997dffa005d9} teilnehmer={b5199d7e-ca1d-4451-bf04-426469b8e468},{6807996b-8211-4590-9d4c-def50215de55},{6429d239-a71f-4c42-99ae-997dffa005d9} float=
2026-09-06T19:46:28+02:00 HAL9000 kwin_wayland[2468]: kwin-xmonad-lite: apply {b5199d7e-ca1d-4451-bf04-426469b8e468} soll=1920x1050+0+0
2026-09-06T19:46:31+02:00 HAL9000 kwin_wayland[2468]: kwin-xmonad-lite: arrange #62 grund=desktopChanged surfaces=2 mitglieder=3 teilnehmer=3
2026-09-06T19:46:31+02:00 HAL9000 kwin_wayland[2468]: kwin-xmonad-lite: surface a89f5ec2-ab8e-4108-8088-7118500a3aab|30c27d93-fa7d-452a-ad6a-53201edcdca1|DP-3 layout=tall n=3 ratio=0.6 fläche=1920x1050+0+0
2026-09-06T19:46:31+02:00 HAL9000 kwin_wayland[2468]: kwin-xmonad-lite: diagnose a89f5ec2-ab8e-4108-8088-7118500a3aab|30c27d93-fa7d-452a-ad6a-53201edcdca1|DP-3 order={b5199d7e-ca1d-4451-bf04-426469b8e468},{dc4fa1c7-cc6b-4528-90a0-34a5d748b78f},{af7bd51b-f458-4016-8526-a9a42550dd51} teilnehmer={b5199d7e-ca1d-4451-bf04-426469b8e468},{dc4fa1c7-cc6b-4528-90a0-34a5d748b78f},{af7bd51b-f458-4016-8526-a9a42550dd51} float=
2026-09-06T19:46:31+02:00 HAL9000 kwin_wayland[2468]: kwin-xmonad-lite: apply {b5199d7e-ca1d-4451-bf04-426469b8e468} soll=1152x1050+0+0
2026-09-06T19:46:31+02:00 HAL9000 kwin_wayland[2468]: kwin-xmonad-lite: apply {dc4fa1c7-cc6b-4528-90a0-34a5d748b78f} soll=768x525+1152+0
2026-09-06T19:46:31+02:00 HAL9000 kwin_wayland[2468]: kwin-xmonad-lite: apply {af7bd51b-f458-4016-8526-a9a42550dd51} soll=768x525+1152+525
2026-09-06T19:46:34+02:00 HAL9000 kwin_wayland[2468]: kwin-xmonad-lite: arrange #63 grund=desktopChanged surfaces=2 mitglieder=3 teilnehmer=3
2026-09-06T19:46:34+02:00 HAL9000 kwin_wayland[2468]: kwin-xmonad-lite: surface a89f5ec2-ab8e-4108-8088-7118500a3aab|eb859906-5dd5-4314-92bc-4f3cc1582e4f|DP-3 layout=tall n=3 ratio=0.65 fläche=1920x1050+0+0
2026-09-06T19:46:34+02:00 HAL9000 kwin_wayland[2468]: kwin-xmonad-lite: diagnose a89f5ec2-ab8e-4108-8088-7118500a3aab|eb859906-5dd5-4314-92bc-4f3cc1582e4f|DP-3 order={b5199d7e-ca1d-4451-bf04-426469b8e468},{5106216a-d6a8-46df-ae71-19a0498a83df},{3bc4464c-005f-4813-929d-0443aa63eb2f} teilnehmer={b5199d7e-ca1d-4451-bf04-426469b8e468},{5106216a-d6a8-46df-ae71-19a0498a83df},{3bc4464c-005f-4813-929d-0443aa63eb2f} float=
2026-09-06T19:46:34+02:00 HAL9000 kwin_wayland[2468]: kwin-xmonad-lite: apply {b5199d7e-ca1d-4451-bf04-426469b8e468} soll=1248x1050+0+0
2026-09-06T19:46:34+02:00 HAL9000 kwin_wayland[2468]: kwin-xmonad-lite: apply {5106216a-d6a8-46df-ae71-19a0498a83df} soll=672x525+1248+0
2026-09-06T19:46:34+02:00 HAL9000 kwin_wayland[2468]: kwin-xmonad-lite: apply {3bc4464c-005f-4813-929d-0443aa63eb2f} soll=672x525+1248+525
2026-09-06T19:46:37+02:00 HAL9000 kwin_wayland[2468]: kwin-xmonad-lite: arrange #64 grund=desktopChanged surfaces=2 mitglieder=7 teilnehmer=7
2026-09-06T19:46:37+02:00 HAL9000 kwin_wayland[2468]: kwin-xmonad-lite: surface a89f5ec2-ab8e-4108-8088-7118500a3aab|89539ae6-e06b-4c76-a057-95df959578a9|eDP-1 layout=full n=3 ratio=0.65 fläche=1920x1080+1920+0
2026-09-06T19:46:37+02:00 HAL9000 kwin_wayland[2468]: kwin-xmonad-lite: diagnose a89f5ec2-ab8e-4108-8088-7118500a3aab|89539ae6-e06b-4c76-a057-95df959578a9|eDP-1 order={d748ac35-9960-4cef-bb7c-f3de0dbc346c},{36c69109-99f8-4079-9fb7-02567acde176},{9cea3fcd-22eb-447b-a180-9096201dc0af} teilnehmer={d748ac35-9960-4cef-bb7c-f3de0dbc346c},{36c69109-99f8-4079-9fb7-02567acde176},{9cea3fcd-22eb-447b-a180-9096201dc0af} float=
2026-09-06T19:46:37+02:00 HAL9000 kwin_wayland[2468]: kwin-xmonad-lite: surface a89f5ec2-ab8e-4108-8088-7118500a3aab|89539ae6-e06b-4c76-a057-95df959578a9|DP-3 layout=tall n=4 ratio=0.55 fläche=1920x1050+0+0
2026-09-06T19:46:37+02:00 HAL9000 kwin_wayland[2468]: kwin-xmonad-lite: diagnose a89f5ec2-ab8e-4108-8088-7118500a3aab|89539ae6-e06b-4c76-a057-95df959578a9|DP-3 order={28cf93d9-18fe-460f-99bf-07a714706ddd},{b5199d7e-ca1d-4451-bf04-426469b8e468},{28bdcf93-d890-4900-92bc-8851b8097194},{38b7d072-075b-409d-8a6f-014d9c819ff5} teilnehmer={28cf93d9-18fe-460f-99bf-07a714706ddd},{b5199d7e-ca1d-4451-bf04-426469b8e468},{28bdcf93-d890-4900-92bc-8851b8097194},{38b7d072-075b-409d-8a6f-014d9c819ff5} float=
2026-09-06T19:46:37+02:00 HAL9000 kwin_wayland[2468]: kwin-xmonad-lite: apply {b5199d7e-ca1d-4451-bf04-426469b8e468} soll=864x350+1056+0
2026-09-06T19:47:39+02:00 HAL9000 kxl-abnahme[8440]: == Fall 26c Ende ==
2026-09-06T19:47:48+02:00 HAL9000 kxl-abnahme[8529]: == Fall 27 Anfang ==
2026-09-06T19:47:49+02:00 HAL9000 kwin_wayland[2468]: kwin-xmonad-lite: extern {b5199d7e-ca1d-4451-bf04-426469b8e468}
2026-09-06T19:47:49+02:00 HAL9000 kwin_wayland[2468]: kwin-xmonad-lite: arrange #65 grund=geometrieExtern,fensterzustand surfaces=2 mitglieder=7 teilnehmer=7
2026-09-06T19:47:49+02:00 HAL9000 kwin_wayland[2468]: kwin-xmonad-lite: surface a89f5ec2-ab8e-4108-8088-7118500a3aab|89539ae6-e06b-4c76-a057-95df959578a9|eDP-1 layout=full n=4 ratio=0.65 fläche=1920x1080+1920+0
2026-09-06T19:47:49+02:00 HAL9000 kwin_wayland[2468]: kwin-xmonad-lite: diagnose a89f5ec2-ab8e-4108-8088-7118500a3aab|89539ae6-e06b-4c76-a057-95df959578a9|eDP-1 order={b5199d7e-ca1d-4451-bf04-426469b8e468},{d748ac35-9960-4cef-bb7c-f3de0dbc346c},{36c69109-99f8-4079-9fb7-02567acde176},{9cea3fcd-22eb-447b-a180-9096201dc0af} teilnehmer={b5199d7e-ca1d-4451-bf04-426469b8e468},{d748ac35-9960-4cef-bb7c-f3de0dbc346c},{36c69109-99f8-4079-9fb7-02567acde176},{9cea3fcd-22eb-447b-a180-9096201dc0af} float=
2026-09-06T19:47:49+02:00 HAL9000 kwin_wayland[2468]: kwin-xmonad-lite: apply {b5199d7e-ca1d-4451-bf04-426469b8e468} soll=1920x1080+1920+0
2026-09-06T19:47:49+02:00 HAL9000 kwin_wayland[2468]: kwin-xmonad-lite: surface a89f5ec2-ab8e-4108-8088-7118500a3aab|89539ae6-e06b-4c76-a057-95df959578a9|DP-3 layout=tall n=3 ratio=0.55 fläche=1920x1050+0+0
2026-09-06T19:47:49+02:00 HAL9000 kwin_wayland[2468]: kwin-xmonad-lite: diagnose a89f5ec2-ab8e-4108-8088-7118500a3aab|89539ae6-e06b-4c76-a057-95df959578a9|DP-3 order={28cf93d9-18fe-460f-99bf-07a714706ddd},{28bdcf93-d890-4900-92bc-8851b8097194},{38b7d072-075b-409d-8a6f-014d9c819ff5} teilnehmer={28cf93d9-18fe-460f-99bf-07a714706ddd},{28bdcf93-d890-4900-92bc-8851b8097194},{38b7d072-075b-409d-8a6f-014d9c819ff5} float=
2026-09-06T19:47:49+02:00 HAL9000 kwin_wayland[2468]: kwin-xmonad-lite: apply {28bdcf93-d890-4900-92bc-8851b8097194} soll=864x525+1056+0
2026-09-06T19:47:49+02:00 HAL9000 kwin_wayland[2468]: kwin-xmonad-lite: apply {38b7d072-075b-409d-8a6f-014d9c819ff5} soll=864x525+1056+525
2026-09-06T19:47:49+02:00 HAL9000 kwin_wayland[2468]: kwin-xmonad-lite: nachbessern {28bdcf93-d890-4900-92bc-8851b8097194} versuch=1 ist=864x350+1056+350 soll=864x525+1056+0
2026-09-06T19:47:51+02:00 HAL9000 kwin_wayland[2468]: kwin-xmonad-lite: arrange #66 grund=windowAdded surfaces=2 mitglieder=7 teilnehmer=7
2026-09-06T19:47:51+02:00 HAL9000 kwin_wayland[2468]: kwin-xmonad-lite: surface a89f5ec2-ab8e-4108-8088-7118500a3aab|89539ae6-e06b-4c76-a057-95df959578a9|eDP-1 layout=full n=4 ratio=0.65 fläche=1920x1080+1920+0
2026-09-06T19:47:51+02:00 HAL9000 kwin_wayland[2468]: kwin-xmonad-lite: diagnose a89f5ec2-ab8e-4108-8088-7118500a3aab|89539ae6-e06b-4c76-a057-95df959578a9|eDP-1 order={b5199d7e-ca1d-4451-bf04-426469b8e468},{d748ac35-9960-4cef-bb7c-f3de0dbc346c},{36c69109-99f8-4079-9fb7-02567acde176},{9cea3fcd-22eb-447b-a180-9096201dc0af} teilnehmer={b5199d7e-ca1d-4451-bf04-426469b8e468},{d748ac35-9960-4cef-bb7c-f3de0dbc346c},{36c69109-99f8-4079-9fb7-02567acde176},{9cea3fcd-22eb-447b-a180-9096201dc0af} float=
2026-09-06T19:47:51+02:00 HAL9000 kwin_wayland[2468]: kwin-xmonad-lite: surface a89f5ec2-ab8e-4108-8088-7118500a3aab|89539ae6-e06b-4c76-a057-95df959578a9|DP-3 layout=tall n=3 ratio=0.55 fläche=1920x1050+0+0
2026-09-06T19:47:51+02:00 HAL9000 kwin_wayland[2468]: kwin-xmonad-lite: diagnose a89f5ec2-ab8e-4108-8088-7118500a3aab|89539ae6-e06b-4c76-a057-95df959578a9|DP-3 order={28cf93d9-18fe-460f-99bf-07a714706ddd},{28bdcf93-d890-4900-92bc-8851b8097194},{38b7d072-075b-409d-8a6f-014d9c819ff5} teilnehmer={28cf93d9-18fe-460f-99bf-07a714706ddd},{28bdcf93-d890-4900-92bc-8851b8097194},{38b7d072-075b-409d-8a6f-014d9c819ff5} float=
2026-09-06T19:47:57+02:00 HAL9000 kwin_wayland[2468]: kwin-xmonad-lite: arrange #67 grund=closed,windowRemoved surfaces=2 mitglieder=7 teilnehmer=7
2026-09-06T19:47:57+02:00 HAL9000 kwin_wayland[2468]: kwin-xmonad-lite: surface a89f5ec2-ab8e-4108-8088-7118500a3aab|89539ae6-e06b-4c76-a057-95df959578a9|eDP-1 layout=full n=4 ratio=0.65 fläche=1920x1080+1920+0
2026-09-06T19:47:57+02:00 HAL9000 kwin_wayland[2468]: kwin-xmonad-lite: diagnose a89f5ec2-ab8e-4108-8088-7118500a3aab|89539ae6-e06b-4c76-a057-95df959578a9|eDP-1 order={b5199d7e-ca1d-4451-bf04-426469b8e468},{d748ac35-9960-4cef-bb7c-f3de0dbc346c},{36c69109-99f8-4079-9fb7-02567acde176},{9cea3fcd-22eb-447b-a180-9096201dc0af} teilnehmer={b5199d7e-ca1d-4451-bf04-426469b8e468},{d748ac35-9960-4cef-bb7c-f3de0dbc346c},{36c69109-99f8-4079-9fb7-02567acde176},{9cea3fcd-22eb-447b-a180-9096201dc0af} float=
2026-09-06T19:47:57+02:00 HAL9000 kwin_wayland[2468]: kwin-xmonad-lite: surface a89f5ec2-ab8e-4108-8088-7118500a3aab|89539ae6-e06b-4c76-a057-95df959578a9|DP-3 layout=tall n=3 ratio=0.55 fläche=1920x1050+0+0
2026-09-06T19:47:57+02:00 HAL9000 kwin_wayland[2468]: kwin-xmonad-lite: diagnose a89f5ec2-ab8e-4108-8088-7118500a3aab|89539ae6-e06b-4c76-a057-95df959578a9|DP-3 order={28cf93d9-18fe-460f-99bf-07a714706ddd},{28bdcf93-d890-4900-92bc-8851b8097194},{38b7d072-075b-409d-8a6f-014d9c819ff5} teilnehmer={28cf93d9-18fe-460f-99bf-07a714706ddd},{28bdcf93-d890-4900-92bc-8851b8097194},{38b7d072-075b-409d-8a6f-014d9c819ff5} float=
2026-09-06T19:49:20+02:00 HAL9000 kwin_wayland[2468]: kwin-xmonad-lite: arrange #68 grund=windowAdded surfaces=2 mitglieder=7 teilnehmer=7
2026-09-06T19:49:20+02:00 HAL9000 kwin_wayland[2468]: kwin-xmonad-lite: surface a89f5ec2-ab8e-4108-8088-7118500a3aab|89539ae6-e06b-4c76-a057-95df959578a9|eDP-1 layout=full n=4 ratio=0.65 fläche=1920x1080+1920+0
2026-09-06T19:49:20+02:00 HAL9000 kwin_wayland[2468]: kwin-xmonad-lite: diagnose a89f5ec2-ab8e-4108-8088-7118500a3aab|89539ae6-e06b-4c76-a057-95df959578a9|eDP-1 order={b5199d7e-ca1d-4451-bf04-426469b8e468},{d748ac35-9960-4cef-bb7c-f3de0dbc346c},{36c69109-99f8-4079-9fb7-02567acde176},{9cea3fcd-22eb-447b-a180-9096201dc0af} teilnehmer={b5199d7e-ca1d-4451-bf04-426469b8e468},{d748ac35-9960-4cef-bb7c-f3de0dbc346c},{36c69109-99f8-4079-9fb7-02567acde176},{9cea3fcd-22eb-447b-a180-9096201dc0af} float=
2026-09-06T19:49:20+02:00 HAL9000 kwin_wayland[2468]: kwin-xmonad-lite: surface a89f5ec2-ab8e-4108-8088-7118500a3aab|89539ae6-e06b-4c76-a057-95df959578a9|DP-3 layout=tall n=3 ratio=0.55 fläche=1920x1050+0+0
2026-09-06T19:49:20+02:00 HAL9000 kwin_wayland[2468]: kwin-xmonad-lite: diagnose a89f5ec2-ab8e-4108-8088-7118500a3aab|89539ae6-e06b-4c76-a057-95df959578a9|DP-3 order={28cf93d9-18fe-460f-99bf-07a714706ddd},{28bdcf93-d890-4900-92bc-8851b8097194},{38b7d072-075b-409d-8a6f-014d9c819ff5} teilnehmer={28cf93d9-18fe-460f-99bf-07a714706ddd},{28bdcf93-d890-4900-92bc-8851b8097194},{38b7d072-075b-409d-8a6f-014d9c819ff5} float=
2026-09-06T19:49:20+02:00 HAL9000 kwin_wayland[2468]: kwin-xmonad-lite: arrange #69 grund=windowAdded surfaces=2 mitglieder=7 teilnehmer=7
2026-09-06T19:49:20+02:00 HAL9000 kwin_wayland[2468]: kwin-xmonad-lite: surface a89f5ec2-ab8e-4108-8088-7118500a3aab|89539ae6-e06b-4c76-a057-95df959578a9|eDP-1 layout=full n=4 ratio=0.65 fläche=1920x1080+1920+0
2026-09-06T19:49:20+02:00 HAL9000 kwin_wayland[2468]: kwin-xmonad-lite: diagnose a89f5ec2-ab8e-4108-8088-7118500a3aab|89539ae6-e06b-4c76-a057-95df959578a9|eDP-1 order={b5199d7e-ca1d-4451-bf04-426469b8e468},{d748ac35-9960-4cef-bb7c-f3de0dbc346c},{36c69109-99f8-4079-9fb7-02567acde176},{9cea3fcd-22eb-447b-a180-9096201dc0af} teilnehmer={b5199d7e-ca1d-4451-bf04-426469b8e468},{d748ac35-9960-4cef-bb7c-f3de0dbc346c},{36c69109-99f8-4079-9fb7-02567acde176},{9cea3fcd-22eb-447b-a180-9096201dc0af} float=
2026-09-06T19:49:20+02:00 HAL9000 kwin_wayland[2468]: kwin-xmonad-lite: surface a89f5ec2-ab8e-4108-8088-7118500a3aab|89539ae6-e06b-4c76-a057-95df959578a9|DP-3 layout=tall n=3 ratio=0.55 fläche=1920x1050+0+0
2026-09-06T19:49:20+02:00 HAL9000 kwin_wayland[2468]: kwin-xmonad-lite: diagnose a89f5ec2-ab8e-4108-8088-7118500a3aab|89539ae6-e06b-4c76-a057-95df959578a9|DP-3 order={28cf93d9-18fe-460f-99bf-07a714706ddd},{28bdcf93-d890-4900-92bc-8851b8097194},{38b7d072-075b-409d-8a6f-014d9c819ff5} teilnehmer={28cf93d9-18fe-460f-99bf-07a714706ddd},{28bdcf93-d890-4900-92bc-8851b8097194},{38b7d072-075b-409d-8a6f-014d9c819ff5} float=
2026-09-06T19:49:25+02:00 HAL9000 kwin_wayland[2468]: kwin-xmonad-lite: arrange #70 grund=closed,windowRemoved surfaces=2 mitglieder=7 teilnehmer=7
2026-09-06T19:49:25+02:00 HAL9000 kwin_wayland[2468]: kwin-xmonad-lite: surface a89f5ec2-ab8e-4108-8088-7118500a3aab|89539ae6-e06b-4c76-a057-95df959578a9|eDP-1 layout=full n=4 ratio=0.65 fläche=1920x1080+1920+0
2026-09-06T19:49:25+02:00 HAL9000 kwin_wayland[2468]: kwin-xmonad-lite: diagnose a89f5ec2-ab8e-4108-8088-7118500a3aab|89539ae6-e06b-4c76-a057-95df959578a9|eDP-1 order={b5199d7e-ca1d-4451-bf04-426469b8e468},{d748ac35-9960-4cef-bb7c-f3de0dbc346c},{36c69109-99f8-4079-9fb7-02567acde176},{9cea3fcd-22eb-447b-a180-9096201dc0af} teilnehmer={b5199d7e-ca1d-4451-bf04-426469b8e468},{d748ac35-9960-4cef-bb7c-f3de0dbc346c},{36c69109-99f8-4079-9fb7-02567acde176},{9cea3fcd-22eb-447b-a180-9096201dc0af} float=
2026-09-06T19:49:25+02:00 HAL9000 kwin_wayland[2468]: kwin-xmonad-lite: surface a89f5ec2-ab8e-4108-8088-7118500a3aab|89539ae6-e06b-4c76-a057-95df959578a9|DP-3 layout=tall n=3 ratio=0.55 fläche=1920x1050+0+0
2026-09-06T19:49:25+02:00 HAL9000 kwin_wayland[2468]: kwin-xmonad-lite: diagnose a89f5ec2-ab8e-4108-8088-7118500a3aab|89539ae6-e06b-4c76-a057-95df959578a9|DP-3 order={28cf93d9-18fe-460f-99bf-07a714706ddd},{28bdcf93-d890-4900-92bc-8851b8097194},{38b7d072-075b-409d-8a6f-014d9c819ff5} teilnehmer={28cf93d9-18fe-460f-99bf-07a714706ddd},{28bdcf93-d890-4900-92bc-8851b8097194},{38b7d072-075b-409d-8a6f-014d9c819ff5} float=
2026-09-06T19:50:05+02:00 HAL9000 kwin_wayland[2468]: kwin-xmonad-lite: befehl expand surface=a89f5ec2-ab8e-4108-8088-7118500a3aab|89539ae6-e06b-4c76-a057-95df959578a9|eDP-1 via=aktiv ratio=0.7
2026-09-06T19:50:05+02:00 HAL9000 kwin_wayland[2468]: kwin-xmonad-lite: arrange #71 grund=shortcut:expand surfaces=2 mitglieder=7 teilnehmer=7
2026-09-06T19:50:05+02:00 HAL9000 kwin_wayland[2468]: kwin-xmonad-lite: surface a89f5ec2-ab8e-4108-8088-7118500a3aab|89539ae6-e06b-4c76-a057-95df959578a9|eDP-1 layout=full n=4 ratio=0.7 fläche=1920x1080+1920+0
2026-09-06T19:50:05+02:00 HAL9000 kwin_wayland[2468]: kwin-xmonad-lite: diagnose a89f5ec2-ab8e-4108-8088-7118500a3aab|89539ae6-e06b-4c76-a057-95df959578a9|eDP-1 order={b5199d7e-ca1d-4451-bf04-426469b8e468},{d748ac35-9960-4cef-bb7c-f3de0dbc346c},{36c69109-99f8-4079-9fb7-02567acde176},{9cea3fcd-22eb-447b-a180-9096201dc0af} teilnehmer={b5199d7e-ca1d-4451-bf04-426469b8e468},{d748ac35-9960-4cef-bb7c-f3de0dbc346c},{36c69109-99f8-4079-9fb7-02567acde176},{9cea3fcd-22eb-447b-a180-9096201dc0af} float=
2026-09-06T19:50:05+02:00 HAL9000 kwin_wayland[2468]: kwin-xmonad-lite: surface a89f5ec2-ab8e-4108-8088-7118500a3aab|89539ae6-e06b-4c76-a057-95df959578a9|DP-3 layout=tall n=3 ratio=0.55 fläche=1920x1050+0+0
2026-09-06T19:50:05+02:00 HAL9000 kwin_wayland[2468]: kwin-xmonad-lite: diagnose a89f5ec2-ab8e-4108-8088-7118500a3aab|89539ae6-e06b-4c76-a057-95df959578a9|DP-3 order={28cf93d9-18fe-460f-99bf-07a714706ddd},{28bdcf93-d890-4900-92bc-8851b8097194},{38b7d072-075b-409d-8a6f-014d9c819ff5} teilnehmer={28cf93d9-18fe-460f-99bf-07a714706ddd},{28bdcf93-d890-4900-92bc-8851b8097194},{38b7d072-075b-409d-8a6f-014d9c819ff5} float=
2026-09-06T19:51:18+02:00 HAL9000 kwin_wayland[2468]: kwin-xmonad-lite: befehl toggleFloat surface=a89f5ec2-ab8e-4108-8088-7118500a3aab|89539ae6-e06b-4c76-a057-95df959578a9|eDP-1 via=aktiv fenster={b5199d7e-ca1d-4451-bf04-426469b8e468} → gefloatet
2026-09-06T19:51:18+02:00 HAL9000 kwin_wayland[2468]: kwin-xmonad-lite: arrange #72 grund=shortcut:toggleFloat surfaces=2 mitglieder=7 teilnehmer=6
2026-09-06T19:51:18+02:00 HAL9000 kwin_wayland[2468]: kwin-xmonad-lite: surface a89f5ec2-ab8e-4108-8088-7118500a3aab|89539ae6-e06b-4c76-a057-95df959578a9|eDP-1 layout=full n=3 ratio=0.7 fläche=1920x1080+1920+0
2026-09-06T19:51:18+02:00 HAL9000 kwin_wayland[2468]: kwin-xmonad-lite: diagnose a89f5ec2-ab8e-4108-8088-7118500a3aab|89539ae6-e06b-4c76-a057-95df959578a9|eDP-1 order={b5199d7e-ca1d-4451-bf04-426469b8e468},{d748ac35-9960-4cef-bb7c-f3de0dbc346c},{36c69109-99f8-4079-9fb7-02567acde176},{9cea3fcd-22eb-447b-a180-9096201dc0af} teilnehmer={d748ac35-9960-4cef-bb7c-f3de0dbc346c},{36c69109-99f8-4079-9fb7-02567acde176},{9cea3fcd-22eb-447b-a180-9096201dc0af} float={b5199d7e-ca1d-4451-bf04-426469b8e468}
2026-09-06T19:51:18+02:00 HAL9000 kwin_wayland[2468]: kwin-xmonad-lite: surface a89f5ec2-ab8e-4108-8088-7118500a3aab|89539ae6-e06b-4c76-a057-95df959578a9|DP-3 layout=tall n=3 ratio=0.55 fläche=1920x1050+0+0
2026-09-06T19:51:18+02:00 HAL9000 kwin_wayland[2468]: kwin-xmonad-lite: diagnose a89f5ec2-ab8e-4108-8088-7118500a3aab|89539ae6-e06b-4c76-a057-95df959578a9|DP-3 order={28cf93d9-18fe-460f-99bf-07a714706ddd},{28bdcf93-d890-4900-92bc-8851b8097194},{38b7d072-075b-409d-8a6f-014d9c819ff5} teilnehmer={28cf93d9-18fe-460f-99bf-07a714706ddd},{28bdcf93-d890-4900-92bc-8851b8097194},{38b7d072-075b-409d-8a6f-014d9c819ff5} float=
2026-09-06T19:51:23+02:00 HAL9000 kwin_wayland[2468]: kwin-xmonad-lite: arrange #73 grund=closed,windowRemoved surfaces=2 mitglieder=7 teilnehmer=6
2026-09-06T19:51:23+02:00 HAL9000 kwin_wayland[2468]: kwin-xmonad-lite: surface a89f5ec2-ab8e-4108-8088-7118500a3aab|89539ae6-e06b-4c76-a057-95df959578a9|eDP-1 layout=full n=3 ratio=0.7 fläche=1920x1080+1920+0
2026-09-06T19:51:23+02:00 HAL9000 kwin_wayland[2468]: kwin-xmonad-lite: diagnose a89f5ec2-ab8e-4108-8088-7118500a3aab|89539ae6-e06b-4c76-a057-95df959578a9|eDP-1 order={b5199d7e-ca1d-4451-bf04-426469b8e468},{d748ac35-9960-4cef-bb7c-f3de0dbc346c},{36c69109-99f8-4079-9fb7-02567acde176},{9cea3fcd-22eb-447b-a180-9096201dc0af} teilnehmer={d748ac35-9960-4cef-bb7c-f3de0dbc346c},{36c69109-99f8-4079-9fb7-02567acde176},{9cea3fcd-22eb-447b-a180-9096201dc0af} float={b5199d7e-ca1d-4451-bf04-426469b8e468}
2026-09-06T19:51:23+02:00 HAL9000 kwin_wayland[2468]: kwin-xmonad-lite: surface a89f5ec2-ab8e-4108-8088-7118500a3aab|89539ae6-e06b-4c76-a057-95df959578a9|DP-3 layout=tall n=3 ratio=0.55 fläche=1920x1050+0+0
2026-09-06T19:51:23+02:00 HAL9000 kwin_wayland[2468]: kwin-xmonad-lite: diagnose a89f5ec2-ab8e-4108-8088-7118500a3aab|89539ae6-e06b-4c76-a057-95df959578a9|DP-3 order={28cf93d9-18fe-460f-99bf-07a714706ddd},{28bdcf93-d890-4900-92bc-8851b8097194},{38b7d072-075b-409d-8a6f-014d9c819ff5} teilnehmer={28cf93d9-18fe-460f-99bf-07a714706ddd},{28bdcf93-d890-4900-92bc-8851b8097194},{38b7d072-075b-409d-8a6f-014d9c819ff5} float=
2026-09-06T19:52:32+02:00 HAL9000 kwin_wayland[2468]: kwin-xmonad-lite: befehl swapNext surface=a89f5ec2-ab8e-4108-8088-7118500a3aab|89539ae6-e06b-4c76-a057-95df959578a9|eDP-1 via=aktiv master={d748ac35-9960-4cef-bb7c-f3de0dbc346c}
2026-09-06T19:52:32+02:00 HAL9000 kwin_wayland[2468]: kwin-xmonad-lite: arrange #74 grund=shortcut:swapNext surfaces=2 mitglieder=7 teilnehmer=6
2026-09-06T19:52:32+02:00 HAL9000 kwin_wayland[2468]: kwin-xmonad-lite: surface a89f5ec2-ab8e-4108-8088-7118500a3aab|89539ae6-e06b-4c76-a057-95df959578a9|eDP-1 layout=full n=3 ratio=0.7 fläche=1920x1080+1920+0
2026-09-06T19:52:32+02:00 HAL9000 kwin_wayland[2468]: kwin-xmonad-lite: diagnose a89f5ec2-ab8e-4108-8088-7118500a3aab|89539ae6-e06b-4c76-a057-95df959578a9|eDP-1 order={d748ac35-9960-4cef-bb7c-f3de0dbc346c},{b5199d7e-ca1d-4451-bf04-426469b8e468},{36c69109-99f8-4079-9fb7-02567acde176},{9cea3fcd-22eb-447b-a180-9096201dc0af} teilnehmer={d748ac35-9960-4cef-bb7c-f3de0dbc346c},{36c69109-99f8-4079-9fb7-02567acde176},{9cea3fcd-22eb-447b-a180-9096201dc0af} float={b5199d7e-ca1d-4451-bf04-426469b8e468}
2026-09-06T19:52:32+02:00 HAL9000 kwin_wayland[2468]: kwin-xmonad-lite: surface a89f5ec2-ab8e-4108-8088-7118500a3aab|89539ae6-e06b-4c76-a057-95df959578a9|DP-3 layout=tall n=3 ratio=0.55 fläche=1920x1050+0+0
2026-09-06T19:52:32+02:00 HAL9000 kwin_wayland[2468]: kwin-xmonad-lite: diagnose a89f5ec2-ab8e-4108-8088-7118500a3aab|89539ae6-e06b-4c76-a057-95df959578a9|DP-3 order={28cf93d9-18fe-460f-99bf-07a714706ddd},{28bdcf93-d890-4900-92bc-8851b8097194},{38b7d072-075b-409d-8a6f-014d9c819ff5} teilnehmer={28cf93d9-18fe-460f-99bf-07a714706ddd},{28bdcf93-d890-4900-92bc-8851b8097194},{38b7d072-075b-409d-8a6f-014d9c819ff5} float=
2026-09-06T19:52:58+02:00 HAL9000 kwin_wayland[2468]: kwin-xmonad-lite: arrange #75 grund=fensterzustand surfaces=2 mitglieder=7 teilnehmer=6
2026-09-06T19:52:58+02:00 HAL9000 kwin_wayland[2468]: kwin-xmonad-lite: surface a89f5ec2-ab8e-4108-8088-7118500a3aab|89539ae6-e06b-4c76-a057-95df959578a9|eDP-1 layout=full n=3 ratio=0.7 fläche=1920x1080+1920+0
2026-09-06T19:52:58+02:00 HAL9000 kwin_wayland[2468]: kwin-xmonad-lite: diagnose a89f5ec2-ab8e-4108-8088-7118500a3aab|89539ae6-e06b-4c76-a057-95df959578a9|eDP-1 order={d748ac35-9960-4cef-bb7c-f3de0dbc346c},{36c69109-99f8-4079-9fb7-02567acde176},{9cea3fcd-22eb-447b-a180-9096201dc0af} teilnehmer={d748ac35-9960-4cef-bb7c-f3de0dbc346c},{36c69109-99f8-4079-9fb7-02567acde176},{9cea3fcd-22eb-447b-a180-9096201dc0af} float=
2026-09-06T19:52:58+02:00 HAL9000 kwin_wayland[2468]: kwin-xmonad-lite: surface a89f5ec2-ab8e-4108-8088-7118500a3aab|89539ae6-e06b-4c76-a057-95df959578a9|DP-3 layout=tall n=3 ratio=0.55 fläche=1920x1050+0+0
2026-09-06T19:52:58+02:00 HAL9000 kwin_wayland[2468]: kwin-xmonad-lite: diagnose a89f5ec2-ab8e-4108-8088-7118500a3aab|89539ae6-e06b-4c76-a057-95df959578a9|DP-3 order={28cf93d9-18fe-460f-99bf-07a714706ddd},{b5199d7e-ca1d-4451-bf04-426469b8e468},{28bdcf93-d890-4900-92bc-8851b8097194},{38b7d072-075b-409d-8a6f-014d9c819ff5} teilnehmer={28cf93d9-18fe-460f-99bf-07a714706ddd},{28bdcf93-d890-4900-92bc-8851b8097194},{38b7d072-075b-409d-8a6f-014d9c819ff5} float={b5199d7e-ca1d-4451-bf04-426469b8e468}
2026-09-06T19:53:35+02:00 HAL9000 kwin_wayland[2468]: kwin-xmonad-lite: arrange #76 grund=windowActivated,windowAdded surfaces=2 mitglieder=8 teilnehmer=7
2026-09-06T19:53:35+02:00 HAL9000 kwin_wayland[2468]: kwin-xmonad-lite: surface a89f5ec2-ab8e-4108-8088-7118500a3aab|89539ae6-e06b-4c76-a057-95df959578a9|eDP-1 layout=full n=3 ratio=0.7 fläche=1920x1080+1920+0
2026-09-06T19:53:35+02:00 HAL9000 kwin_wayland[2468]: kwin-xmonad-lite: diagnose a89f5ec2-ab8e-4108-8088-7118500a3aab|89539ae6-e06b-4c76-a057-95df959578a9|eDP-1 order={d748ac35-9960-4cef-bb7c-f3de0dbc346c},{36c69109-99f8-4079-9fb7-02567acde176},{9cea3fcd-22eb-447b-a180-9096201dc0af} teilnehmer={d748ac35-9960-4cef-bb7c-f3de0dbc346c},{36c69109-99f8-4079-9fb7-02567acde176},{9cea3fcd-22eb-447b-a180-9096201dc0af} float=
2026-09-06T19:53:35+02:00 HAL9000 kwin_wayland[2468]: kwin-xmonad-lite: surface a89f5ec2-ab8e-4108-8088-7118500a3aab|89539ae6-e06b-4c76-a057-95df959578a9|DP-3 layout=tall n=4 ratio=0.55 fläche=1920x1050+0+0
2026-09-06T19:53:35+02:00 HAL9000 kwin_wayland[2468]: kwin-xmonad-lite: diagnose a89f5ec2-ab8e-4108-8088-7118500a3aab|89539ae6-e06b-4c76-a057-95df959578a9|DP-3 order={28cf93d9-18fe-460f-99bf-07a714706ddd},{0d42d412-cbac-46cd-82e2-fbb62aaec8b7},{b5199d7e-ca1d-4451-bf04-426469b8e468},{28bdcf93-d890-4900-92bc-8851b8097194},{38b7d072-075b-409d-8a6f-014d9c819ff5} teilnehmer={28cf93d9-18fe-460f-99bf-07a714706ddd},{0d42d412-cbac-46cd-82e2-fbb62aaec8b7},{28bdcf93-d890-4900-92bc-8851b8097194},{38b7d072-075b-409d-8a6f-014d9c819ff5} float={b5199d7e-ca1d-4451-bf04-426469b8e468}
2026-09-06T19:53:35+02:00 HAL9000 kwin_wayland[2468]: kwin-xmonad-lite: apply {0d42d412-cbac-46cd-82e2-fbb62aaec8b7} soll=864x350+1056+0
2026-09-06T19:53:35+02:00 HAL9000 kwin_wayland[2468]: kwin-xmonad-lite: apply {28bdcf93-d890-4900-92bc-8851b8097194} soll=864x350+1056+350
2026-09-06T19:53:35+02:00 HAL9000 kwin_wayland[2468]: kwin-xmonad-lite: apply {38b7d072-075b-409d-8a6f-014d9c819ff5} soll=864x350+1056+700
2026-09-06T19:54:10+02:00 HAL9000 kwin_wayland[2468]: kwin-xmonad-lite: extern {0d42d412-cbac-46cd-82e2-fbb62aaec8b7}
2026-09-06T19:54:10+02:00 HAL9000 kwin_wayland[2468]: kwin-xmonad-lite: arrange #77 grund=geometrieExtern,fensterzustand surfaces=2 mitglieder=8 teilnehmer=7
2026-09-06T19:54:10+02:00 HAL9000 kwin_wayland[2468]: kwin-xmonad-lite: surface a89f5ec2-ab8e-4108-8088-7118500a3aab|89539ae6-e06b-4c76-a057-95df959578a9|eDP-1 layout=full n=4 ratio=0.7 fläche=1920x1080+1920+0
2026-09-06T19:54:10+02:00 HAL9000 kwin_wayland[2468]: kwin-xmonad-lite: diagnose a89f5ec2-ab8e-4108-8088-7118500a3aab|89539ae6-e06b-4c76-a057-95df959578a9|eDP-1 order={d748ac35-9960-4cef-bb7c-f3de0dbc346c},{0d42d412-cbac-46cd-82e2-fbb62aaec8b7},{36c69109-99f8-4079-9fb7-02567acde176},{9cea3fcd-22eb-447b-a180-9096201dc0af} teilnehmer={d748ac35-9960-4cef-bb7c-f3de0dbc346c},{0d42d412-cbac-46cd-82e2-fbb62aaec8b7},{36c69109-99f8-4079-9fb7-02567acde176},{9cea3fcd-22eb-447b-a180-9096201dc0af} float=
2026-09-06T19:54:10+02:00 HAL9000 kwin_wayland[2468]: kwin-xmonad-lite: apply {0d42d412-cbac-46cd-82e2-fbb62aaec8b7} soll=1920x1080+1920+0
2026-09-06T19:54:10+02:00 HAL9000 kwin_wayland[2468]: kwin-xmonad-lite: surface a89f5ec2-ab8e-4108-8088-7118500a3aab|89539ae6-e06b-4c76-a057-95df959578a9|DP-3 layout=tall n=3 ratio=0.55 fläche=1920x1050+0+0
2026-09-06T19:54:10+02:00 HAL9000 kwin_wayland[2468]: kwin-xmonad-lite: diagnose a89f5ec2-ab8e-4108-8088-7118500a3aab|89539ae6-e06b-4c76-a057-95df959578a9|DP-3 order={28cf93d9-18fe-460f-99bf-07a714706ddd},{b5199d7e-ca1d-4451-bf04-426469b8e468},{28bdcf93-d890-4900-92bc-8851b8097194},{38b7d072-075b-409d-8a6f-014d9c819ff5} teilnehmer={28cf93d9-18fe-460f-99bf-07a714706ddd},{28bdcf93-d890-4900-92bc-8851b8097194},{38b7d072-075b-409d-8a6f-014d9c819ff5} float={b5199d7e-ca1d-4451-bf04-426469b8e468}
2026-09-06T19:54:10+02:00 HAL9000 kwin_wayland[2468]: kwin-xmonad-lite: apply {28bdcf93-d890-4900-92bc-8851b8097194} soll=864x525+1056+0
2026-09-06T19:54:10+02:00 HAL9000 kwin_wayland[2468]: kwin-xmonad-lite: apply {38b7d072-075b-409d-8a6f-014d9c819ff5} soll=864x525+1056+525
2026-09-06T19:54:29+02:00 HAL9000 kwin_wayland[2468]: kwin-xmonad-lite: arrange #78 grund=windowActivated,desktopChanged surfaces=2 mitglieder=3 teilnehmer=2
2026-09-06T19:54:29+02:00 HAL9000 kwin_wayland[2468]: kwin-xmonad-lite: surface a89f5ec2-ab8e-4108-8088-7118500a3aab|30c27d93-fa7d-452a-ad6a-53201edcdca1|DP-3 layout=tall n=2 ratio=0.6 fläche=1920x1050+0+0
2026-09-06T19:54:29+02:00 HAL9000 kwin_wayland[2468]: kwin-xmonad-lite: diagnose a89f5ec2-ab8e-4108-8088-7118500a3aab|30c27d93-fa7d-452a-ad6a-53201edcdca1|DP-3 order={b5199d7e-ca1d-4451-bf04-426469b8e468},{dc4fa1c7-cc6b-4528-90a0-34a5d748b78f},{af7bd51b-f458-4016-8526-a9a42550dd51} teilnehmer={dc4fa1c7-cc6b-4528-90a0-34a5d748b78f},{af7bd51b-f458-4016-8526-a9a42550dd51} float={b5199d7e-ca1d-4451-bf04-426469b8e468}
2026-09-06T19:54:29+02:00 HAL9000 kwin_wayland[2468]: kwin-xmonad-lite: apply {dc4fa1c7-cc6b-4528-90a0-34a5d748b78f} soll=1152x1050+0+0
2026-09-06T19:54:29+02:00 HAL9000 kwin_wayland[2468]: kwin-xmonad-lite: apply {af7bd51b-f458-4016-8526-a9a42550dd51} soll=768x1050+1152+0
2026-09-06T19:58:09+02:00 HAL9000 kwin_wayland[2468]: kwin-xmonad-lite: arrange #79 grund=desktopChanged surfaces=2 mitglieder=3 teilnehmer=2
2026-09-06T19:58:09+02:00 HAL9000 kwin_wayland[2468]: kwin-xmonad-lite: surface a89f5ec2-ab8e-4108-8088-7118500a3aab|b7798180-564c-4f75-ad4a-284026ac7a68|DP-3 layout=full n=2 ratio=0.65 fläche=1920x1050+0+0
2026-09-06T19:58:09+02:00 HAL9000 kwin_wayland[2468]: kwin-xmonad-lite: diagnose a89f5ec2-ab8e-4108-8088-7118500a3aab|b7798180-564c-4f75-ad4a-284026ac7a68|DP-3 order={b5199d7e-ca1d-4451-bf04-426469b8e468},{6807996b-8211-4590-9d4c-def50215de55},{6429d239-a71f-4c42-99ae-997dffa005d9} teilnehmer={6807996b-8211-4590-9d4c-def50215de55},{6429d239-a71f-4c42-99ae-997dffa005d9} float={b5199d7e-ca1d-4451-bf04-426469b8e468}
2026-09-06T19:59:05+02:00 HAL9000 kwin_wayland[2468]: kwin-xmonad-lite: befehl focusNext surface=a89f5ec2-ab8e-4108-8088-7118500a3aab|b7798180-564c-4f75-ad4a-284026ac7a68|eDP-1 via=ausgabe ohne Fokusziel unverändert
2026-09-06T19:59:21+02:00 HAL9000 kwin_wayland[2468]: kwin-xmonad-lite: befehl nextLayout surface=a89f5ec2-ab8e-4108-8088-7118500a3aab|b7798180-564c-4f75-ad4a-284026ac7a68|eDP-1 via=ausgabe layout=full
2026-09-06T19:59:21+02:00 HAL9000 kwin_wayland[2468]: kwin-xmonad-lite: arrange #80 grund=shortcut:nextLayout surfaces=2 mitglieder=3 teilnehmer=2
2026-09-06T19:59:21+02:00 HAL9000 kwin_wayland[2468]: kwin-xmonad-lite: surface a89f5ec2-ab8e-4108-8088-7118500a3aab|b7798180-564c-4f75-ad4a-284026ac7a68|DP-3 layout=full n=2 ratio=0.65 fläche=1920x1050+0+0
2026-09-06T19:59:21+02:00 HAL9000 kwin_wayland[2468]: kwin-xmonad-lite: diagnose a89f5ec2-ab8e-4108-8088-7118500a3aab|b7798180-564c-4f75-ad4a-284026ac7a68|DP-3 order={b5199d7e-ca1d-4451-bf04-426469b8e468},{6807996b-8211-4590-9d4c-def50215de55},{6429d239-a71f-4c42-99ae-997dffa005d9} teilnehmer={6807996b-8211-4590-9d4c-def50215de55},{6429d239-a71f-4c42-99ae-997dffa005d9} float={b5199d7e-ca1d-4451-bf04-426469b8e468}
2026-09-06T20:00:00+02:00 HAL9000 kwin_wayland[2468]: kwin-xmonad-lite: befehl shrink surface=a89f5ec2-ab8e-4108-8088-7118500a3aab|b7798180-564c-4f75-ad4a-284026ac7a68|eDP-1 via=ausgabe ratio=0.6
2026-09-06T20:00:00+02:00 HAL9000 kwin_wayland[2468]: kwin-xmonad-lite: arrange #81 grund=shortcut:shrink surfaces=2 mitglieder=3 teilnehmer=2
2026-09-06T20:00:00+02:00 HAL9000 kwin_wayland[2468]: kwin-xmonad-lite: surface a89f5ec2-ab8e-4108-8088-7118500a3aab|b7798180-564c-4f75-ad4a-284026ac7a68|DP-3 layout=full n=2 ratio=0.65 fläche=1920x1050+0+0
2026-09-06T20:00:00+02:00 HAL9000 kwin_wayland[2468]: kwin-xmonad-lite: diagnose a89f5ec2-ab8e-4108-8088-7118500a3aab|b7798180-564c-4f75-ad4a-284026ac7a68|DP-3 order={b5199d7e-ca1d-4451-bf04-426469b8e468},{6807996b-8211-4590-9d4c-def50215de55},{6429d239-a71f-4c42-99ae-997dffa005d9} teilnehmer={6807996b-8211-4590-9d4c-def50215de55},{6429d239-a71f-4c42-99ae-997dffa005d9} float={b5199d7e-ca1d-4451-bf04-426469b8e468}
2026-09-06T20:01:11+02:00 HAL9000 kwin_wayland[2468]: kwin-xmonad-lite: befehl focusNext surface=a89f5ec2-ab8e-4108-8088-7118500a3aab|b7798180-564c-4f75-ad4a-284026ac7a68|eDP-1 via=ausgabe ohne Fokusziel unverändert
2026-09-06T20:01:55+02:00 HAL9000 kwin_wayland[2468]: kwin-xmonad-lite: arrange #82 grund=windowActivated,windowAdded surfaces=2 mitglieder=4 teilnehmer=3
2026-09-06T20:01:55+02:00 HAL9000 kwin_wayland[2468]: kwin-xmonad-lite: surface a89f5ec2-ab8e-4108-8088-7118500a3aab|b7798180-564c-4f75-ad4a-284026ac7a68|eDP-1 layout=full n=1 ratio=0.6 fläche=1920x1080+1920+0
2026-09-06T20:01:55+02:00 HAL9000 kwin_wayland[2468]: kwin-xmonad-lite: diagnose a89f5ec2-ab8e-4108-8088-7118500a3aab|b7798180-564c-4f75-ad4a-284026ac7a68|eDP-1 order={7deb080f-2ee6-46e0-a25e-b4a8dee92de8} teilnehmer={7deb080f-2ee6-46e0-a25e-b4a8dee92de8} float=
2026-09-06T20:01:55+02:00 HAL9000 kwin_wayland[2468]: kwin-xmonad-lite: apply {7deb080f-2ee6-46e0-a25e-b4a8dee92de8} soll=1920x1080+1920+0
2026-09-06T20:01:55+02:00 HAL9000 kwin_wayland[2468]: kwin-xmonad-lite: surface a89f5ec2-ab8e-4108-8088-7118500a3aab|b7798180-564c-4f75-ad4a-284026ac7a68|DP-3 layout=full n=2 ratio=0.65 fläche=1920x1050+0+0
2026-09-06T20:01:55+02:00 HAL9000 kwin_wayland[2468]: kwin-xmonad-lite: diagnose a89f5ec2-ab8e-4108-8088-7118500a3aab|b7798180-564c-4f75-ad4a-284026ac7a68|DP-3 order={b5199d7e-ca1d-4451-bf04-426469b8e468},{6807996b-8211-4590-9d4c-def50215de55},{6429d239-a71f-4c42-99ae-997dffa005d9} teilnehmer={6807996b-8211-4590-9d4c-def50215de55},{6429d239-a71f-4c42-99ae-997dffa005d9} float={b5199d7e-ca1d-4451-bf04-426469b8e468}
2026-09-06T20:02:57+02:00 HAL9000 kwin_wayland[2468]: kwin-xmonad-lite: arrange #83 grund=windowActivated,desktopChanged surfaces=2 mitglieder=3 teilnehmer=2
2026-09-06T20:02:57+02:00 HAL9000 kwin_wayland[2468]: kwin-xmonad-lite: surface a89f5ec2-ab8e-4108-8088-7118500a3aab|30c27d93-fa7d-452a-ad6a-53201edcdca1|DP-3 layout=tall n=2 ratio=0.6 fläche=1920x1050+0+0
2026-09-06T20:02:57+02:00 HAL9000 kwin_wayland[2468]: kwin-xmonad-lite: diagnose a89f5ec2-ab8e-4108-8088-7118500a3aab|30c27d93-fa7d-452a-ad6a-53201edcdca1|DP-3 order={b5199d7e-ca1d-4451-bf04-426469b8e468},{dc4fa1c7-cc6b-4528-90a0-34a5d748b78f},{af7bd51b-f458-4016-8526-a9a42550dd51} teilnehmer={dc4fa1c7-cc6b-4528-90a0-34a5d748b78f},{af7bd51b-f458-4016-8526-a9a42550dd51} float={b5199d7e-ca1d-4451-bf04-426469b8e468}
2026-09-06T20:03:48+02:00 HAL9000 kwin_wayland[2468]: kwin-xmonad-lite: befehl promote surface=a89f5ec2-ab8e-4108-8088-7118500a3aab|30c27d93-fa7d-452a-ad6a-53201edcdca1|eDP-1 via=ausgabe master=- unverändert
2026-09-06T20:06:42+02:00 HAL9000 kwin_wayland[2468]: kwin-xmonad-lite: befehl focusMaster surface=a89f5ec2-ab8e-4108-8088-7118500a3aab|30c27d93-fa7d-452a-ad6a-53201edcdca1|eDP-1 via=ausgabe ohne Fokusziel unverändert
2026-09-06T20:08:05+02:00 HAL9000 kwin_wayland[2468]: kwin-xmonad-lite: befehl swapNext surface=a89f5ec2-ab8e-4108-8088-7118500a3aab|30c27d93-fa7d-452a-ad6a-53201edcdca1|eDP-1 via=ausgabe master=- unverändert
2026-09-06T20:08:27+02:00 HAL9000 kwin_wayland[2468]: kwin-xmonad-lite: befehl resetLayout surface=a89f5ec2-ab8e-4108-8088-7118500a3aab|30c27d93-fa7d-452a-ad6a-53201edcdca1|eDP-1 via=ausgabe layout=tall unverändert
2026-09-06T20:09:15+02:00 HAL9000 kwin_wayland[2468]: kwin-xmonad-lite: befehl focusPrev surface=a89f5ec2-ab8e-4108-8088-7118500a3aab|30c27d93-fa7d-452a-ad6a-53201edcdca1|eDP-1 via=ausgabe ohne Fokusziel unverändert
2026-09-06T20:11:05+02:00 HAL9000 kwin_wayland[2468]: kwin-xmonad-lite: befehl swapNext surface=a89f5ec2-ab8e-4108-8088-7118500a3aab|30c27d93-fa7d-452a-ad6a-53201edcdca1|eDP-1 via=ausgabe master=- unverändert
2026-09-06T20:12:19+02:00 HAL9000 kwin_wayland[2468]: kwin-xmonad-lite: arrange #84 grund=windowActivated,desktopChanged surfaces=2 mitglieder=8 teilnehmer=7
2026-09-06T20:12:19+02:00 HAL9000 kwin_wayland[2468]: kwin-xmonad-lite: surface a89f5ec2-ab8e-4108-8088-7118500a3aab|89539ae6-e06b-4c76-a057-95df959578a9|eDP-1 layout=full n=4 ratio=0.7 fläche=1920x1080+1920+0
2026-09-06T20:12:19+02:00 HAL9000 kwin_wayland[2468]: kwin-xmonad-lite: diagnose a89f5ec2-ab8e-4108-8088-7118500a3aab|89539ae6-e06b-4c76-a057-95df959578a9|eDP-1 order={d748ac35-9960-4cef-bb7c-f3de0dbc346c},{0d42d412-cbac-46cd-82e2-fbb62aaec8b7},{36c69109-99f8-4079-9fb7-02567acde176},{9cea3fcd-22eb-447b-a180-9096201dc0af} teilnehmer={d748ac35-9960-4cef-bb7c-f3de0dbc346c},{0d42d412-cbac-46cd-82e2-fbb62aaec8b7},{36c69109-99f8-4079-9fb7-02567acde176},{9cea3fcd-22eb-447b-a180-9096201dc0af} float=
2026-09-06T20:12:19+02:00 HAL9000 kwin_wayland[2468]: kwin-xmonad-lite: surface a89f5ec2-ab8e-4108-8088-7118500a3aab|89539ae6-e06b-4c76-a057-95df959578a9|DP-3 layout=tall n=3 ratio=0.55 fläche=1920x1050+0+0
2026-09-06T20:12:19+02:00 HAL9000 kwin_wayland[2468]: kwin-xmonad-lite: diagnose a89f5ec2-ab8e-4108-8088-7118500a3aab|89539ae6-e06b-4c76-a057-95df959578a9|DP-3 order={28cf93d9-18fe-460f-99bf-07a714706ddd},{b5199d7e-ca1d-4451-bf04-426469b8e468},{28bdcf93-d890-4900-92bc-8851b8097194},{38b7d072-075b-409d-8a6f-014d9c819ff5} teilnehmer={28cf93d9-18fe-460f-99bf-07a714706ddd},{28bdcf93-d890-4900-92bc-8851b8097194},{38b7d072-075b-409d-8a6f-014d9c819ff5} float={b5199d7e-ca1d-4451-bf04-426469b8e468}
2026-09-06T20:12:51+02:00 HAL9000 kwin_wayland[2468]: kwin-xmonad-lite: befehl resetLayout surface=a89f5ec2-ab8e-4108-8088-7118500a3aab|89539ae6-e06b-4c76-a057-95df959578a9|eDP-1 via=aktiv layout=tall
2026-09-06T20:12:51+02:00 HAL9000 kwin_wayland[2468]: kwin-xmonad-lite: arrange #85 grund=shortcut:resetLayout surfaces=2 mitglieder=8 teilnehmer=7
2026-09-06T20:12:51+02:00 HAL9000 kwin_wayland[2468]: kwin-xmonad-lite: surface a89f5ec2-ab8e-4108-8088-7118500a3aab|89539ae6-e06b-4c76-a057-95df959578a9|eDP-1 layout=tall n=4 ratio=0.65 fläche=1920x1080+1920+0
2026-09-06T20:12:51+02:00 HAL9000 kwin_wayland[2468]: kwin-xmonad-lite: diagnose a89f5ec2-ab8e-4108-8088-7118500a3aab|89539ae6-e06b-4c76-a057-95df959578a9|eDP-1 order={d748ac35-9960-4cef-bb7c-f3de0dbc346c},{0d42d412-cbac-46cd-82e2-fbb62aaec8b7},{36c69109-99f8-4079-9fb7-02567acde176},{9cea3fcd-22eb-447b-a180-9096201dc0af} teilnehmer={d748ac35-9960-4cef-bb7c-f3de0dbc346c},{0d42d412-cbac-46cd-82e2-fbb62aaec8b7},{36c69109-99f8-4079-9fb7-02567acde176},{9cea3fcd-22eb-447b-a180-9096201dc0af} float=
2026-09-06T20:12:51+02:00 HAL9000 kwin_wayland[2468]: kwin-xmonad-lite: apply {d748ac35-9960-4cef-bb7c-f3de0dbc346c} soll=1248x1080+1920+0
2026-09-06T20:12:51+02:00 HAL9000 kwin_wayland[2468]: kwin-xmonad-lite: apply {0d42d412-cbac-46cd-82e2-fbb62aaec8b7} soll=672x360+3168+0
2026-09-06T20:12:51+02:00 HAL9000 kwin_wayland[2468]: kwin-xmonad-lite: apply {36c69109-99f8-4079-9fb7-02567acde176} soll=672x360+3168+360
2026-09-06T20:12:51+02:00 HAL9000 kwin_wayland[2468]: kwin-xmonad-lite: apply {9cea3fcd-22eb-447b-a180-9096201dc0af} soll=672x360+3168+720
2026-09-06T20:12:51+02:00 HAL9000 kwin_wayland[2468]: kwin-xmonad-lite: surface a89f5ec2-ab8e-4108-8088-7118500a3aab|89539ae6-e06b-4c76-a057-95df959578a9|DP-3 layout=tall n=3 ratio=0.55 fläche=1920x1050+0+0
2026-09-06T20:12:51+02:00 HAL9000 kwin_wayland[2468]: kwin-xmonad-lite: diagnose a89f5ec2-ab8e-4108-8088-7118500a3aab|89539ae6-e06b-4c76-a057-95df959578a9|DP-3 order={28cf93d9-18fe-460f-99bf-07a714706ddd},{b5199d7e-ca1d-4451-bf04-426469b8e468},{28bdcf93-d890-4900-92bc-8851b8097194},{38b7d072-075b-409d-8a6f-014d9c819ff5} teilnehmer={28cf93d9-18fe-460f-99bf-07a714706ddd},{28bdcf93-d890-4900-92bc-8851b8097194},{38b7d072-075b-409d-8a6f-014d9c819ff5} float={b5199d7e-ca1d-4451-bf04-426469b8e468}
2026-09-06T20:13:06+02:00 HAL9000 kwin_wayland[2468]: kwin-xmonad-lite: befehl swapPrev surface=a89f5ec2-ab8e-4108-8088-7118500a3aab|89539ae6-e06b-4c76-a057-95df959578a9|eDP-1 via=aktiv master={0d42d412-cbac-46cd-82e2-fbb62aaec8b7}
2026-09-06T20:13:06+02:00 HAL9000 kwin_wayland[2468]: kwin-xmonad-lite: arrange #86 grund=shortcut:swapPrev surfaces=2 mitglieder=8 teilnehmer=7
2026-09-06T20:13:06+02:00 HAL9000 kwin_wayland[2468]: kwin-xmonad-lite: surface a89f5ec2-ab8e-4108-8088-7118500a3aab|89539ae6-e06b-4c76-a057-95df959578a9|eDP-1 layout=tall n=4 ratio=0.65 fläche=1920x1080+1920+0
2026-09-06T20:13:06+02:00 HAL9000 kwin_wayland[2468]: kwin-xmonad-lite: diagnose a89f5ec2-ab8e-4108-8088-7118500a3aab|89539ae6-e06b-4c76-a057-95df959578a9|eDP-1 order={0d42d412-cbac-46cd-82e2-fbb62aaec8b7},{d748ac35-9960-4cef-bb7c-f3de0dbc346c},{36c69109-99f8-4079-9fb7-02567acde176},{9cea3fcd-22eb-447b-a180-9096201dc0af} teilnehmer={0d42d412-cbac-46cd-82e2-fbb62aaec8b7},{d748ac35-9960-4cef-bb7c-f3de0dbc346c},{36c69109-99f8-4079-9fb7-02567acde176},{9cea3fcd-22eb-447b-a180-9096201dc0af} float=
2026-09-06T20:13:06+02:00 HAL9000 kwin_wayland[2468]: kwin-xmonad-lite: apply {0d42d412-cbac-46cd-82e2-fbb62aaec8b7} soll=1248x1080+1920+0
2026-09-06T20:13:06+02:00 HAL9000 kwin_wayland[2468]: kwin-xmonad-lite: apply {d748ac35-9960-4cef-bb7c-f3de0dbc346c} soll=672x360+3168+0
2026-09-06T20:13:06+02:00 HAL9000 kwin_wayland[2468]: kwin-xmonad-lite: surface a89f5ec2-ab8e-4108-8088-7118500a3aab|89539ae6-e06b-4c76-a057-95df959578a9|DP-3 layout=tall n=3 ratio=0.55 fläche=1920x1050+0+0
2026-09-06T20:13:06+02:00 HAL9000 kwin_wayland[2468]: kwin-xmonad-lite: diagnose a89f5ec2-ab8e-4108-8088-7118500a3aab|89539ae6-e06b-4c76-a057-95df959578a9|DP-3 order={28cf93d9-18fe-460f-99bf-07a714706ddd},{b5199d7e-ca1d-4451-bf04-426469b8e468},{28bdcf93-d890-4900-92bc-8851b8097194},{38b7d072-075b-409d-8a6f-014d9c819ff5} teilnehmer={28cf93d9-18fe-460f-99bf-07a714706ddd},{28bdcf93-d890-4900-92bc-8851b8097194},{38b7d072-075b-409d-8a6f-014d9c819ff5} float={b5199d7e-ca1d-4451-bf04-426469b8e468}
2026-09-06T20:13:59+02:00 HAL9000 kwin_wayland[2468]: kwin-xmonad-lite: befehl shrink surface=a89f5ec2-ab8e-4108-8088-7118500a3aab|89539ae6-e06b-4c76-a057-95df959578a9|eDP-1 via=aktiv ratio=0.6
2026-09-06T20:13:59+02:00 HAL9000 kwin_wayland[2468]: kwin-xmonad-lite: arrange #87 grund=shortcut:shrink surfaces=2 mitglieder=8 teilnehmer=7
2026-09-06T20:13:59+02:00 HAL9000 kwin_wayland[2468]: kwin-xmonad-lite: surface a89f5ec2-ab8e-4108-8088-7118500a3aab|89539ae6-e06b-4c76-a057-95df959578a9|eDP-1 layout=tall n=4 ratio=0.6 fläche=1920x1080+1920+0
2026-09-06T20:13:59+02:00 HAL9000 kwin_wayland[2468]: kwin-xmonad-lite: diagnose a89f5ec2-ab8e-4108-8088-7118500a3aab|89539ae6-e06b-4c76-a057-95df959578a9|eDP-1 order={0d42d412-cbac-46cd-82e2-fbb62aaec8b7},{d748ac35-9960-4cef-bb7c-f3de0dbc346c},{36c69109-99f8-4079-9fb7-02567acde176},{9cea3fcd-22eb-447b-a180-9096201dc0af} teilnehmer={0d42d412-cbac-46cd-82e2-fbb62aaec8b7},{d748ac35-9960-4cef-bb7c-f3de0dbc346c},{36c69109-99f8-4079-9fb7-02567acde176},{9cea3fcd-22eb-447b-a180-9096201dc0af} float=
2026-09-06T20:13:59+02:00 HAL9000 kwin_wayland[2468]: kwin-xmonad-lite: apply {0d42d412-cbac-46cd-82e2-fbb62aaec8b7} soll=1152x1080+1920+0
2026-09-06T20:13:59+02:00 HAL9000 kwin_wayland[2468]: kwin-xmonad-lite: apply {d748ac35-9960-4cef-bb7c-f3de0dbc346c} soll=768x360+3072+0
2026-09-06T20:13:59+02:00 HAL9000 kwin_wayland[2468]: kwin-xmonad-lite: apply {36c69109-99f8-4079-9fb7-02567acde176} soll=768x360+3072+360
2026-09-06T20:13:59+02:00 HAL9000 kwin_wayland[2468]: kwin-xmonad-lite: apply {9cea3fcd-22eb-447b-a180-9096201dc0af} soll=768x360+3072+720
2026-09-06T20:13:59+02:00 HAL9000 kwin_wayland[2468]: kwin-xmonad-lite: surface a89f5ec2-ab8e-4108-8088-7118500a3aab|89539ae6-e06b-4c76-a057-95df959578a9|DP-3 layout=tall n=3 ratio=0.55 fläche=1920x1050+0+0
2026-09-06T20:13:59+02:00 HAL9000 kwin_wayland[2468]: kwin-xmonad-lite: diagnose a89f5ec2-ab8e-4108-8088-7118500a3aab|89539ae6-e06b-4c76-a057-95df959578a9|DP-3 order={28cf93d9-18fe-460f-99bf-07a714706ddd},{b5199d7e-ca1d-4451-bf04-426469b8e468},{28bdcf93-d890-4900-92bc-8851b8097194},{38b7d072-075b-409d-8a6f-014d9c819ff5} teilnehmer={28cf93d9-18fe-460f-99bf-07a714706ddd},{28bdcf93-d890-4900-92bc-8851b8097194},{38b7d072-075b-409d-8a6f-014d9c819ff5} float={b5199d7e-ca1d-4451-bf04-426469b8e468}
2026-09-06T20:15:07+02:00 HAL9000 kwin_wayland[2468]: kwin-xmonad-lite: arrange #88 grund=windowActivated,fensterzustand surfaces=2 mitglieder=8 teilnehmer=6
2026-09-06T20:15:07+02:00 HAL9000 kwin_wayland[2468]: kwin-xmonad-lite: surface a89f5ec2-ab8e-4108-8088-7118500a3aab|89539ae6-e06b-4c76-a057-95df959578a9|eDP-1 layout=tall n=3 ratio=0.6 fläche=1920x1080+1920+0
2026-09-06T20:15:07+02:00 HAL9000 kwin_wayland[2468]: kwin-xmonad-lite: diagnose a89f5ec2-ab8e-4108-8088-7118500a3aab|89539ae6-e06b-4c76-a057-95df959578a9|eDP-1 order={0d42d412-cbac-46cd-82e2-fbb62aaec8b7},{d748ac35-9960-4cef-bb7c-f3de0dbc346c},{36c69109-99f8-4079-9fb7-02567acde176},{9cea3fcd-22eb-447b-a180-9096201dc0af} teilnehmer={d748ac35-9960-4cef-bb7c-f3de0dbc346c},{36c69109-99f8-4079-9fb7-02567acde176},{9cea3fcd-22eb-447b-a180-9096201dc0af} float=
2026-09-06T20:15:07+02:00 HAL9000 kwin_wayland[2468]: kwin-xmonad-lite: apply {d748ac35-9960-4cef-bb7c-f3de0dbc346c} soll=1152x1080+1920+0
2026-09-06T20:15:07+02:00 HAL9000 kwin_wayland[2468]: kwin-xmonad-lite: apply {36c69109-99f8-4079-9fb7-02567acde176} soll=768x540+3072+0
2026-09-06T20:15:07+02:00 HAL9000 kwin_wayland[2468]: kwin-xmonad-lite: apply {9cea3fcd-22eb-447b-a180-9096201dc0af} soll=768x540+3072+540
2026-09-06T20:15:07+02:00 HAL9000 kwin_wayland[2468]: kwin-xmonad-lite: surface a89f5ec2-ab8e-4108-8088-7118500a3aab|89539ae6-e06b-4c76-a057-95df959578a9|DP-3 layout=tall n=3 ratio=0.55 fläche=1920x1050+0+0
2026-09-06T20:15:07+02:00 HAL9000 kwin_wayland[2468]: kwin-xmonad-lite: diagnose a89f5ec2-ab8e-4108-8088-7118500a3aab|89539ae6-e06b-4c76-a057-95df959578a9|DP-3 order={28cf93d9-18fe-460f-99bf-07a714706ddd},{b5199d7e-ca1d-4451-bf04-426469b8e468},{28bdcf93-d890-4900-92bc-8851b8097194},{38b7d072-075b-409d-8a6f-014d9c819ff5} teilnehmer={28cf93d9-18fe-460f-99bf-07a714706ddd},{28bdcf93-d890-4900-92bc-8851b8097194},{38b7d072-075b-409d-8a6f-014d9c819ff5} float={b5199d7e-ca1d-4451-bf04-426469b8e468}
2026-09-06T20:16:01+02:00 HAL9000 kwin_wayland[2468]: kwin-xmonad-lite: befehl focusNext surface=a89f5ec2-ab8e-4108-8088-7118500a3aab|89539ae6-e06b-4c76-a057-95df959578a9|eDP-1 via=aktiv fokus={36c69109-99f8-4079-9fb7-02567acde176}
2026-09-06T20:16:01+02:00 HAL9000 kwin_wayland[2468]: kwin-xmonad-lite: aktiviere {36c69109-99f8-4079-9fb7-02567acde176}
2026-09-06T20:16:01+02:00 HAL9000 kwin_wayland[2468]: kwin-xmonad-lite: arrange #89 grund=windowActivated,shortcut:focusNext surfaces=2 mitglieder=8 teilnehmer=6
2026-09-06T20:16:01+02:00 HAL9000 kwin_wayland[2468]: kwin-xmonad-lite: surface a89f5ec2-ab8e-4108-8088-7118500a3aab|89539ae6-e06b-4c76-a057-95df959578a9|eDP-1 layout=tall n=3 ratio=0.6 fläche=1920x1080+1920+0
2026-09-06T20:16:01+02:00 HAL9000 kwin_wayland[2468]: kwin-xmonad-lite: diagnose a89f5ec2-ab8e-4108-8088-7118500a3aab|89539ae6-e06b-4c76-a057-95df959578a9|eDP-1 order={0d42d412-cbac-46cd-82e2-fbb62aaec8b7},{d748ac35-9960-4cef-bb7c-f3de0dbc346c},{36c69109-99f8-4079-9fb7-02567acde176},{9cea3fcd-22eb-447b-a180-9096201dc0af} teilnehmer={d748ac35-9960-4cef-bb7c-f3de0dbc346c},{36c69109-99f8-4079-9fb7-02567acde176},{9cea3fcd-22eb-447b-a180-9096201dc0af} float=
2026-09-06T20:16:01+02:00 HAL9000 kwin_wayland[2468]: kwin-xmonad-lite: surface a89f5ec2-ab8e-4108-8088-7118500a3aab|89539ae6-e06b-4c76-a057-95df959578a9|DP-3 layout=tall n=3 ratio=0.55 fläche=1920x1050+0+0
2026-09-06T20:16:01+02:00 HAL9000 kwin_wayland[2468]: kwin-xmonad-lite: diagnose a89f5ec2-ab8e-4108-8088-7118500a3aab|89539ae6-e06b-4c76-a057-95df959578a9|DP-3 order={28cf93d9-18fe-460f-99bf-07a714706ddd},{b5199d7e-ca1d-4451-bf04-426469b8e468},{28bdcf93-d890-4900-92bc-8851b8097194},{38b7d072-075b-409d-8a6f-014d9c819ff5} teilnehmer={28cf93d9-18fe-460f-99bf-07a714706ddd},{28bdcf93-d890-4900-92bc-8851b8097194},{38b7d072-075b-409d-8a6f-014d9c819ff5} float={b5199d7e-ca1d-4451-bf04-426469b8e468}
2026-09-06T20:16:27+02:00 HAL9000 kwin_wayland[2468]: kwin-xmonad-lite: befehl focusNext surface=a89f5ec2-ab8e-4108-8088-7118500a3aab|89539ae6-e06b-4c76-a057-95df959578a9|eDP-1 via=aktiv fokus={9cea3fcd-22eb-447b-a180-9096201dc0af}
2026-09-06T20:16:27+02:00 HAL9000 kwin_wayland[2468]: kwin-xmonad-lite: aktiviere {9cea3fcd-22eb-447b-a180-9096201dc0af}
2026-09-06T20:16:27+02:00 HAL9000 kwin_wayland[2468]: kwin-xmonad-lite: arrange #90 grund=windowActivated,shortcut:focusNext surfaces=2 mitglieder=8 teilnehmer=6
2026-09-06T20:16:27+02:00 HAL9000 kwin_wayland[2468]: kwin-xmonad-lite: surface a89f5ec2-ab8e-4108-8088-7118500a3aab|89539ae6-e06b-4c76-a057-95df959578a9|eDP-1 layout=tall n=3 ratio=0.6 fläche=1920x1080+1920+0
2026-09-06T20:16:27+02:00 HAL9000 kwin_wayland[2468]: kwin-xmonad-lite: diagnose a89f5ec2-ab8e-4108-8088-7118500a3aab|89539ae6-e06b-4c76-a057-95df959578a9|eDP-1 order={0d42d412-cbac-46cd-82e2-fbb62aaec8b7},{d748ac35-9960-4cef-bb7c-f3de0dbc346c},{36c69109-99f8-4079-9fb7-02567acde176},{9cea3fcd-22eb-447b-a180-9096201dc0af} teilnehmer={d748ac35-9960-4cef-bb7c-f3de0dbc346c},{36c69109-99f8-4079-9fb7-02567acde176},{9cea3fcd-22eb-447b-a180-9096201dc0af} float=
2026-09-06T20:16:27+02:00 HAL9000 kwin_wayland[2468]: kwin-xmonad-lite: surface a89f5ec2-ab8e-4108-8088-7118500a3aab|89539ae6-e06b-4c76-a057-95df959578a9|DP-3 layout=tall n=3 ratio=0.55 fläche=1920x1050+0+0
2026-09-06T20:16:27+02:00 HAL9000 kwin_wayland[2468]: kwin-xmonad-lite: diagnose a89f5ec2-ab8e-4108-8088-7118500a3aab|89539ae6-e06b-4c76-a057-95df959578a9|DP-3 order={28cf93d9-18fe-460f-99bf-07a714706ddd},{b5199d7e-ca1d-4451-bf04-426469b8e468},{28bdcf93-d890-4900-92bc-8851b8097194},{38b7d072-075b-409d-8a6f-014d9c819ff5} teilnehmer={28cf93d9-18fe-460f-99bf-07a714706ddd},{28bdcf93-d890-4900-92bc-8851b8097194},{38b7d072-075b-409d-8a6f-014d9c819ff5} float={b5199d7e-ca1d-4451-bf04-426469b8e468}
2026-09-06T20:17:14+02:00 HAL9000 kwin_wayland[2468]: kwin-xmonad-lite: befehl focusPrev surface=a89f5ec2-ab8e-4108-8088-7118500a3aab|89539ae6-e06b-4c76-a057-95df959578a9|eDP-1 via=aktiv fokus={36c69109-99f8-4079-9fb7-02567acde176}
2026-09-06T20:17:14+02:00 HAL9000 kwin_wayland[2468]: kwin-xmonad-lite: aktiviere {36c69109-99f8-4079-9fb7-02567acde176}
2026-09-06T20:17:14+02:00 HAL9000 kwin_wayland[2468]: kwin-xmonad-lite: arrange #91 grund=windowActivated,shortcut:focusPrev surfaces=2 mitglieder=8 teilnehmer=6
2026-09-06T20:17:14+02:00 HAL9000 kwin_wayland[2468]: kwin-xmonad-lite: surface a89f5ec2-ab8e-4108-8088-7118500a3aab|89539ae6-e06b-4c76-a057-95df959578a9|eDP-1 layout=tall n=3 ratio=0.6 fläche=1920x1080+1920+0
2026-09-06T20:17:14+02:00 HAL9000 kwin_wayland[2468]: kwin-xmonad-lite: diagnose a89f5ec2-ab8e-4108-8088-7118500a3aab|89539ae6-e06b-4c76-a057-95df959578a9|eDP-1 order={0d42d412-cbac-46cd-82e2-fbb62aaec8b7},{d748ac35-9960-4cef-bb7c-f3de0dbc346c},{36c69109-99f8-4079-9fb7-02567acde176},{9cea3fcd-22eb-447b-a180-9096201dc0af} teilnehmer={d748ac35-9960-4cef-bb7c-f3de0dbc346c},{36c69109-99f8-4079-9fb7-02567acde176},{9cea3fcd-22eb-447b-a180-9096201dc0af} float=
2026-09-06T20:17:14+02:00 HAL9000 kwin_wayland[2468]: kwin-xmonad-lite: surface a89f5ec2-ab8e-4108-8088-7118500a3aab|89539ae6-e06b-4c76-a057-95df959578a9|DP-3 layout=tall n=3 ratio=0.55 fläche=1920x1050+0+0
2026-09-06T20:17:14+02:00 HAL9000 kwin_wayland[2468]: kwin-xmonad-lite: diagnose a89f5ec2-ab8e-4108-8088-7118500a3aab|89539ae6-e06b-4c76-a057-95df959578a9|DP-3 order={28cf93d9-18fe-460f-99bf-07a714706ddd},{b5199d7e-ca1d-4451-bf04-426469b8e468},{28bdcf93-d890-4900-92bc-8851b8097194},{38b7d072-075b-409d-8a6f-014d9c819ff5} teilnehmer={28cf93d9-18fe-460f-99bf-07a714706ddd},{28bdcf93-d890-4900-92bc-8851b8097194},{38b7d072-075b-409d-8a6f-014d9c819ff5} float={b5199d7e-ca1d-4451-bf04-426469b8e468}
2026-09-06T20:18:22+02:00 HAL9000 kwin_wayland[2468]: kwin-xmonad-lite: extern {36c69109-99f8-4079-9fb7-02567acde176}
2026-09-06T20:18:22+02:00 HAL9000 kwin_wayland[2468]: kwin-xmonad-lite: arrange #92 grund=geometrieExtern,fensterzustand surfaces=2 mitglieder=8 teilnehmer=5
2026-09-06T20:18:22+02:00 HAL9000 kwin_wayland[2468]: kwin-xmonad-lite: surface a89f5ec2-ab8e-4108-8088-7118500a3aab|89539ae6-e06b-4c76-a057-95df959578a9|eDP-1 layout=tall n=2 ratio=0.6 fläche=1920x1080+1920+0
2026-09-06T20:18:22+02:00 HAL9000 kwin_wayland[2468]: kwin-xmonad-lite: diagnose a89f5ec2-ab8e-4108-8088-7118500a3aab|89539ae6-e06b-4c76-a057-95df959578a9|eDP-1 order={0d42d412-cbac-46cd-82e2-fbb62aaec8b7},{d748ac35-9960-4cef-bb7c-f3de0dbc346c},{36c69109-99f8-4079-9fb7-02567acde176},{9cea3fcd-22eb-447b-a180-9096201dc0af} teilnehmer={d748ac35-9960-4cef-bb7c-f3de0dbc346c},{9cea3fcd-22eb-447b-a180-9096201dc0af} float=
2026-09-06T20:18:22+02:00 HAL9000 kwin_wayland[2468]: kwin-xmonad-lite: apply {9cea3fcd-22eb-447b-a180-9096201dc0af} soll=768x1080+3072+0
2026-09-06T20:18:22+02:00 HAL9000 kwin_wayland[2468]: kwin-xmonad-lite: surface a89f5ec2-ab8e-4108-8088-7118500a3aab|89539ae6-e06b-4c76-a057-95df959578a9|DP-3 layout=tall n=3 ratio=0.55 fläche=1920x1050+0+0
2026-09-06T20:18:22+02:00 HAL9000 kwin_wayland[2468]: kwin-xmonad-lite: diagnose a89f5ec2-ab8e-4108-8088-7118500a3aab|89539ae6-e06b-4c76-a057-95df959578a9|DP-3 order={28cf93d9-18fe-460f-99bf-07a714706ddd},{b5199d7e-ca1d-4451-bf04-426469b8e468},{28bdcf93-d890-4900-92bc-8851b8097194},{38b7d072-075b-409d-8a6f-014d9c819ff5} teilnehmer={28cf93d9-18fe-460f-99bf-07a714706ddd},{28bdcf93-d890-4900-92bc-8851b8097194},{38b7d072-075b-409d-8a6f-014d9c819ff5} float={b5199d7e-ca1d-4451-bf04-426469b8e468}
2026-09-06T20:19:02+02:00 HAL9000 kwin_wayland[2468]: kwin-xmonad-lite: befehl focusPrev surface=a89f5ec2-ab8e-4108-8088-7118500a3aab|89539ae6-e06b-4c76-a057-95df959578a9|eDP-1 via=aktiv fokus={d748ac35-9960-4cef-bb7c-f3de0dbc346c}
2026-09-06T20:19:02+02:00 HAL9000 kwin_wayland[2468]: kwin-xmonad-lite: aktiviere {d748ac35-9960-4cef-bb7c-f3de0dbc346c}
2026-09-06T20:19:02+02:00 HAL9000 kwin_wayland[2468]: kwin-xmonad-lite: arrange #93 grund=windowActivated,shortcut:focusPrev surfaces=2 mitglieder=8 teilnehmer=5
2026-09-06T20:19:02+02:00 HAL9000 kwin_wayland[2468]: kwin-xmonad-lite: surface a89f5ec2-ab8e-4108-8088-7118500a3aab|89539ae6-e06b-4c76-a057-95df959578a9|eDP-1 layout=tall n=2 ratio=0.6 fläche=1920x1080+1920+0
2026-09-06T20:19:02+02:00 HAL9000 kwin_wayland[2468]: kwin-xmonad-lite: diagnose a89f5ec2-ab8e-4108-8088-7118500a3aab|89539ae6-e06b-4c76-a057-95df959578a9|eDP-1 order={0d42d412-cbac-46cd-82e2-fbb62aaec8b7},{d748ac35-9960-4cef-bb7c-f3de0dbc346c},{36c69109-99f8-4079-9fb7-02567acde176},{9cea3fcd-22eb-447b-a180-9096201dc0af} teilnehmer={d748ac35-9960-4cef-bb7c-f3de0dbc346c},{9cea3fcd-22eb-447b-a180-9096201dc0af} float=
2026-09-06T20:19:02+02:00 HAL9000 kwin_wayland[2468]: kwin-xmonad-lite: surface a89f5ec2-ab8e-4108-8088-7118500a3aab|89539ae6-e06b-4c76-a057-95df959578a9|DP-3 layout=tall n=3 ratio=0.55 fläche=1920x1050+0+0
2026-09-06T20:19:02+02:00 HAL9000 kwin_wayland[2468]: kwin-xmonad-lite: diagnose a89f5ec2-ab8e-4108-8088-7118500a3aab|89539ae6-e06b-4c76-a057-95df959578a9|DP-3 order={28cf93d9-18fe-460f-99bf-07a714706ddd},{b5199d7e-ca1d-4451-bf04-426469b8e468},{28bdcf93-d890-4900-92bc-8851b8097194},{38b7d072-075b-409d-8a6f-014d9c819ff5} teilnehmer={28cf93d9-18fe-460f-99bf-07a714706ddd},{28bdcf93-d890-4900-92bc-8851b8097194},{38b7d072-075b-409d-8a6f-014d9c819ff5} float={b5199d7e-ca1d-4451-bf04-426469b8e468}
2026-09-06T20:19:57+02:00 HAL9000 kwin_wayland[2468]: kwin-xmonad-lite: befehl focusNext surface=a89f5ec2-ab8e-4108-8088-7118500a3aab|89539ae6-e06b-4c76-a057-95df959578a9|eDP-1 via=aktiv fokus={36c69109-99f8-4079-9fb7-02567acde176}
2026-09-06T20:19:57+02:00 HAL9000 kwin_wayland[2468]: kwin-xmonad-lite: aktiviere {36c69109-99f8-4079-9fb7-02567acde176}
2026-09-06T20:19:57+02:00 HAL9000 kwin_wayland[2468]: kwin-xmonad-lite: arrange #94 grund=windowActivated,shortcut:focusNext surfaces=2 mitglieder=8 teilnehmer=5
2026-09-06T20:19:57+02:00 HAL9000 kwin_wayland[2468]: kwin-xmonad-lite: surface a89f5ec2-ab8e-4108-8088-7118500a3aab|89539ae6-e06b-4c76-a057-95df959578a9|eDP-1 layout=tall n=2 ratio=0.6 fläche=1920x1080+1920+0
2026-09-06T20:19:57+02:00 HAL9000 kwin_wayland[2468]: kwin-xmonad-lite: diagnose a89f5ec2-ab8e-4108-8088-7118500a3aab|89539ae6-e06b-4c76-a057-95df959578a9|eDP-1 order={0d42d412-cbac-46cd-82e2-fbb62aaec8b7},{d748ac35-9960-4cef-bb7c-f3de0dbc346c},{36c69109-99f8-4079-9fb7-02567acde176},{9cea3fcd-22eb-447b-a180-9096201dc0af} teilnehmer={d748ac35-9960-4cef-bb7c-f3de0dbc346c},{9cea3fcd-22eb-447b-a180-9096201dc0af} float=
2026-09-06T20:19:57+02:00 HAL9000 kwin_wayland[2468]: kwin-xmonad-lite: surface a89f5ec2-ab8e-4108-8088-7118500a3aab|89539ae6-e06b-4c76-a057-95df959578a9|DP-3 layout=tall n=3 ratio=0.55 fläche=1920x1050+0+0
2026-09-06T20:19:57+02:00 HAL9000 kwin_wayland[2468]: kwin-xmonad-lite: diagnose a89f5ec2-ab8e-4108-8088-7118500a3aab|89539ae6-e06b-4c76-a057-95df959578a9|DP-3 order={28cf93d9-18fe-460f-99bf-07a714706ddd},{b5199d7e-ca1d-4451-bf04-426469b8e468},{28bdcf93-d890-4900-92bc-8851b8097194},{38b7d072-075b-409d-8a6f-014d9c819ff5} teilnehmer={28cf93d9-18fe-460f-99bf-07a714706ddd},{28bdcf93-d890-4900-92bc-8851b8097194},{38b7d072-075b-409d-8a6f-014d9c819ff5} float={b5199d7e-ca1d-4451-bf04-426469b8e468}
2026-09-06T20:21:19+02:00 HAL9000 kwin_wayland[2468]: kwin-xmonad-lite: arrange #95 grund=windowActivated,desktopChanged surfaces=2 mitglieder=4 teilnehmer=3
2026-09-06T20:21:19+02:00 HAL9000 kwin_wayland[2468]: kwin-xmonad-lite: surface a89f5ec2-ab8e-4108-8088-7118500a3aab|b7798180-564c-4f75-ad4a-284026ac7a68|eDP-1 layout=full n=1 ratio=0.6 fläche=1920x1080+1920+0
2026-09-06T20:21:19+02:00 HAL9000 kwin_wayland[2468]: kwin-xmonad-lite: diagnose a89f5ec2-ab8e-4108-8088-7118500a3aab|b7798180-564c-4f75-ad4a-284026ac7a68|eDP-1 order={7deb080f-2ee6-46e0-a25e-b4a8dee92de8} teilnehmer={7deb080f-2ee6-46e0-a25e-b4a8dee92de8} float=
2026-09-06T20:21:19+02:00 HAL9000 kwin_wayland[2468]: kwin-xmonad-lite: surface a89f5ec2-ab8e-4108-8088-7118500a3aab|b7798180-564c-4f75-ad4a-284026ac7a68|DP-3 layout=full n=2 ratio=0.65 fläche=1920x1050+0+0
2026-09-06T20:21:19+02:00 HAL9000 kwin_wayland[2468]: kwin-xmonad-lite: diagnose a89f5ec2-ab8e-4108-8088-7118500a3aab|b7798180-564c-4f75-ad4a-284026ac7a68|DP-3 order={b5199d7e-ca1d-4451-bf04-426469b8e468},{6807996b-8211-4590-9d4c-def50215de55},{6429d239-a71f-4c42-99ae-997dffa005d9} teilnehmer={6807996b-8211-4590-9d4c-def50215de55},{6429d239-a71f-4c42-99ae-997dffa005d9} float={b5199d7e-ca1d-4451-bf04-426469b8e468}
2026-09-06T20:22:12+02:00 HAL9000 kwin_wayland[2468]: kwin-xmonad-lite: befehl toggleFloat surface=a89f5ec2-ab8e-4108-8088-7118500a3aab|b7798180-564c-4f75-ad4a-284026ac7a68|eDP-1 via=aktiv fenster={7deb080f-2ee6-46e0-a25e-b4a8dee92de8} → gefloatet
2026-09-06T20:22:12+02:00 HAL9000 kwin_wayland[2468]: kwin-xmonad-lite: arrange #96 grund=shortcut:toggleFloat surfaces=2 mitglieder=4 teilnehmer=2
2026-09-06T20:22:12+02:00 HAL9000 kwin_wayland[2468]: kwin-xmonad-lite: surface a89f5ec2-ab8e-4108-8088-7118500a3aab|b7798180-564c-4f75-ad4a-284026ac7a68|eDP-1 layout=full n=0 ratio=0.6 fläche=1920x1080+1920+0
2026-09-06T20:22:12+02:00 HAL9000 kwin_wayland[2468]: kwin-xmonad-lite: diagnose a89f5ec2-ab8e-4108-8088-7118500a3aab|b7798180-564c-4f75-ad4a-284026ac7a68|eDP-1 order={7deb080f-2ee6-46e0-a25e-b4a8dee92de8} teilnehmer= float={7deb080f-2ee6-46e0-a25e-b4a8dee92de8}
2026-09-06T20:22:12+02:00 HAL9000 kwin_wayland[2468]: kwin-xmonad-lite: surface a89f5ec2-ab8e-4108-8088-7118500a3aab|b7798180-564c-4f75-ad4a-284026ac7a68|DP-3 layout=full n=2 ratio=0.65 fläche=1920x1050+0+0
2026-09-06T20:22:12+02:00 HAL9000 kwin_wayland[2468]: kwin-xmonad-lite: diagnose a89f5ec2-ab8e-4108-8088-7118500a3aab|b7798180-564c-4f75-ad4a-284026ac7a68|DP-3 order={b5199d7e-ca1d-4451-bf04-426469b8e468},{6807996b-8211-4590-9d4c-def50215de55},{6429d239-a71f-4c42-99ae-997dffa005d9} teilnehmer={6807996b-8211-4590-9d4c-def50215de55},{6429d239-a71f-4c42-99ae-997dffa005d9} float={b5199d7e-ca1d-4451-bf04-426469b8e468}
2026-09-06T20:23:15+02:00 HAL9000 kwin_wayland[2468]: kwin-xmonad-lite: arrange #97 grund=windowActivated,windowAdded surfaces=2 mitglieder=5 teilnehmer=3
2026-09-06T20:23:15+02:00 HAL9000 kwin_wayland[2468]: kwin-xmonad-lite: surface a89f5ec2-ab8e-4108-8088-7118500a3aab|b7798180-564c-4f75-ad4a-284026ac7a68|eDP-1 layout=full n=1 ratio=0.6 fläche=1920x1080+1920+0
2026-09-06T20:23:15+02:00 HAL9000 kwin_wayland[2468]: kwin-xmonad-lite: diagnose a89f5ec2-ab8e-4108-8088-7118500a3aab|b7798180-564c-4f75-ad4a-284026ac7a68|eDP-1 order={95d94738-1f4d-42da-af83-d4e84644bf70},{7deb080f-2ee6-46e0-a25e-b4a8dee92de8} teilnehmer={95d94738-1f4d-42da-af83-d4e84644bf70} float={7deb080f-2ee6-46e0-a25e-b4a8dee92de8}
2026-09-06T20:23:15+02:00 HAL9000 kwin_wayland[2468]: kwin-xmonad-lite: apply {95d94738-1f4d-42da-af83-d4e84644bf70} soll=1920x1080+1920+0
2026-09-06T20:23:15+02:00 HAL9000 kwin_wayland[2468]: kwin-xmonad-lite: surface a89f5ec2-ab8e-4108-8088-7118500a3aab|b7798180-564c-4f75-ad4a-284026ac7a68|DP-3 layout=full n=2 ratio=0.65 fläche=1920x1050+0+0
2026-09-06T20:23:15+02:00 HAL9000 kwin_wayland[2468]: kwin-xmonad-lite: diagnose a89f5ec2-ab8e-4108-8088-7118500a3aab|b7798180-564c-4f75-ad4a-284026ac7a68|DP-3 order={b5199d7e-ca1d-4451-bf04-426469b8e468},{6807996b-8211-4590-9d4c-def50215de55},{6429d239-a71f-4c42-99ae-997dffa005d9} teilnehmer={6807996b-8211-4590-9d4c-def50215de55},{6429d239-a71f-4c42-99ae-997dffa005d9} float={b5199d7e-ca1d-4451-bf04-426469b8e468}
2026-09-06T20:24:39+02:00 HAL9000 kwin_wayland[2468]: kwin-xmonad-lite: gc #98 fenster=1 surfaces=0
2026-09-06T20:24:39+02:00 HAL9000 kwin_wayland[2468]: kwin-xmonad-lite: arrange #98 grund=closed,windowRemoved surfaces=2 mitglieder=5 teilnehmer=3
2026-09-06T20:24:39+02:00 HAL9000 kwin_wayland[2468]: kwin-xmonad-lite: surface a89f5ec2-ab8e-4108-8088-7118500a3aab|b7798180-564c-4f75-ad4a-284026ac7a68|eDP-1 layout=full n=1 ratio=0.6 fläche=1920x1080+1920+0
2026-09-06T20:24:39+02:00 HAL9000 kwin_wayland[2468]: kwin-xmonad-lite: diagnose a89f5ec2-ab8e-4108-8088-7118500a3aab|b7798180-564c-4f75-ad4a-284026ac7a68|eDP-1 order={95d94738-1f4d-42da-af83-d4e84644bf70},{7deb080f-2ee6-46e0-a25e-b4a8dee92de8} teilnehmer={95d94738-1f4d-42da-af83-d4e84644bf70} float={7deb080f-2ee6-46e0-a25e-b4a8dee92de8}
2026-09-06T20:24:39+02:00 HAL9000 kwin_wayland[2468]: kwin-xmonad-lite: surface a89f5ec2-ab8e-4108-8088-7118500a3aab|b7798180-564c-4f75-ad4a-284026ac7a68|DP-3 layout=full n=2 ratio=0.65 fläche=1920x1050+0+0
2026-09-06T20:24:39+02:00 HAL9000 kwin_wayland[2468]: kwin-xmonad-lite: diagnose a89f5ec2-ab8e-4108-8088-7118500a3aab|b7798180-564c-4f75-ad4a-284026ac7a68|DP-3 order={b5199d7e-ca1d-4451-bf04-426469b8e468},{6807996b-8211-4590-9d4c-def50215de55},{6429d239-a71f-4c42-99ae-997dffa005d9} teilnehmer={6807996b-8211-4590-9d4c-def50215de55},{6429d239-a71f-4c42-99ae-997dffa005d9} float={b5199d7e-ca1d-4451-bf04-426469b8e468}
2026-09-06T20:25:24+02:00 HAL9000 kwin_wayland[2468]: kwin-xmonad-lite: befehl toggleFloat surface=a89f5ec2-ab8e-4108-8088-7118500a3aab|b7798180-564c-4f75-ad4a-284026ac7a68|eDP-1 via=aktiv fenster={95d94738-1f4d-42da-af83-d4e84644bf70} → gefloatet
2026-09-06T20:25:24+02:00 HAL9000 kwin_wayland[2468]: kwin-xmonad-lite: arrange #99 grund=shortcut:toggleFloat surfaces=2 mitglieder=5 teilnehmer=2
2026-09-06T20:25:24+02:00 HAL9000 kwin_wayland[2468]: kwin-xmonad-lite: surface a89f5ec2-ab8e-4108-8088-7118500a3aab|b7798180-564c-4f75-ad4a-284026ac7a68|eDP-1 layout=full n=0 ratio=0.6 fläche=1920x1080+1920+0
2026-09-06T20:25:24+02:00 HAL9000 kwin_wayland[2468]: kwin-xmonad-lite: diagnose a89f5ec2-ab8e-4108-8088-7118500a3aab|b7798180-564c-4f75-ad4a-284026ac7a68|eDP-1 order={95d94738-1f4d-42da-af83-d4e84644bf70},{7deb080f-2ee6-46e0-a25e-b4a8dee92de8} teilnehmer= float={95d94738-1f4d-42da-af83-d4e84644bf70},{7deb080f-2ee6-46e0-a25e-b4a8dee92de8}
2026-09-06T20:25:24+02:00 HAL9000 kwin_wayland[2468]: kwin-xmonad-lite: surface a89f5ec2-ab8e-4108-8088-7118500a3aab|b7798180-564c-4f75-ad4a-284026ac7a68|DP-3 layout=full n=2 ratio=0.65 fläche=1920x1050+0+0
2026-09-06T20:25:24+02:00 HAL9000 kwin_wayland[2468]: kwin-xmonad-lite: diagnose a89f5ec2-ab8e-4108-8088-7118500a3aab|b7798180-564c-4f75-ad4a-284026ac7a68|DP-3 order={b5199d7e-ca1d-4451-bf04-426469b8e468},{6807996b-8211-4590-9d4c-def50215de55},{6429d239-a71f-4c42-99ae-997dffa005d9} teilnehmer={6807996b-8211-4590-9d4c-def50215de55},{6429d239-a71f-4c42-99ae-997dffa005d9} float={b5199d7e-ca1d-4451-bf04-426469b8e468}
2026-09-06T20:26:27+02:00 HAL9000 kwin_wayland[2468]: kwin-xmonad-lite: arrange #100 grund=fensterzustand surfaces=2 mitglieder=5 teilnehmer=2
2026-09-06T20:26:27+02:00 HAL9000 kwin_wayland[2468]: kwin-xmonad-lite: surface a89f5ec2-ab8e-4108-8088-7118500a3aab|b7798180-564c-4f75-ad4a-284026ac7a68|eDP-1 layout=full n=0 ratio=0.6 fläche=1920x1080+1920+0
2026-09-06T20:26:27+02:00 HAL9000 kwin_wayland[2468]: kwin-xmonad-lite: diagnose a89f5ec2-ab8e-4108-8088-7118500a3aab|b7798180-564c-4f75-ad4a-284026ac7a68|eDP-1 order={95d94738-1f4d-42da-af83-d4e84644bf70},{7deb080f-2ee6-46e0-a25e-b4a8dee92de8} teilnehmer= float={95d94738-1f4d-42da-af83-d4e84644bf70},{7deb080f-2ee6-46e0-a25e-b4a8dee92de8}
2026-09-06T20:26:27+02:00 HAL9000 kwin_wayland[2468]: kwin-xmonad-lite: surface a89f5ec2-ab8e-4108-8088-7118500a3aab|b7798180-564c-4f75-ad4a-284026ac7a68|DP-3 layout=full n=2 ratio=0.65 fläche=1920x1050+0+0
2026-09-06T20:26:27+02:00 HAL9000 kwin_wayland[2468]: kwin-xmonad-lite: diagnose a89f5ec2-ab8e-4108-8088-7118500a3aab|b7798180-564c-4f75-ad4a-284026ac7a68|DP-3 order={b5199d7e-ca1d-4451-bf04-426469b8e468},{6807996b-8211-4590-9d4c-def50215de55},{6429d239-a71f-4c42-99ae-997dffa005d9} teilnehmer={6807996b-8211-4590-9d4c-def50215de55},{6429d239-a71f-4c42-99ae-997dffa005d9} float={b5199d7e-ca1d-4451-bf04-426469b8e468}
2026-09-06T20:27:01+02:00 HAL9000 kwin_wayland[2468]: kwin-xmonad-lite: befehl toggleFloat surface=a89f5ec2-ab8e-4108-8088-7118500a3aab|b7798180-564c-4f75-ad4a-284026ac7a68|eDP-1 via=aktiv fenster={95d94738-1f4d-42da-af83-d4e84644bf70} → gekachelt
2026-09-06T20:27:01+02:00 HAL9000 kwin_wayland[2468]: kwin-xmonad-lite: arrange #101 grund=shortcut:toggleFloat surfaces=2 mitglieder=5 teilnehmer=2
2026-09-06T20:27:01+02:00 HAL9000 kwin_wayland[2468]: kwin-xmonad-lite: surface a89f5ec2-ab8e-4108-8088-7118500a3aab|b7798180-564c-4f75-ad4a-284026ac7a68|eDP-1 layout=full n=0 ratio=0.6 fläche=1920x1080+1920+0
2026-09-06T20:27:01+02:00 HAL9000 kwin_wayland[2468]: kwin-xmonad-lite: diagnose a89f5ec2-ab8e-4108-8088-7118500a3aab|b7798180-564c-4f75-ad4a-284026ac7a68|eDP-1 order={95d94738-1f4d-42da-af83-d4e84644bf70},{7deb080f-2ee6-46e0-a25e-b4a8dee92de8} teilnehmer= float={7deb080f-2ee6-46e0-a25e-b4a8dee92de8}
2026-09-06T20:27:01+02:00 HAL9000 kwin_wayland[2468]: kwin-xmonad-lite: surface a89f5ec2-ab8e-4108-8088-7118500a3aab|b7798180-564c-4f75-ad4a-284026ac7a68|DP-3 layout=full n=2 ratio=0.65 fläche=1920x1050+0+0
2026-09-06T20:27:01+02:00 HAL9000 kwin_wayland[2468]: kwin-xmonad-lite: diagnose a89f5ec2-ab8e-4108-8088-7118500a3aab|b7798180-564c-4f75-ad4a-284026ac7a68|DP-3 order={b5199d7e-ca1d-4451-bf04-426469b8e468},{6807996b-8211-4590-9d4c-def50215de55},{6429d239-a71f-4c42-99ae-997dffa005d9} teilnehmer={6807996b-8211-4590-9d4c-def50215de55},{6429d239-a71f-4c42-99ae-997dffa005d9} float={b5199d7e-ca1d-4451-bf04-426469b8e468}
2026-09-06T20:28:24+02:00 HAL9000 kwin_wayland[2468]: kwin-xmonad-lite: befehl toggleFloat surface=a89f5ec2-ab8e-4108-8088-7118500a3aab|b7798180-564c-4f75-ad4a-284026ac7a68|eDP-1 via=aktiv fenster={95d94738-1f4d-42da-af83-d4e84644bf70} → gefloatetOhneWiederherstellung
2026-09-06T20:28:24+02:00 HAL9000 kwin_wayland[2468]: kwin-xmonad-lite: arrange #102 grund=shortcut:toggleFloat surfaces=2 mitglieder=5 teilnehmer=2
2026-09-06T20:28:24+02:00 HAL9000 kwin_wayland[2468]: kwin-xmonad-lite: surface a89f5ec2-ab8e-4108-8088-7118500a3aab|b7798180-564c-4f75-ad4a-284026ac7a68|eDP-1 layout=full n=0 ratio=0.6 fläche=1920x1080+1920+0
2026-09-06T20:28:24+02:00 HAL9000 kwin_wayland[2468]: kwin-xmonad-lite: diagnose a89f5ec2-ab8e-4108-8088-7118500a3aab|b7798180-564c-4f75-ad4a-284026ac7a68|eDP-1 order={95d94738-1f4d-42da-af83-d4e84644bf70},{7deb080f-2ee6-46e0-a25e-b4a8dee92de8} teilnehmer= float={95d94738-1f4d-42da-af83-d4e84644bf70},{7deb080f-2ee6-46e0-a25e-b4a8dee92de8}
2026-09-06T20:28:24+02:00 HAL9000 kwin_wayland[2468]: kwin-xmonad-lite: surface a89f5ec2-ab8e-4108-8088-7118500a3aab|b7798180-564c-4f75-ad4a-284026ac7a68|DP-3 layout=full n=2 ratio=0.65 fläche=1920x1050+0+0
2026-09-06T20:28:24+02:00 HAL9000 kwin_wayland[2468]: kwin-xmonad-lite: diagnose a89f5ec2-ab8e-4108-8088-7118500a3aab|b7798180-564c-4f75-ad4a-284026ac7a68|DP-3 order={b5199d7e-ca1d-4451-bf04-426469b8e468},{6807996b-8211-4590-9d4c-def50215de55},{6429d239-a71f-4c42-99ae-997dffa005d9} teilnehmer={6807996b-8211-4590-9d4c-def50215de55},{6429d239-a71f-4c42-99ae-997dffa005d9} float={b5199d7e-ca1d-4451-bf04-426469b8e468}
2026-09-06T20:29:46+02:00 HAL9000 kwin_wayland[2468]: kwin-xmonad-lite: befehl shrink surface=a89f5ec2-ab8e-4108-8088-7118500a3aab|b7798180-564c-4f75-ad4a-284026ac7a68|eDP-1 via=aktiv ratio=0.55
2026-09-06T20:29:46+02:00 HAL9000 kwin_wayland[2468]: kwin-xmonad-lite: arrange #103 grund=shortcut:shrink surfaces=2 mitglieder=5 teilnehmer=2
2026-09-06T20:29:46+02:00 HAL9000 kwin_wayland[2468]: kwin-xmonad-lite: surface a89f5ec2-ab8e-4108-8088-7118500a3aab|b7798180-564c-4f75-ad4a-284026ac7a68|eDP-1 layout=full n=0 ratio=0.55 fläche=1920x1080+1920+0
2026-09-06T20:29:46+02:00 HAL9000 kwin_wayland[2468]: kwin-xmonad-lite: diagnose a89f5ec2-ab8e-4108-8088-7118500a3aab|b7798180-564c-4f75-ad4a-284026ac7a68|eDP-1 order={95d94738-1f4d-42da-af83-d4e84644bf70},{7deb080f-2ee6-46e0-a25e-b4a8dee92de8} teilnehmer= float={95d94738-1f4d-42da-af83-d4e84644bf70},{7deb080f-2ee6-46e0-a25e-b4a8dee92de8}
2026-09-06T20:29:46+02:00 HAL9000 kwin_wayland[2468]: kwin-xmonad-lite: surface a89f5ec2-ab8e-4108-8088-7118500a3aab|b7798180-564c-4f75-ad4a-284026ac7a68|DP-3 layout=full n=2 ratio=0.65 fläche=1920x1050+0+0
2026-09-06T20:29:46+02:00 HAL9000 kwin_wayland[2468]: kwin-xmonad-lite: diagnose a89f5ec2-ab8e-4108-8088-7118500a3aab|b7798180-564c-4f75-ad4a-284026ac7a68|DP-3 order={b5199d7e-ca1d-4451-bf04-426469b8e468},{6807996b-8211-4590-9d4c-def50215de55},{6429d239-a71f-4c42-99ae-997dffa005d9} teilnehmer={6807996b-8211-4590-9d4c-def50215de55},{6429d239-a71f-4c42-99ae-997dffa005d9} float={b5199d7e-ca1d-4451-bf04-426469b8e468}
2026-09-06T20:31:06+02:00 HAL9000 kwin_wayland[2468]: kwin-xmonad-lite: befehl shrink surface=a89f5ec2-ab8e-4108-8088-7118500a3aab|b7798180-564c-4f75-ad4a-284026ac7a68|eDP-1 via=aktiv ratio=0.5
2026-09-06T20:31:06+02:00 HAL9000 kwin_wayland[2468]: kwin-xmonad-lite: arrange #104 grund=shortcut:shrink surfaces=2 mitglieder=5 teilnehmer=2
2026-09-06T20:31:06+02:00 HAL9000 kwin_wayland[2468]: kwin-xmonad-lite: surface a89f5ec2-ab8e-4108-8088-7118500a3aab|b7798180-564c-4f75-ad4a-284026ac7a68|eDP-1 layout=full n=0 ratio=0.5 fläche=1920x1080+1920+0
2026-09-06T20:31:06+02:00 HAL9000 kwin_wayland[2468]: kwin-xmonad-lite: diagnose a89f5ec2-ab8e-4108-8088-7118500a3aab|b7798180-564c-4f75-ad4a-284026ac7a68|eDP-1 order={95d94738-1f4d-42da-af83-d4e84644bf70},{7deb080f-2ee6-46e0-a25e-b4a8dee92de8} teilnehmer= float={95d94738-1f4d-42da-af83-d4e84644bf70},{7deb080f-2ee6-46e0-a25e-b4a8dee92de8}
2026-09-06T20:31:06+02:00 HAL9000 kwin_wayland[2468]: kwin-xmonad-lite: surface a89f5ec2-ab8e-4108-8088-7118500a3aab|b7798180-564c-4f75-ad4a-284026ac7a68|DP-3 layout=full n=2 ratio=0.65 fläche=1920x1050+0+0
2026-09-06T20:31:06+02:00 HAL9000 kwin_wayland[2468]: kwin-xmonad-lite: diagnose a89f5ec2-ab8e-4108-8088-7118500a3aab|b7798180-564c-4f75-ad4a-284026ac7a68|DP-3 order={b5199d7e-ca1d-4451-bf04-426469b8e468},{6807996b-8211-4590-9d4c-def50215de55},{6429d239-a71f-4c42-99ae-997dffa005d9} teilnehmer={6807996b-8211-4590-9d4c-def50215de55},{6429d239-a71f-4c42-99ae-997dffa005d9} float={b5199d7e-ca1d-4451-bf04-426469b8e468}
2026-09-06T20:32:25+02:00 HAL9000 kwin_wayland[2468]: kwin-xmonad-lite: befehl expand surface=a89f5ec2-ab8e-4108-8088-7118500a3aab|b7798180-564c-4f75-ad4a-284026ac7a68|eDP-1 via=aktiv ratio=0.55
2026-09-06T20:32:25+02:00 HAL9000 kwin_wayland[2468]: kwin-xmonad-lite: arrange #105 grund=shortcut:expand surfaces=2 mitglieder=5 teilnehmer=2
2026-09-06T20:32:25+02:00 HAL9000 kwin_wayland[2468]: kwin-xmonad-lite: surface a89f5ec2-ab8e-4108-8088-7118500a3aab|b7798180-564c-4f75-ad4a-284026ac7a68|eDP-1 layout=full n=0 ratio=0.55 fläche=1920x1080+1920+0
2026-09-06T20:32:25+02:00 HAL9000 kwin_wayland[2468]: kwin-xmonad-lite: diagnose a89f5ec2-ab8e-4108-8088-7118500a3aab|b7798180-564c-4f75-ad4a-284026ac7a68|eDP-1 order={95d94738-1f4d-42da-af83-d4e84644bf70},{7deb080f-2ee6-46e0-a25e-b4a8dee92de8} teilnehmer= float={95d94738-1f4d-42da-af83-d4e84644bf70},{7deb080f-2ee6-46e0-a25e-b4a8dee92de8}
2026-09-06T20:32:25+02:00 HAL9000 kwin_wayland[2468]: kwin-xmonad-lite: surface a89f5ec2-ab8e-4108-8088-7118500a3aab|b7798180-564c-4f75-ad4a-284026ac7a68|DP-3 layout=full n=2 ratio=0.65 fläche=1920x1050+0+0
2026-09-06T20:32:25+02:00 HAL9000 kwin_wayland[2468]: kwin-xmonad-lite: diagnose a89f5ec2-ab8e-4108-8088-7118500a3aab|b7798180-564c-4f75-ad4a-284026ac7a68|DP-3 order={b5199d7e-ca1d-4451-bf04-426469b8e468},{6807996b-8211-4590-9d4c-def50215de55},{6429d239-a71f-4c42-99ae-997dffa005d9} teilnehmer={6807996b-8211-4590-9d4c-def50215de55},{6429d239-a71f-4c42-99ae-997dffa005d9} float={b5199d7e-ca1d-4451-bf04-426469b8e468}
2026-09-06T20:33:05+02:00 HAL9000 kwin_wayland[2468]: kwin-xmonad-lite: befehl shrink surface=a89f5ec2-ab8e-4108-8088-7118500a3aab|b7798180-564c-4f75-ad4a-284026ac7a68|eDP-1 via=aktiv ratio=0.5
2026-09-06T20:33:05+02:00 HAL9000 kwin_wayland[2468]: kwin-xmonad-lite: arrange #106 grund=shortcut:shrink surfaces=2 mitglieder=5 teilnehmer=2
2026-09-06T20:33:05+02:00 HAL9000 kwin_wayland[2468]: kwin-xmonad-lite: surface a89f5ec2-ab8e-4108-8088-7118500a3aab|b7798180-564c-4f75-ad4a-284026ac7a68|eDP-1 layout=full n=0 ratio=0.5 fläche=1920x1080+1920+0
2026-09-06T20:33:05+02:00 HAL9000 kwin_wayland[2468]: kwin-xmonad-lite: diagnose a89f5ec2-ab8e-4108-8088-7118500a3aab|b7798180-564c-4f75-ad4a-284026ac7a68|eDP-1 order={95d94738-1f4d-42da-af83-d4e84644bf70},{7deb080f-2ee6-46e0-a25e-b4a8dee92de8} teilnehmer= float={95d94738-1f4d-42da-af83-d4e84644bf70},{7deb080f-2ee6-46e0-a25e-b4a8dee92de8}
2026-09-06T20:33:05+02:00 HAL9000 kwin_wayland[2468]: kwin-xmonad-lite: surface a89f5ec2-ab8e-4108-8088-7118500a3aab|b7798180-564c-4f75-ad4a-284026ac7a68|DP-3 layout=full n=2 ratio=0.65 fläche=1920x1050+0+0
2026-09-06T20:33:05+02:00 HAL9000 kwin_wayland[2468]: kwin-xmonad-lite: diagnose a89f5ec2-ab8e-4108-8088-7118500a3aab|b7798180-564c-4f75-ad4a-284026ac7a68|DP-3 order={b5199d7e-ca1d-4451-bf04-426469b8e468},{6807996b-8211-4590-9d4c-def50215de55},{6429d239-a71f-4c42-99ae-997dffa005d9} teilnehmer={6807996b-8211-4590-9d4c-def50215de55},{6429d239-a71f-4c42-99ae-997dffa005d9} float={b5199d7e-ca1d-4451-bf04-426469b8e468}
2026-09-06T20:33:22+02:00 HAL9000 kwin_wayland[2468]: kwin-xmonad-lite: befehl focusPrev surface=a89f5ec2-ab8e-4108-8088-7118500a3aab|b7798180-564c-4f75-ad4a-284026ac7a68|eDP-1 via=aktiv fokus={7deb080f-2ee6-46e0-a25e-b4a8dee92de8}
2026-09-06T20:33:22+02:00 HAL9000 kwin_wayland[2468]: kwin-xmonad-lite: aktiviere {7deb080f-2ee6-46e0-a25e-b4a8dee92de8}
2026-09-06T20:33:22+02:00 HAL9000 kwin_wayland[2468]: kwin-xmonad-lite: arrange #107 grund=windowActivated,shortcut:focusPrev surfaces=2 mitglieder=5 teilnehmer=2
2026-09-06T20:33:22+02:00 HAL9000 kwin_wayland[2468]: kwin-xmonad-lite: surface a89f5ec2-ab8e-4108-8088-7118500a3aab|b7798180-564c-4f75-ad4a-284026ac7a68|eDP-1 layout=full n=0 ratio=0.5 fläche=1920x1080+1920+0
2026-09-06T20:33:22+02:00 HAL9000 kwin_wayland[2468]: kwin-xmonad-lite: diagnose a89f5ec2-ab8e-4108-8088-7118500a3aab|b7798180-564c-4f75-ad4a-284026ac7a68|eDP-1 order={95d94738-1f4d-42da-af83-d4e84644bf70},{7deb080f-2ee6-46e0-a25e-b4a8dee92de8} teilnehmer= float={95d94738-1f4d-42da-af83-d4e84644bf70},{7deb080f-2ee6-46e0-a25e-b4a8dee92de8}
2026-09-06T20:33:22+02:00 HAL9000 kwin_wayland[2468]: kwin-xmonad-lite: surface a89f5ec2-ab8e-4108-8088-7118500a3aab|b7798180-564c-4f75-ad4a-284026ac7a68|DP-3 layout=full n=2 ratio=0.65 fläche=1920x1050+0+0
2026-09-06T20:33:22+02:00 HAL9000 kwin_wayland[2468]: kwin-xmonad-lite: diagnose a89f5ec2-ab8e-4108-8088-7118500a3aab|b7798180-564c-4f75-ad4a-284026ac7a68|DP-3 order={b5199d7e-ca1d-4451-bf04-426469b8e468},{6807996b-8211-4590-9d4c-def50215de55},{6429d239-a71f-4c42-99ae-997dffa005d9} teilnehmer={6807996b-8211-4590-9d4c-def50215de55},{6429d239-a71f-4c42-99ae-997dffa005d9} float={b5199d7e-ca1d-4451-bf04-426469b8e468}
2026-09-06T20:34:01+02:00 HAL9000 kwin_wayland[2468]: kwin-xmonad-lite: befehl promote surface=a89f5ec2-ab8e-4108-8088-7118500a3aab|b7798180-564c-4f75-ad4a-284026ac7a68|eDP-1 via=aktiv master={7deb080f-2ee6-46e0-a25e-b4a8dee92de8}
2026-09-06T20:34:01+02:00 HAL9000 kwin_wayland[2468]: kwin-xmonad-lite: arrange #108 grund=shortcut:promote surfaces=2 mitglieder=5 teilnehmer=2
2026-09-06T20:34:01+02:00 HAL9000 kwin_wayland[2468]: kwin-xmonad-lite: surface a89f5ec2-ab8e-4108-8088-7118500a3aab|b7798180-564c-4f75-ad4a-284026ac7a68|eDP-1 layout=full n=0 ratio=0.5 fläche=1920x1080+1920+0
2026-09-06T20:34:01+02:00 HAL9000 kwin_wayland[2468]: kwin-xmonad-lite: diagnose a89f5ec2-ab8e-4108-8088-7118500a3aab|b7798180-564c-4f75-ad4a-284026ac7a68|eDP-1 order={7deb080f-2ee6-46e0-a25e-b4a8dee92de8},{95d94738-1f4d-42da-af83-d4e84644bf70} teilnehmer= float={7deb080f-2ee6-46e0-a25e-b4a8dee92de8},{95d94738-1f4d-42da-af83-d4e84644bf70}
2026-09-06T20:34:01+02:00 HAL9000 kwin_wayland[2468]: kwin-xmonad-lite: surface a89f5ec2-ab8e-4108-8088-7118500a3aab|b7798180-564c-4f75-ad4a-284026ac7a68|DP-3 layout=full n=2 ratio=0.65 fläche=1920x1050+0+0
2026-09-06T20:34:01+02:00 HAL9000 kwin_wayland[2468]: kwin-xmonad-lite: diagnose a89f5ec2-ab8e-4108-8088-7118500a3aab|b7798180-564c-4f75-ad4a-284026ac7a68|DP-3 order={b5199d7e-ca1d-4451-bf04-426469b8e468},{6807996b-8211-4590-9d4c-def50215de55},{6429d239-a71f-4c42-99ae-997dffa005d9} teilnehmer={6807996b-8211-4590-9d4c-def50215de55},{6429d239-a71f-4c42-99ae-997dffa005d9} float={b5199d7e-ca1d-4451-bf04-426469b8e468}
2026-09-06T20:35:18+02:00 HAL9000 kwin_wayland[2468]: kwin-xmonad-lite: arrange #109 grund=windowActivated,windowAdded surfaces=2 mitglieder=6 teilnehmer=3
2026-09-06T20:35:18+02:00 HAL9000 kwin_wayland[2468]: kwin-xmonad-lite: surface a89f5ec2-ab8e-4108-8088-7118500a3aab|b7798180-564c-4f75-ad4a-284026ac7a68|eDP-1 layout=full n=1 ratio=0.5 fläche=1920x1080+1920+0
2026-09-06T20:35:18+02:00 HAL9000 kwin_wayland[2468]: kwin-xmonad-lite: diagnose a89f5ec2-ab8e-4108-8088-7118500a3aab|b7798180-564c-4f75-ad4a-284026ac7a68|eDP-1 order={ed6a2b0b-3cc3-45f1-960d-f3e42a332c62},{7deb080f-2ee6-46e0-a25e-b4a8dee92de8},{95d94738-1f4d-42da-af83-d4e84644bf70} teilnehmer={ed6a2b0b-3cc3-45f1-960d-f3e42a332c62} float={7deb080f-2ee6-46e0-a25e-b4a8dee92de8},{95d94738-1f4d-42da-af83-d4e84644bf70}
2026-09-06T20:35:18+02:00 HAL9000 kwin_wayland[2468]: kwin-xmonad-lite: apply {ed6a2b0b-3cc3-45f1-960d-f3e42a332c62} soll=1920x1080+1920+0
2026-09-06T20:35:18+02:00 HAL9000 kwin_wayland[2468]: kwin-xmonad-lite: surface a89f5ec2-ab8e-4108-8088-7118500a3aab|b7798180-564c-4f75-ad4a-284026ac7a68|DP-3 layout=full n=2 ratio=0.65 fläche=1920x1050+0+0
2026-09-06T20:35:18+02:00 HAL9000 kwin_wayland[2468]: kwin-xmonad-lite: diagnose a89f5ec2-ab8e-4108-8088-7118500a3aab|b7798180-564c-4f75-ad4a-284026ac7a68|DP-3 order={b5199d7e-ca1d-4451-bf04-426469b8e468},{6807996b-8211-4590-9d4c-def50215de55},{6429d239-a71f-4c42-99ae-997dffa005d9} teilnehmer={6807996b-8211-4590-9d4c-def50215de55},{6429d239-a71f-4c42-99ae-997dffa005d9} float={b5199d7e-ca1d-4451-bf04-426469b8e468}
2026-09-06T20:36:31+02:00 HAL9000 kwin_wayland[2468]: kwin-xmonad-lite: befehl shrink surface=a89f5ec2-ab8e-4108-8088-7118500a3aab|b7798180-564c-4f75-ad4a-284026ac7a68|eDP-1 via=aktiv ratio=0.45
2026-09-06T20:36:31+02:00 HAL9000 kwin_wayland[2468]: kwin-xmonad-lite: arrange #110 grund=shortcut:shrink surfaces=2 mitglieder=6 teilnehmer=3
2026-09-06T20:36:31+02:00 HAL9000 kwin_wayland[2468]: kwin-xmonad-lite: surface a89f5ec2-ab8e-4108-8088-7118500a3aab|b7798180-564c-4f75-ad4a-284026ac7a68|eDP-1 layout=full n=1 ratio=0.45 fläche=1920x1080+1920+0
2026-09-06T20:36:31+02:00 HAL9000 kwin_wayland[2468]: kwin-xmonad-lite: diagnose a89f5ec2-ab8e-4108-8088-7118500a3aab|b7798180-564c-4f75-ad4a-284026ac7a68|eDP-1 order={ed6a2b0b-3cc3-45f1-960d-f3e42a332c62},{7deb080f-2ee6-46e0-a25e-b4a8dee92de8},{95d94738-1f4d-42da-af83-d4e84644bf70} teilnehmer={ed6a2b0b-3cc3-45f1-960d-f3e42a332c62} float={7deb080f-2ee6-46e0-a25e-b4a8dee92de8},{95d94738-1f4d-42da-af83-d4e84644bf70}
2026-09-06T20:36:31+02:00 HAL9000 kwin_wayland[2468]: kwin-xmonad-lite: surface a89f5ec2-ab8e-4108-8088-7118500a3aab|b7798180-564c-4f75-ad4a-284026ac7a68|DP-3 layout=full n=2 ratio=0.65 fläche=1920x1050+0+0
2026-09-06T20:36:31+02:00 HAL9000 kwin_wayland[2468]: kwin-xmonad-lite: diagnose a89f5ec2-ab8e-4108-8088-7118500a3aab|b7798180-564c-4f75-ad4a-284026ac7a68|DP-3 order={b5199d7e-ca1d-4451-bf04-426469b8e468},{6807996b-8211-4590-9d4c-def50215de55},{6429d239-a71f-4c42-99ae-997dffa005d9} teilnehmer={6807996b-8211-4590-9d4c-def50215de55},{6429d239-a71f-4c42-99ae-997dffa005d9} float={b5199d7e-ca1d-4451-bf04-426469b8e468}
2026-09-06T20:37:52+02:00 HAL9000 kwin_wayland[2468]: kwin-xmonad-lite: befehl resetLayout surface=a89f5ec2-ab8e-4108-8088-7118500a3aab|b7798180-564c-4f75-ad4a-284026ac7a68|eDP-1 via=aktiv layout=tall
2026-09-06T20:37:52+02:00 HAL9000 kwin_wayland[2468]: kwin-xmonad-lite: arrange #111 grund=shortcut:resetLayout surfaces=2 mitglieder=6 teilnehmer=3
2026-09-06T20:37:52+02:00 HAL9000 kwin_wayland[2468]: kwin-xmonad-lite: surface a89f5ec2-ab8e-4108-8088-7118500a3aab|b7798180-564c-4f75-ad4a-284026ac7a68|eDP-1 layout=tall n=1 ratio=0.65 fläche=1920x1080+1920+0
2026-09-06T20:37:52+02:00 HAL9000 kwin_wayland[2468]: kwin-xmonad-lite: diagnose a89f5ec2-ab8e-4108-8088-7118500a3aab|b7798180-564c-4f75-ad4a-284026ac7a68|eDP-1 order={ed6a2b0b-3cc3-45f1-960d-f3e42a332c62},{7deb080f-2ee6-46e0-a25e-b4a8dee92de8},{95d94738-1f4d-42da-af83-d4e84644bf70} teilnehmer={ed6a2b0b-3cc3-45f1-960d-f3e42a332c62} float={7deb080f-2ee6-46e0-a25e-b4a8dee92de8},{95d94738-1f4d-42da-af83-d4e84644bf70}
2026-09-06T20:37:52+02:00 HAL9000 kwin_wayland[2468]: kwin-xmonad-lite: surface a89f5ec2-ab8e-4108-8088-7118500a3aab|b7798180-564c-4f75-ad4a-284026ac7a68|DP-3 layout=full n=2 ratio=0.65 fläche=1920x1050+0+0
2026-09-06T20:37:52+02:00 HAL9000 kwin_wayland[2468]: kwin-xmonad-lite: diagnose a89f5ec2-ab8e-4108-8088-7118500a3aab|b7798180-564c-4f75-ad4a-284026ac7a68|DP-3 order={b5199d7e-ca1d-4451-bf04-426469b8e468},{6807996b-8211-4590-9d4c-def50215de55},{6429d239-a71f-4c42-99ae-997dffa005d9} teilnehmer={6807996b-8211-4590-9d4c-def50215de55},{6429d239-a71f-4c42-99ae-997dffa005d9} float={b5199d7e-ca1d-4451-bf04-426469b8e468}
2026-09-06T20:38:31+02:00 HAL9000 kwin_wayland[2468]: kwin-xmonad-lite: befehl focusMaster surface=a89f5ec2-ab8e-4108-8088-7118500a3aab|b7798180-564c-4f75-ad4a-284026ac7a68|eDP-1 via=aktiv fokus={ed6a2b0b-3cc3-45f1-960d-f3e42a332c62} unverändert
2026-09-06T20:38:31+02:00 HAL9000 kwin_wayland[2468]: kwin-xmonad-lite: aktiviere {ed6a2b0b-3cc3-45f1-960d-f3e42a332c62}
2026-09-06T20:38:51+02:00 HAL9000 kwin_wayland[2468]: kwin-xmonad-lite: befehl sink surface=a89f5ec2-ab8e-4108-8088-7118500a3aab|b7798180-564c-4f75-ad4a-284026ac7a68|eDP-1 via=aktiv fenster={ed6a2b0b-3cc3-45f1-960d-f3e42a332c62} → bereitsGekachelt
2026-09-06T20:39:59+02:00 HAL9000 kwin_wayland[2468]: kwin-xmonad-lite: befehl toggleFloat surface=a89f5ec2-ab8e-4108-8088-7118500a3aab|b7798180-564c-4f75-ad4a-284026ac7a68|eDP-1 via=aktiv fenster={ed6a2b0b-3cc3-45f1-960d-f3e42a332c62} → gefloatet
2026-09-06T20:39:59+02:00 HAL9000 kwin_wayland[2468]: kwin-xmonad-lite: arrange #112 grund=shortcut:toggleFloat surfaces=2 mitglieder=6 teilnehmer=2
2026-09-06T20:39:59+02:00 HAL9000 kwin_wayland[2468]: kwin-xmonad-lite: surface a89f5ec2-ab8e-4108-8088-7118500a3aab|b7798180-564c-4f75-ad4a-284026ac7a68|eDP-1 layout=tall n=0 ratio=0.65 fläche=1920x1080+1920+0
2026-09-06T20:39:59+02:00 HAL9000 kwin_wayland[2468]: kwin-xmonad-lite: diagnose a89f5ec2-ab8e-4108-8088-7118500a3aab|b7798180-564c-4f75-ad4a-284026ac7a68|eDP-1 order={ed6a2b0b-3cc3-45f1-960d-f3e42a332c62},{7deb080f-2ee6-46e0-a25e-b4a8dee92de8},{95d94738-1f4d-42da-af83-d4e84644bf70} teilnehmer= float={ed6a2b0b-3cc3-45f1-960d-f3e42a332c62},{7deb080f-2ee6-46e0-a25e-b4a8dee92de8},{95d94738-1f4d-42da-af83-d4e84644bf70}
2026-09-06T20:39:59+02:00 HAL9000 kwin_wayland[2468]: kwin-xmonad-lite: surface a89f5ec2-ab8e-4108-8088-7118500a3aab|b7798180-564c-4f75-ad4a-284026ac7a68|DP-3 layout=full n=2 ratio=0.65 fläche=1920x1050+0+0
2026-09-06T20:39:59+02:00 HAL9000 kwin_wayland[2468]: kwin-xmonad-lite: diagnose a89f5ec2-ab8e-4108-8088-7118500a3aab|b7798180-564c-4f75-ad4a-284026ac7a68|DP-3 order={b5199d7e-ca1d-4451-bf04-426469b8e468},{6807996b-8211-4590-9d4c-def50215de55},{6429d239-a71f-4c42-99ae-997dffa005d9} teilnehmer={6807996b-8211-4590-9d4c-def50215de55},{6429d239-a71f-4c42-99ae-997dffa005d9} float={b5199d7e-ca1d-4451-bf04-426469b8e468}
2026-09-06T20:41:05+02:00 HAL9000 kwin_wayland[2468]: kwin-xmonad-lite: arrange #113 grund=windowActivated,desktopChanged surfaces=2 mitglieder=3 teilnehmer=2
2026-09-06T20:41:05+02:00 HAL9000 kwin_wayland[2468]: kwin-xmonad-lite: surface a89f5ec2-ab8e-4108-8088-7118500a3aab|eb859906-5dd5-4314-92bc-4f3cc1582e4f|DP-3 layout=tall n=2 ratio=0.65 fläche=1920x1050+0+0
2026-09-06T20:41:05+02:00 HAL9000 kwin_wayland[2468]: kwin-xmonad-lite: diagnose a89f5ec2-ab8e-4108-8088-7118500a3aab|eb859906-5dd5-4314-92bc-4f3cc1582e4f|DP-3 order={b5199d7e-ca1d-4451-bf04-426469b8e468},{5106216a-d6a8-46df-ae71-19a0498a83df},{3bc4464c-005f-4813-929d-0443aa63eb2f} teilnehmer={5106216a-d6a8-46df-ae71-19a0498a83df},{3bc4464c-005f-4813-929d-0443aa63eb2f} float={b5199d7e-ca1d-4451-bf04-426469b8e468}
2026-09-06T20:41:05+02:00 HAL9000 kwin_wayland[2468]: kwin-xmonad-lite: apply {5106216a-d6a8-46df-ae71-19a0498a83df} soll=1248x1050+0+0
2026-09-06T20:41:05+02:00 HAL9000 kwin_wayland[2468]: kwin-xmonad-lite: apply {3bc4464c-005f-4813-929d-0443aa63eb2f} soll=672x1050+1248+0
2026-09-06T20:42:29+02:00 HAL9000 kwin_wayland[2468]: kwin-xmonad-lite: befehl swapNext surface=a89f5ec2-ab8e-4108-8088-7118500a3aab|eb859906-5dd5-4314-92bc-4f3cc1582e4f|eDP-1 via=ausgabe master=- unverändert
2026-09-06T20:43:20+02:00 HAL9000 kwin_wayland[2468]: kwin-xmonad-lite: arrange #114 grund=windowActivated,desktopChanged surfaces=2 mitglieder=6 teilnehmer=2
2026-09-06T20:43:20+02:00 HAL9000 kwin_wayland[2468]: kwin-xmonad-lite: surface a89f5ec2-ab8e-4108-8088-7118500a3aab|b7798180-564c-4f75-ad4a-284026ac7a68|eDP-1 layout=tall n=0 ratio=0.65 fläche=1920x1080+1920+0
2026-09-06T20:43:20+02:00 HAL9000 kwin_wayland[2468]: kwin-xmonad-lite: diagnose a89f5ec2-ab8e-4108-8088-7118500a3aab|b7798180-564c-4f75-ad4a-284026ac7a68|eDP-1 order={ed6a2b0b-3cc3-45f1-960d-f3e42a332c62},{7deb080f-2ee6-46e0-a25e-b4a8dee92de8},{95d94738-1f4d-42da-af83-d4e84644bf70} teilnehmer= float={ed6a2b0b-3cc3-45f1-960d-f3e42a332c62},{7deb080f-2ee6-46e0-a25e-b4a8dee92de8},{95d94738-1f4d-42da-af83-d4e84644bf70}
2026-09-06T20:43:20+02:00 HAL9000 kwin_wayland[2468]: kwin-xmonad-lite: surface a89f5ec2-ab8e-4108-8088-7118500a3aab|b7798180-564c-4f75-ad4a-284026ac7a68|DP-3 layout=full n=2 ratio=0.65 fläche=1920x1050+0+0
2026-09-06T20:43:20+02:00 HAL9000 kwin_wayland[2468]: kwin-xmonad-lite: diagnose a89f5ec2-ab8e-4108-8088-7118500a3aab|b7798180-564c-4f75-ad4a-284026ac7a68|DP-3 order={b5199d7e-ca1d-4451-bf04-426469b8e468},{6807996b-8211-4590-9d4c-def50215de55},{6429d239-a71f-4c42-99ae-997dffa005d9} teilnehmer={6807996b-8211-4590-9d4c-def50215de55},{6429d239-a71f-4c42-99ae-997dffa005d9} float={b5199d7e-ca1d-4451-bf04-426469b8e468}
2026-09-06T20:43:59+02:00 HAL9000 kwin_wayland[2468]: kwin-xmonad-lite: arrange #115 grund=fensterzustand surfaces=2 mitglieder=6 teilnehmer=2
2026-09-06T20:43:59+02:00 HAL9000 kwin_wayland[2468]: kwin-xmonad-lite: surface a89f5ec2-ab8e-4108-8088-7118500a3aab|b7798180-564c-4f75-ad4a-284026ac7a68|eDP-1 layout=tall n=0 ratio=0.65 fläche=1920x1080+1920+0
2026-09-06T20:43:59+02:00 HAL9000 kwin_wayland[2468]: kwin-xmonad-lite: diagnose a89f5ec2-ab8e-4108-8088-7118500a3aab|b7798180-564c-4f75-ad4a-284026ac7a68|eDP-1 order={7deb080f-2ee6-46e0-a25e-b4a8dee92de8},{95d94738-1f4d-42da-af83-d4e84644bf70} teilnehmer= float={7deb080f-2ee6-46e0-a25e-b4a8dee92de8},{95d94738-1f4d-42da-af83-d4e84644bf70}
2026-09-06T20:43:59+02:00 HAL9000 kwin_wayland[2468]: kwin-xmonad-lite: surface a89f5ec2-ab8e-4108-8088-7118500a3aab|b7798180-564c-4f75-ad4a-284026ac7a68|DP-3 layout=full n=2 ratio=0.65 fläche=1920x1050+0+0
2026-09-06T20:43:59+02:00 HAL9000 kwin_wayland[2468]: kwin-xmonad-lite: diagnose a89f5ec2-ab8e-4108-8088-7118500a3aab|b7798180-564c-4f75-ad4a-284026ac7a68|DP-3 order={ed6a2b0b-3cc3-45f1-960d-f3e42a332c62},{b5199d7e-ca1d-4451-bf04-426469b8e468},{6807996b-8211-4590-9d4c-def50215de55},{6429d239-a71f-4c42-99ae-997dffa005d9} teilnehmer={6807996b-8211-4590-9d4c-def50215de55},{6429d239-a71f-4c42-99ae-997dffa005d9} float={ed6a2b0b-3cc3-45f1-960d-f3e42a332c62},{b5199d7e-ca1d-4451-bf04-426469b8e468}
2026-09-06T20:44:23+02:00 HAL9000 kwin_wayland[2468]: kwin-xmonad-lite: befehl toggleFloat surface=a89f5ec2-ab8e-4108-8088-7118500a3aab|b7798180-564c-4f75-ad4a-284026ac7a68|DP-3 via=aktiv fenster={ed6a2b0b-3cc3-45f1-960d-f3e42a332c62} → gekachelt
2026-09-06T20:44:23+02:00 HAL9000 kwin_wayland[2468]: kwin-xmonad-lite: arrange #116 grund=shortcut:toggleFloat surfaces=2 mitglieder=6 teilnehmer=3
2026-09-06T20:44:23+02:00 HAL9000 kwin_wayland[2468]: kwin-xmonad-lite: surface a89f5ec2-ab8e-4108-8088-7118500a3aab|b7798180-564c-4f75-ad4a-284026ac7a68|eDP-1 layout=tall n=0 ratio=0.65 fläche=1920x1080+1920+0
2026-09-06T20:44:23+02:00 HAL9000 kwin_wayland[2468]: kwin-xmonad-lite: diagnose a89f5ec2-ab8e-4108-8088-7118500a3aab|b7798180-564c-4f75-ad4a-284026ac7a68|eDP-1 order={7deb080f-2ee6-46e0-a25e-b4a8dee92de8},{95d94738-1f4d-42da-af83-d4e84644bf70} teilnehmer= float={7deb080f-2ee6-46e0-a25e-b4a8dee92de8},{95d94738-1f4d-42da-af83-d4e84644bf70}
2026-09-06T20:44:23+02:00 HAL9000 kwin_wayland[2468]: kwin-xmonad-lite: surface a89f5ec2-ab8e-4108-8088-7118500a3aab|b7798180-564c-4f75-ad4a-284026ac7a68|DP-3 layout=full n=3 ratio=0.65 fläche=1920x1050+0+0
2026-09-06T20:44:23+02:00 HAL9000 kwin_wayland[2468]: kwin-xmonad-lite: diagnose a89f5ec2-ab8e-4108-8088-7118500a3aab|b7798180-564c-4f75-ad4a-284026ac7a68|DP-3 order={ed6a2b0b-3cc3-45f1-960d-f3e42a332c62},{b5199d7e-ca1d-4451-bf04-426469b8e468},{6807996b-8211-4590-9d4c-def50215de55},{6429d239-a71f-4c42-99ae-997dffa005d9} teilnehmer={ed6a2b0b-3cc3-45f1-960d-f3e42a332c62},{6807996b-8211-4590-9d4c-def50215de55},{6429d239-a71f-4c42-99ae-997dffa005d9} float={b5199d7e-ca1d-4451-bf04-426469b8e468}
2026-09-06T20:44:58+02:00 HAL9000 kwin_wayland[2468]: kwin-xmonad-lite: gc #117 fenster=1 surfaces=0
2026-09-06T20:44:58+02:00 HAL9000 kwin_wayland[2468]: kwin-xmonad-lite: arrange #117 grund=closed,windowActivated,windowRemoved surfaces=2 mitglieder=5 teilnehmer=2
2026-09-06T20:44:58+02:00 HAL9000 kwin_wayland[2468]: kwin-xmonad-lite: surface a89f5ec2-ab8e-4108-8088-7118500a3aab|b7798180-564c-4f75-ad4a-284026ac7a68|eDP-1 layout=tall n=0 ratio=0.65 fläche=1920x1080+1920+0
2026-09-06T20:44:58+02:00 HAL9000 kwin_wayland[2468]: kwin-xmonad-lite: diagnose a89f5ec2-ab8e-4108-8088-7118500a3aab|b7798180-564c-4f75-ad4a-284026ac7a68|eDP-1 order={7deb080f-2ee6-46e0-a25e-b4a8dee92de8},{95d94738-1f4d-42da-af83-d4e84644bf70} teilnehmer= float={7deb080f-2ee6-46e0-a25e-b4a8dee92de8},{95d94738-1f4d-42da-af83-d4e84644bf70}
2026-09-06T20:44:58+02:00 HAL9000 kwin_wayland[2468]: kwin-xmonad-lite: surface a89f5ec2-ab8e-4108-8088-7118500a3aab|b7798180-564c-4f75-ad4a-284026ac7a68|DP-3 layout=full n=2 ratio=0.65 fläche=1920x1050+0+0
2026-09-06T20:44:58+02:00 HAL9000 kwin_wayland[2468]: kwin-xmonad-lite: diagnose a89f5ec2-ab8e-4108-8088-7118500a3aab|b7798180-564c-4f75-ad4a-284026ac7a68|DP-3 order={b5199d7e-ca1d-4451-bf04-426469b8e468},{6807996b-8211-4590-9d4c-def50215de55},{6429d239-a71f-4c42-99ae-997dffa005d9} teilnehmer={6807996b-8211-4590-9d4c-def50215de55},{6429d239-a71f-4c42-99ae-997dffa005d9} float={b5199d7e-ca1d-4451-bf04-426469b8e468}
2026-09-06T20:45:50+02:00 HAL9000 kwin_wayland[2468]: kwin-xmonad-lite: befehl focusMaster surface=a89f5ec2-ab8e-4108-8088-7118500a3aab|b7798180-564c-4f75-ad4a-284026ac7a68|DP-3 via=aktiv fokus={b5199d7e-ca1d-4451-bf04-426469b8e468} unverändert
2026-09-06T20:45:50+02:00 HAL9000 kwin_wayland[2468]: kwin-xmonad-lite: aktiviere {b5199d7e-ca1d-4451-bf04-426469b8e468}
2026-09-06T20:46:58+02:00 HAL9000 kwin_wayland[2468]: kwin-xmonad-lite: arrange #118 grund=desktopChanged surfaces=2 mitglieder=3 teilnehmer=2
2026-09-06T20:46:58+02:00 HAL9000 kwin_wayland[2468]: kwin-xmonad-lite: surface a89f5ec2-ab8e-4108-8088-7118500a3aab|30c27d93-fa7d-452a-ad6a-53201edcdca1|DP-3 layout=tall n=2 ratio=0.6 fläche=1920x1050+0+0
2026-09-06T20:46:58+02:00 HAL9000 kwin_wayland[2468]: kwin-xmonad-lite: diagnose a89f5ec2-ab8e-4108-8088-7118500a3aab|30c27d93-fa7d-452a-ad6a-53201edcdca1|DP-3 order={b5199d7e-ca1d-4451-bf04-426469b8e468},{dc4fa1c7-cc6b-4528-90a0-34a5d748b78f},{af7bd51b-f458-4016-8526-a9a42550dd51} teilnehmer={dc4fa1c7-cc6b-4528-90a0-34a5d748b78f},{af7bd51b-f458-4016-8526-a9a42550dd51} float={b5199d7e-ca1d-4451-bf04-426469b8e468}
2026-09-06T20:47:52+02:00 HAL9000 kwin_wayland[2468]: kwin-xmonad-lite: arrange #119 grund=fensterzustand surfaces=2 mitglieder=3 teilnehmer=2
2026-09-06T20:47:52+02:00 HAL9000 kwin_wayland[2468]: kwin-xmonad-lite: surface a89f5ec2-ab8e-4108-8088-7118500a3aab|30c27d93-fa7d-452a-ad6a-53201edcdca1|DP-3 layout=tall n=2 ratio=0.6 fläche=1920x1050+0+0
2026-09-06T20:47:52+02:00 HAL9000 kwin_wayland[2468]: kwin-xmonad-lite: diagnose a89f5ec2-ab8e-4108-8088-7118500a3aab|30c27d93-fa7d-452a-ad6a-53201edcdca1|DP-3 order={b5199d7e-ca1d-4451-bf04-426469b8e468},{dc4fa1c7-cc6b-4528-90a0-34a5d748b78f},{af7bd51b-f458-4016-8526-a9a42550dd51} teilnehmer={dc4fa1c7-cc6b-4528-90a0-34a5d748b78f},{af7bd51b-f458-4016-8526-a9a42550dd51} float={b5199d7e-ca1d-4451-bf04-426469b8e468}
2026-09-06T20:48:42+02:00 HAL9000 kwin_wayland[2468]: kwin-xmonad-lite: befehl swapPrev surface=a89f5ec2-ab8e-4108-8088-7118500a3aab|30c27d93-fa7d-452a-ad6a-53201edcdca1|DP-3 via=aktiv master={af7bd51b-f458-4016-8526-a9a42550dd51}
2026-09-06T20:48:42+02:00 HAL9000 kwin_wayland[2468]: kwin-xmonad-lite: arrange #120 grund=shortcut:swapPrev surfaces=2 mitglieder=3 teilnehmer=2
2026-09-06T20:48:42+02:00 HAL9000 kwin_wayland[2468]: kwin-xmonad-lite: surface a89f5ec2-ab8e-4108-8088-7118500a3aab|30c27d93-fa7d-452a-ad6a-53201edcdca1|DP-3 layout=tall n=2 ratio=0.6 fläche=1920x1050+0+0
2026-09-06T20:48:42+02:00 HAL9000 kwin_wayland[2468]: kwin-xmonad-lite: diagnose a89f5ec2-ab8e-4108-8088-7118500a3aab|30c27d93-fa7d-452a-ad6a-53201edcdca1|DP-3 order={af7bd51b-f458-4016-8526-a9a42550dd51},{dc4fa1c7-cc6b-4528-90a0-34a5d748b78f},{b5199d7e-ca1d-4451-bf04-426469b8e468} teilnehmer={af7bd51b-f458-4016-8526-a9a42550dd51},{dc4fa1c7-cc6b-4528-90a0-34a5d748b78f} float={b5199d7e-ca1d-4451-bf04-426469b8e468}
2026-09-06T20:48:42+02:00 HAL9000 kwin_wayland[2468]: kwin-xmonad-lite: apply {af7bd51b-f458-4016-8526-a9a42550dd51} soll=1152x1050+0+0
2026-09-06T20:48:42+02:00 HAL9000 kwin_wayland[2468]: kwin-xmonad-lite: apply {dc4fa1c7-cc6b-4528-90a0-34a5d748b78f} soll=768x1050+1152+0
2026-09-06T20:49:47+02:00 HAL9000 kwin_wayland[2468]: kwin-xmonad-lite: befehl expand surface=a89f5ec2-ab8e-4108-8088-7118500a3aab|30c27d93-fa7d-452a-ad6a-53201edcdca1|DP-3 via=aktiv ratio=0.65
2026-09-06T20:49:47+02:00 HAL9000 kwin_wayland[2468]: kwin-xmonad-lite: arrange #121 grund=shortcut:expand surfaces=2 mitglieder=3 teilnehmer=2
2026-09-06T20:49:47+02:00 HAL9000 kwin_wayland[2468]: kwin-xmonad-lite: surface a89f5ec2-ab8e-4108-8088-7118500a3aab|30c27d93-fa7d-452a-ad6a-53201edcdca1|DP-3 layout=tall n=2 ratio=0.65 fläche=1920x1050+0+0
2026-09-06T20:49:47+02:00 HAL9000 kwin_wayland[2468]: kwin-xmonad-lite: diagnose a89f5ec2-ab8e-4108-8088-7118500a3aab|30c27d93-fa7d-452a-ad6a-53201edcdca1|DP-3 order={af7bd51b-f458-4016-8526-a9a42550dd51},{dc4fa1c7-cc6b-4528-90a0-34a5d748b78f},{b5199d7e-ca1d-4451-bf04-426469b8e468} teilnehmer={af7bd51b-f458-4016-8526-a9a42550dd51},{dc4fa1c7-cc6b-4528-90a0-34a5d748b78f} float={b5199d7e-ca1d-4451-bf04-426469b8e468}
2026-09-06T20:49:47+02:00 HAL9000 kwin_wayland[2468]: kwin-xmonad-lite: apply {af7bd51b-f458-4016-8526-a9a42550dd51} soll=1248x1050+0+0
2026-09-06T20:49:47+02:00 HAL9000 kwin_wayland[2468]: kwin-xmonad-lite: apply {dc4fa1c7-cc6b-4528-90a0-34a5d748b78f} soll=672x1050+1248+0
2026-09-06T20:51:25+02:00 HAL9000 kwin_wayland[2468]: kwin-xmonad-lite: befehl swapNext surface=a89f5ec2-ab8e-4108-8088-7118500a3aab|30c27d93-fa7d-452a-ad6a-53201edcdca1|DP-3 via=aktiv master={b5199d7e-ca1d-4451-bf04-426469b8e468}
2026-09-06T20:51:25+02:00 HAL9000 kwin_wayland[2468]: kwin-xmonad-lite: arrange #122 grund=shortcut:swapNext surfaces=2 mitglieder=3 teilnehmer=2
2026-09-06T20:51:25+02:00 HAL9000 kwin_wayland[2468]: kwin-xmonad-lite: surface a89f5ec2-ab8e-4108-8088-7118500a3aab|30c27d93-fa7d-452a-ad6a-53201edcdca1|DP-3 layout=tall n=2 ratio=0.65 fläche=1920x1050+0+0
2026-09-06T20:51:25+02:00 HAL9000 kwin_wayland[2468]: kwin-xmonad-lite: diagnose a89f5ec2-ab8e-4108-8088-7118500a3aab|30c27d93-fa7d-452a-ad6a-53201edcdca1|DP-3 order={b5199d7e-ca1d-4451-bf04-426469b8e468},{dc4fa1c7-cc6b-4528-90a0-34a5d748b78f},{af7bd51b-f458-4016-8526-a9a42550dd51} teilnehmer={dc4fa1c7-cc6b-4528-90a0-34a5d748b78f},{af7bd51b-f458-4016-8526-a9a42550dd51} float={b5199d7e-ca1d-4451-bf04-426469b8e468}
2026-09-06T20:51:25+02:00 HAL9000 kwin_wayland[2468]: kwin-xmonad-lite: apply {dc4fa1c7-cc6b-4528-90a0-34a5d748b78f} soll=1248x1050+0+0
2026-09-06T20:51:25+02:00 HAL9000 kwin_wayland[2468]: kwin-xmonad-lite: apply {af7bd51b-f458-4016-8526-a9a42550dd51} soll=672x1050+1248+0
2026-09-06T20:52:18+02:00 HAL9000 kwin_wayland[2468]: kwin-xmonad-lite: befehl focusPrev surface=a89f5ec2-ab8e-4108-8088-7118500a3aab|30c27d93-fa7d-452a-ad6a-53201edcdca1|DP-3 via=aktiv fokus={af7bd51b-f458-4016-8526-a9a42550dd51}
2026-09-06T20:52:18+02:00 HAL9000 kwin_wayland[2468]: kwin-xmonad-lite: aktiviere {af7bd51b-f458-4016-8526-a9a42550dd51}
2026-09-06T20:52:18+02:00 HAL9000 kwin_wayland[2468]: kwin-xmonad-lite: arrange #123 grund=windowActivated,shortcut:focusPrev surfaces=2 mitglieder=3 teilnehmer=2
2026-09-06T20:52:18+02:00 HAL9000 kwin_wayland[2468]: kwin-xmonad-lite: surface a89f5ec2-ab8e-4108-8088-7118500a3aab|30c27d93-fa7d-452a-ad6a-53201edcdca1|DP-3 layout=tall n=2 ratio=0.65 fläche=1920x1050+0+0
2026-09-06T20:52:18+02:00 HAL9000 kwin_wayland[2468]: kwin-xmonad-lite: diagnose a89f5ec2-ab8e-4108-8088-7118500a3aab|30c27d93-fa7d-452a-ad6a-53201edcdca1|DP-3 order={b5199d7e-ca1d-4451-bf04-426469b8e468},{dc4fa1c7-cc6b-4528-90a0-34a5d748b78f},{af7bd51b-f458-4016-8526-a9a42550dd51} teilnehmer={dc4fa1c7-cc6b-4528-90a0-34a5d748b78f},{af7bd51b-f458-4016-8526-a9a42550dd51} float={b5199d7e-ca1d-4451-bf04-426469b8e468}
2026-09-06T20:53:02+02:00 HAL9000 kxl-abnahme[9638]: == Fall 27 Last beendet, 75 Aktionen ==
2026-09-06T21:02:26+02:00 HAL9000 kxl-abnahme[9665]: == Fall 27 Ende ==
2026-09-06T21:02:50+02:00 HAL9000 kwin_wayland[2468]: KXLGEO1 {"k":"meta","tag":"KXLGEO1","start":1788721370334,"perOutputDesktops":false,"outputs":2,"samples":[0,500,1500,3000],"titlePrefix":"kxl-","r":1788721370334,"n":0,"ms":0}
2026-09-06T21:02:50+02:00 HAL9000 kwin_wayland[2468]: KXLGEO1 {"k":"view","s":0,"key":"a89f5ec2-ab8e-4108-8088-7118500a3aab|30c27d93-fa7d-452a-ad6a-53201edcdca1|eDP-1","activity":"a89f5ec2-ab8e-4108-8088-7118500a3aab","desktop":"30c27d93-fa7d-452a-ad6a-53201edcdca1","output":"eDP-1","area":{"x":1920,"y":0,"w":1920,"h":1080,"exakt":true},"r":1788721370334,"n":1,"ms":1}
2026-09-06T21:02:50+02:00 HAL9000 kwin_wayland[2468]: KXLGEO1 {"k":"view","s":0,"key":"a89f5ec2-ab8e-4108-8088-7118500a3aab|30c27d93-fa7d-452a-ad6a-53201edcdca1|DP-3","activity":"a89f5ec2-ab8e-4108-8088-7118500a3aab","desktop":"30c27d93-fa7d-452a-ad6a-53201edcdca1","output":"DP-3","area":{"x":0,"y":0,"w":1920,"h":1050,"exakt":true},"r":1788721370334,"n":2,"ms":1}
2026-09-06T21:02:50+02:00 HAL9000 kwin_wayland[2468]: KXLGEO1 {"k":"active","s":0,"activeId":"{af7bd51b-f458-4016-8526-a9a42550dd51}","r":1788721370334,"n":3,"ms":1}
2026-09-06T21:02:50+02:00 HAL9000 kwin_wayland[2468]: KXLGEO1 {"k":"win","s":0,"id":"{89b38cc9-014d-4323-ae5d-4c07d535682f}","cls":"plasmashell","caption":"<Titel entfernt>","output":"DP-3","desktops":[],"activities":[],"onAllDesktops":true,"geo":{"x":0,"y":0,"w":1920,"h":1080,"exakt":true},"min":{"w":0,"h":0},"max":{"w":2147483647,"h":2147483647},"fullScreen":false,"minimized":false,"maximizeMode":0,"moveable":false,"resizeable":false,"move":false,"resize":false,"managed":true,"deleted":false,"normalWindow":false,"specialWindow":true,"popupWindow":false,"dialog":false,"utility":false,"splash":false,"dock":false,"transient":false,"modal":false,"transientFor":null,"r":1788721370334,"n":4,"ms":1}
2026-09-06T21:02:50+02:00 HAL9000 kwin_wayland[2468]: KXLGEO1 {"k":"win","s":0,"id":"{2a15acd8-fb85-4dbe-b1e1-052a1352b6f3}","cls":"plasmashell","caption":"<Titel entfernt>","output":"DP-3","desktops":[],"activities":[],"onAllDesktops":true,"geo":{"x":0,"y":1050,"w":1920,"h":30,"exakt":true},"min":{"w":0,"h":0},"max":{"w":2147483647,"h":2147483647},"fullScreen":false,"minimized":false,"maximizeMode":0,"moveable":false,"resizeable":false,"move":false,"resize":false,"managed":true,"deleted":false,"normalWindow":false,"specialWindow":true,"popupWindow":false,"dialog":false,"utility":false,"splash":false,"dock":true,"transient":false,"modal":false,"transientFor":null,"r":1788721370334,"n":5,"ms":1}
2026-09-06T21:02:50+02:00 HAL9000 kwin_wayland[2468]: KXLGEO1 {"k":"win","s":0,"id":"{68c8c0bd-e77e-4ce2-a24c-d370d686cb75}","cls":"plasmashell","caption":"<Titel entfernt>","output":"eDP-1","desktops":[],"activities":[],"onAllDesktops":true,"geo":{"x":1920,"y":0,"w":1920,"h":1080,"exakt":true},"min":{"w":0,"h":0},"max":{"w":2147483647,"h":2147483647},"fullScreen":false,"minimized":false,"maximizeMode":0,"moveable":false,"resizeable":false,"move":false,"resize":false,"managed":true,"deleted":false,"normalWindow":false,"specialWindow":true,"popupWindow":false,"dialog":false,"utility":false,"splash":false,"dock":false,"transient":false,"modal":false,"transientFor":null,"r":1788721370334,"n":6,"ms":1}
2026-09-06T21:02:50+02:00 HAL9000 kwin_wayland[2468]: KXLGEO1 {"k":"win","s":0,"id":"{28bdcf93-d890-4900-92bc-8851b8097194}","cls":"org.kde.kwrite","caption":"kxl-a1.txt — KWrite","output":"DP-3","desktops":["89539ae6-e06b-4c76-a057-95df959578a9"],"activities":["a89f5ec2-ab8e-4108-8088-7118500a3aab"],"onAllDesktops":false,"geo":{"x":1056,"y":0,"w":864,"h":525,"exakt":true},"min":{"w":157,"h":150},"max":{"w":2147483647,"h":2147483647},"fullScreen":false,"minimized":false,"maximizeMode":0,"moveable":true,"resizeable":true,"move":false,"resize":false,"managed":true,"deleted":false,"normalWindow":true,"specialWindow":false,"popupWindow":false,"dialog":false,"utility":false,"splash":false,"dock":false,"transient":false,"modal":false,"transientFor":null,"r":1788721370334,"n":7,"ms":1}
2026-09-06T21:02:50+02:00 HAL9000 kwin_wayland[2468]: KXLGEO1 {"k":"win","s":0,"id":"{38b7d072-075b-409d-8a6f-014d9c819ff5}","cls":"org.kde.kwrite","caption":"kxl-a2.txt — KWrite","output":"DP-3","desktops":["89539ae6-e06b-4c76-a057-95df959578a9"],"activities":["a89f5ec2-ab8e-4108-8088-7118500a3aab"],"onAllDesktops":false,"geo":{"x":1056,"y":525,"w":864,"h":525,"exakt":true},"min":{"w":157,"h":150},"max":{"w":2147483647,"h":2147483647},"fullScreen":false,"minimized":false,"maximizeMode":0,"moveable":true,"resizeable":true,"move":false,"resize":false,"managed":true,"deleted":false,"normalWindow":true,"specialWindow":false,"popupWindow":false,"dialog":false,"utility":false,"splash":false,"dock":false,"transient":false,"modal":false,"transientFor":null,"r":1788721370334,"n":8,"ms":1}
2026-09-06T21:02:50+02:00 HAL9000 kwin_wayland[2468]: KXLGEO1 {"k":"win","s":0,"id":"{28cf93d9-18fe-460f-99bf-07a714706ddd}","cls":"org.kde.kwrite","caption":"kxl-a3.txt — KWrite","output":"DP-3","desktops":["89539ae6-e06b-4c76-a057-95df959578a9"],"activities":["a89f5ec2-ab8e-4108-8088-7118500a3aab"],"onAllDesktops":false,"geo":{"x":0,"y":0,"w":1056,"h":1050,"exakt":true},"min":{"w":157,"h":150},"max":{"w":2147483647,"h":2147483647},"fullScreen":false,"minimized":false,"maximizeMode":0,"moveable":true,"resizeable":true,"move":false,"resize":false,"managed":true,"deleted":false,"normalWindow":true,"specialWindow":false,"popupWindow":false,"dialog":false,"utility":false,"splash":false,"dock":false,"transient":false,"modal":false,"transientFor":null,"r":1788721370334,"n":9,"ms":1}
2026-09-06T21:02:50+02:00 HAL9000 kwin_wayland[2468]: KXLGEO1 {"k":"win","s":0,"id":"{9cea3fcd-22eb-447b-a180-9096201dc0af}","cls":"org.kde.kwrite","caption":"kxl-b1.txt — KWrite","output":"eDP-1","desktops":["89539ae6-e06b-4c76-a057-95df959578a9"],"activities":["a89f5ec2-ab8e-4108-8088-7118500a3aab"],"onAllDesktops":false,"geo":{"x":3072,"y":0,"w":768,"h":1080,"exakt":true},"min":{"w":157,"h":150},"max":{"w":2147483647,"h":2147483647},"fullScreen":false,"minimized":false,"maximizeMode":0,"moveable":true,"resizeable":true,"move":false,"resize":false,"managed":true,"deleted":false,"normalWindow":true,"specialWindow":false,"popupWindow":false,"dialog":false,"utility":false,"splash":false,"dock":false,"transient":false,"modal":false,"transientFor":null,"r":1788721370334,"n":10,"ms":1}
2026-09-06T21:02:50+02:00 HAL9000 kwin_wayland[2468]: KXLGEO1 {"k":"win","s":0,"id":"{36c69109-99f8-4079-9fb7-02567acde176}","cls":"org.kde.kwrite","caption":"kxl-b3.txt — KWrite","output":"eDP-1","desktops":["89539ae6-e06b-4c76-a057-95df959578a9"],"activities":["a89f5ec2-ab8e-4108-8088-7118500a3aab"],"onAllDesktops":false,"geo":{"x":1920,"y":0,"w":1920,"h":1080,"exakt":true},"min":{"w":157,"h":150},"max":{"w":2147483647,"h":2147483647},"fullScreen":false,"minimized":false,"maximizeMode":3,"moveable":true,"resizeable":true,"move":false,"resize":false,"managed":true,"deleted":false,"normalWindow":true,"specialWindow":false,"popupWindow":false,"dialog":false,"utility":false,"splash":false,"dock":false,"transient":false,"modal":false,"transientFor":null,"r":1788721370334,"n":11,"ms":1}
2026-09-06T21:02:50+02:00 HAL9000 kwin_wayland[2468]: KXLGEO1 {"k":"win","s":0,"id":"{d748ac35-9960-4cef-bb7c-f3de0dbc346c}","cls":"org.kde.kwrite","caption":"kxl-b4.txt — KWrite","output":"eDP-1","desktops":["89539ae6-e06b-4c76-a057-95df959578a9"],"activities":["a89f5ec2-ab8e-4108-8088-7118500a3aab"],"onAllDesktops":false,"geo":{"x":1920,"y":0,"w":1152,"h":1080,"exakt":true},"min":{"w":157,"h":150},"max":{"w":2147483647,"h":2147483647},"fullScreen":false,"minimized":false,"maximizeMode":0,"moveable":true,"resizeable":true,"move":false,"resize":false,"managed":true,"deleted":false,"normalWindow":true,"specialWindow":false,"popupWindow":false,"dialog":false,"utility":false,"splash":false,"dock":false,"transient":false,"modal":false,"transientFor":null,"r":1788721370334,"n":12,"ms":1}
2026-09-06T21:02:50+02:00 HAL9000 kwin_wayland[2468]: KXLGEO1 {"k":"win","s":0,"id":"{6429d239-a71f-4c42-99ae-997dffa005d9}","cls":"org.kde.kwrite","caption":"kxl-d21.txt — KWrite","output":"DP-3","desktops":["b7798180-564c-4f75-ad4a-284026ac7a68"],"activities":["a89f5ec2-ab8e-4108-8088-7118500a3aab"],"onAllDesktops":false,"geo":{"x":0,"y":0,"w":1920,"h":1050,"exakt":true},"min":{"w":157,"h":150},"max":{"w":2147483647,"h":2147483647},"fullScreen":false,"minimized":false,"maximizeMode":0,"moveable":true,"resizeable":true,"move":false,"resize":false,"managed":true,"deleted":false,"normalWindow":true,"specialWindow":false,"popupWindow":false,"dialog":false,"utility":false,"splash":false,"dock":false,"transient":false,"modal":false,"transientFor":null,"r":1788721370334,"n":13,"ms":1}
2026-09-06T21:02:50+02:00 HAL9000 kwin_wayland[2468]: KXLGEO1 {"k":"win","s":0,"id":"{6807996b-8211-4590-9d4c-def50215de55}","cls":"org.kde.kwrite","caption":"kxl-d22.txt — KWrite","output":"DP-3","desktops":["b7798180-564c-4f75-ad4a-284026ac7a68"],"activities":["a89f5ec2-ab8e-4108-8088-7118500a3aab"],"onAllDesktops":false,"geo":{"x":0,"y":0,"w":1920,"h":1050,"exakt":true},"min":{"w":157,"h":150},"max":{"w":2147483647,"h":2147483647},"fullScreen":false,"minimized":false,"maximizeMode":0,"moveable":true,"resizeable":true,"move":false,"resize":false,"managed":true,"deleted":false,"normalWindow":true,"specialWindow":false,"popupWindow":false,"dialog":false,"utility":false,"splash":false,"dock":false,"transient":false,"modal":false,"transientFor":null,"r":1788721370334,"n":14,"ms":2}
2026-09-06T21:02:50+02:00 HAL9000 kwin_wayland[2468]: KXLGEO1 {"k":"win","s":0,"id":"{af7bd51b-f458-4016-8526-a9a42550dd51}","cls":"org.kde.kwrite","caption":"kxl-d31.txt — KWrite","output":"DP-3","desktops":["30c27d93-fa7d-452a-ad6a-53201edcdca1"],"activities":["a89f5ec2-ab8e-4108-8088-7118500a3aab"],"onAllDesktops":false,"geo":{"x":1248,"y":0,"w":672,"h":1050,"exakt":true},"min":{"w":157,"h":150},"max":{"w":2147483647,"h":2147483647},"fullScreen":false,"minimized":false,"maximizeMode":0,"moveable":true,"resizeable":true,"move":false,"resize":false,"managed":true,"deleted":false,"normalWindow":true,"specialWindow":false,"popupWindow":false,"dialog":false,"utility":false,"splash":false,"dock":false,"transient":false,"modal":false,"transientFor":null,"r":1788721370334,"n":15,"ms":2}
2026-09-06T21:02:50+02:00 HAL9000 kwin_wayland[2468]: KXLGEO1 {"k":"win","s":0,"id":"{dc4fa1c7-cc6b-4528-90a0-34a5d748b78f}","cls":"org.kde.kwrite","caption":"kxl-d32.txt — KWrite","output":"DP-3","desktops":["30c27d93-fa7d-452a-ad6a-53201edcdca1"],"activities":["a89f5ec2-ab8e-4108-8088-7118500a3aab"],"onAllDesktops":false,"geo":{"x":0,"y":0,"w":1248,"h":1050,"exakt":true},"min":{"w":157,"h":150},"max":{"w":2147483647,"h":2147483647},"fullScreen":false,"minimized":false,"maximizeMode":0,"moveable":true,"resizeable":true,"move":false,"resize":false,"managed":true,"deleted":false,"normalWindow":true,"specialWindow":false,"popupWindow":false,"dialog":false,"utility":false,"splash":false,"dock":false,"transient":false,"modal":false,"transientFor":null,"r":1788721370334,"n":16,"ms":2}
2026-09-06T21:02:50+02:00 HAL9000 kwin_wayland[2468]: KXLGEO1 {"k":"win","s":0,"id":"{5106216a-d6a8-46df-ae71-19a0498a83df}","cls":"org.kde.kwrite","caption":"kxl-d41.txt — KWrite","output":"DP-3","desktops":["eb859906-5dd5-4314-92bc-4f3cc1582e4f"],"activities":["a89f5ec2-ab8e-4108-8088-7118500a3aab"],"onAllDesktops":false,"geo":{"x":0,"y":0,"w":1248,"h":1050,"exakt":true},"min":{"w":157,"h":150},"max":{"w":2147483647,"h":2147483647},"fullScreen":false,"minimized":false,"maximizeMode":0,"moveable":true,"resizeable":true,"move":false,"resize":false,"managed":true,"deleted":false,"normalWindow":true,"specialWindow":false,"popupWindow":false,"dialog":false,"utility":false,"splash":false,"dock":false,"transient":false,"modal":false,"transientFor":null,"r":1788721370334,"n":17,"ms":2}
2026-09-06T21:02:50+02:00 HAL9000 kwin_wayland[2468]: KXLGEO1 {"k":"win","s":0,"id":"{3bc4464c-005f-4813-929d-0443aa63eb2f}","cls":"org.kde.kwrite","caption":"kxl-d42.txt — KWrite","output":"DP-3","desktops":["eb859906-5dd5-4314-92bc-4f3cc1582e4f"],"activities":["a89f5ec2-ab8e-4108-8088-7118500a3aab"],"onAllDesktops":false,"geo":{"x":1248,"y":0,"w":672,"h":1050,"exakt":true},"min":{"w":157,"h":150},"max":{"w":2147483647,"h":2147483647},"fullScreen":false,"minimized":false,"maximizeMode":0,"moveable":true,"resizeable":true,"move":false,"resize":false,"managed":true,"deleted":false,"normalWindow":true,"specialWindow":false,"popupWindow":false,"dialog":false,"utility":false,"splash":false,"dock":false,"transient":false,"modal":false,"transientFor":null,"r":1788721370334,"n":18,"ms":2}
2026-09-06T21:02:50+02:00 HAL9000 kwin_wayland[2468]: KXLGEO1 {"k":"win","s":0,"id":"{b5199d7e-ca1d-4451-bf04-426469b8e468}","cls":"org.kde.kwrite","caption":"kxl-all.txt — KWrite","output":"DP-3","desktops":[],"activities":["a89f5ec2-ab8e-4108-8088-7118500a3aab"],"onAllDesktops":true,"geo":{"x":0,"y":0,"w":1920,"h":1050,"exakt":true},"min":{"w":157,"h":150},"max":{"w":2147483647,"h":2147483647},"fullScreen":false,"minimized":false,"maximizeMode":3,"moveable":true,"resizeable":true,"move":false,"resize":false,"managed":true,"deleted":false,"normalWindow":true,"specialWindow":false,"popupWindow":false,"dialog":false,"utility":false,"splash":false,"dock":false,"transient":false,"modal":false,"transientFor":null,"r":1788721370334,"n":19,"ms":2}
2026-09-06T21:02:50+02:00 HAL9000 kwin_wayland[2468]: KXLGEO1 {"k":"win","s":0,"id":"{7deb080f-2ee6-46e0-a25e-b4a8dee92de8}","cls":"org.kde.kwrite","caption":"kxl-last-18352.txt — KWrite","output":"eDP-1","desktops":["b7798180-564c-4f75-ad4a-284026ac7a68"],"activities":["a89f5ec2-ab8e-4108-8088-7118500a3aab"],"onAllDesktops":false,"geo":{"x":1920,"y":0,"w":1920,"h":1080,"exakt":true},"min":{"w":157,"h":150},"max":{"w":2147483647,"h":2147483647},"fullScreen":false,"minimized":false,"maximizeMode":0,"moveable":true,"resizeable":true,"move":false,"resize":false,"managed":true,"deleted":false,"normalWindow":true,"specialWindow":false,"popupWindow":false,"dialog":false,"utility":false,"splash":false,"dock":false,"transient":false,"modal":false,"transientFor":null,"r":1788721370334,"n":20,"ms":2}
2026-09-06T21:02:50+02:00 HAL9000 kwin_wayland[2468]: KXLGEO1 {"k":"win","s":0,"id":"{95d94738-1f4d-42da-af83-d4e84644bf70}","cls":"org.kde.kwrite","caption":"kxl-last-28902.txt — KWrite","output":"eDP-1","desktops":["b7798180-564c-4f75-ad4a-284026ac7a68"],"activities":["a89f5ec2-ab8e-4108-8088-7118500a3aab"],"onAllDesktops":false,"geo":{"x":1920,"y":0,"w":1920,"h":1080,"exakt":true},"min":{"w":157,"h":150},"max":{"w":2147483647,"h":2147483647},"fullScreen":false,"minimized":false,"maximizeMode":3,"moveable":true,"resizeable":true,"move":false,"resize":false,"managed":true,"deleted":false,"normalWindow":true,"specialWindow":false,"popupWindow":false,"dialog":false,"utility":false,"splash":false,"dock":false,"transient":false,"modal":false,"transientFor":null,"r":1788721370334,"n":21,"ms":2}
2026-09-06T21:02:50+02:00 HAL9000 kwin_wayland[2468]: KXLGEO1 {"k":"view","s":1,"key":"a89f5ec2-ab8e-4108-8088-7118500a3aab|30c27d93-fa7d-452a-ad6a-53201edcdca1|eDP-1","activity":"a89f5ec2-ab8e-4108-8088-7118500a3aab","desktop":"30c27d93-fa7d-452a-ad6a-53201edcdca1","output":"eDP-1","area":{"x":1920,"y":0,"w":1920,"h":1080,"exakt":true},"r":1788721370334,"n":22,"ms":477}
2026-09-06T21:02:50+02:00 HAL9000 kwin_wayland[2468]: KXLGEO1 {"k":"view","s":1,"key":"a89f5ec2-ab8e-4108-8088-7118500a3aab|30c27d93-fa7d-452a-ad6a-53201edcdca1|DP-3","activity":"a89f5ec2-ab8e-4108-8088-7118500a3aab","desktop":"30c27d93-fa7d-452a-ad6a-53201edcdca1","output":"DP-3","area":{"x":0,"y":0,"w":1920,"h":1050,"exakt":true},"r":1788721370334,"n":23,"ms":478}
2026-09-06T21:02:50+02:00 HAL9000 kwin_wayland[2468]: KXLGEO1 {"k":"active","s":1,"activeId":"{af7bd51b-f458-4016-8526-a9a42550dd51}","r":1788721370334,"n":24,"ms":478}
2026-09-06T21:02:50+02:00 HAL9000 kwin_wayland[2468]: KXLGEO1 {"k":"win","s":1,"id":"{89b38cc9-014d-4323-ae5d-4c07d535682f}","cls":"plasmashell","caption":"<Titel entfernt>","output":"DP-3","desktops":[],"activities":[],"onAllDesktops":true,"geo":{"x":0,"y":0,"w":1920,"h":1080,"exakt":true},"min":{"w":0,"h":0},"max":{"w":2147483647,"h":2147483647},"fullScreen":false,"minimized":false,"maximizeMode":0,"moveable":false,"resizeable":false,"move":false,"resize":false,"managed":true,"deleted":false,"normalWindow":false,"specialWindow":true,"popupWindow":false,"dialog":false,"utility":false,"splash":false,"dock":false,"transient":false,"modal":false,"transientFor":null,"r":1788721370334,"n":25,"ms":478}
2026-09-06T21:02:50+02:00 HAL9000 kwin_wayland[2468]: KXLGEO1 {"k":"win","s":1,"id":"{2a15acd8-fb85-4dbe-b1e1-052a1352b6f3}","cls":"plasmashell","caption":"<Titel entfernt>","output":"DP-3","desktops":[],"activities":[],"onAllDesktops":true,"geo":{"x":0,"y":1050,"w":1920,"h":30,"exakt":true},"min":{"w":0,"h":0},"max":{"w":2147483647,"h":2147483647},"fullScreen":false,"minimized":false,"maximizeMode":0,"moveable":false,"resizeable":false,"move":false,"resize":false,"managed":true,"deleted":false,"normalWindow":false,"specialWindow":true,"popupWindow":false,"dialog":false,"utility":false,"splash":false,"dock":true,"transient":false,"modal":false,"transientFor":null,"r":1788721370334,"n":26,"ms":479}
2026-09-06T21:02:50+02:00 HAL9000 kwin_wayland[2468]: KXLGEO1 {"k":"win","s":1,"id":"{68c8c0bd-e77e-4ce2-a24c-d370d686cb75}","cls":"plasmashell","caption":"<Titel entfernt>","output":"eDP-1","desktops":[],"activities":[],"onAllDesktops":true,"geo":{"x":1920,"y":0,"w":1920,"h":1080,"exakt":true},"min":{"w":0,"h":0},"max":{"w":2147483647,"h":2147483647},"fullScreen":false,"minimized":false,"maximizeMode":0,"moveable":false,"resizeable":false,"move":false,"resize":false,"managed":true,"deleted":false,"normalWindow":false,"specialWindow":true,"popupWindow":false,"dialog":false,"utility":false,"splash":false,"dock":false,"transient":false,"modal":false,"transientFor":null,"r":1788721370334,"n":27,"ms":479}
2026-09-06T21:02:50+02:00 HAL9000 kwin_wayland[2468]: KXLGEO1 {"k":"win","s":1,"id":"{28bdcf93-d890-4900-92bc-8851b8097194}","cls":"org.kde.kwrite","caption":"kxl-a1.txt — KWrite","output":"DP-3","desktops":["89539ae6-e06b-4c76-a057-95df959578a9"],"activities":["a89f5ec2-ab8e-4108-8088-7118500a3aab"],"onAllDesktops":false,"geo":{"x":1056,"y":0,"w":864,"h":525,"exakt":true},"min":{"w":157,"h":150},"max":{"w":2147483647,"h":2147483647},"fullScreen":false,"minimized":false,"maximizeMode":0,"moveable":true,"resizeable":true,"move":false,"resize":false,"managed":true,"deleted":false,"normalWindow":true,"specialWindow":false,"popupWindow":false,"dialog":false,"utility":false,"splash":false,"dock":false,"transient":false,"modal":false,"transientFor":null,"r":1788721370334,"n":28,"ms":479}
2026-09-06T21:02:50+02:00 HAL9000 kwin_wayland[2468]: KXLGEO1 {"k":"win","s":1,"id":"{38b7d072-075b-409d-8a6f-014d9c819ff5}","cls":"org.kde.kwrite","caption":"kxl-a2.txt — KWrite","output":"DP-3","desktops":["89539ae6-e06b-4c76-a057-95df959578a9"],"activities":["a89f5ec2-ab8e-4108-8088-7118500a3aab"],"onAllDesktops":false,"geo":{"x":1056,"y":525,"w":864,"h":525,"exakt":true},"min":{"w":157,"h":150},"max":{"w":2147483647,"h":2147483647},"fullScreen":false,"minimized":false,"maximizeMode":0,"moveable":true,"resizeable":true,"move":false,"resize":false,"managed":true,"deleted":false,"normalWindow":true,"specialWindow":false,"popupWindow":false,"dialog":false,"utility":false,"splash":false,"dock":false,"transient":false,"modal":false,"transientFor":null,"r":1788721370334,"n":29,"ms":479}
2026-09-06T21:02:50+02:00 HAL9000 kwin_wayland[2468]: KXLGEO1 {"k":"win","s":1,"id":"{28cf93d9-18fe-460f-99bf-07a714706ddd}","cls":"org.kde.kwrite","caption":"kxl-a3.txt — KWrite","output":"DP-3","desktops":["89539ae6-e06b-4c76-a057-95df959578a9"],"activities":["a89f5ec2-ab8e-4108-8088-7118500a3aab"],"onAllDesktops":false,"geo":{"x":0,"y":0,"w":1056,"h":1050,"exakt":true},"min":{"w":157,"h":150},"max":{"w":2147483647,"h":2147483647},"fullScreen":false,"minimized":false,"maximizeMode":0,"moveable":true,"resizeable":true,"move":false,"resize":false,"managed":true,"deleted":false,"normalWindow":true,"specialWindow":false,"popupWindow":false,"dialog":false,"utility":false,"splash":false,"dock":false,"transient":false,"modal":false,"transientFor":null,"r":1788721370334,"n":30,"ms":480}
2026-09-06T21:02:50+02:00 HAL9000 kwin_wayland[2468]: KXLGEO1 {"k":"win","s":1,"id":"{9cea3fcd-22eb-447b-a180-9096201dc0af}","cls":"org.kde.kwrite","caption":"kxl-b1.txt — KWrite","output":"eDP-1","desktops":["89539ae6-e06b-4c76-a057-95df959578a9"],"activities":["a89f5ec2-ab8e-4108-8088-7118500a3aab"],"onAllDesktops":false,"geo":{"x":3072,"y":0,"w":768,"h":1080,"exakt":true},"min":{"w":157,"h":150},"max":{"w":2147483647,"h":2147483647},"fullScreen":false,"minimized":false,"maximizeMode":0,"moveable":true,"resizeable":true,"move":false,"resize":false,"managed":true,"deleted":false,"normalWindow":true,"specialWindow":false,"popupWindow":false,"dialog":false,"utility":false,"splash":false,"dock":false,"transient":false,"modal":false,"transientFor":null,"r":1788721370334,"n":31,"ms":480}
2026-09-06T21:02:50+02:00 HAL9000 kwin_wayland[2468]: KXLGEO1 {"k":"win","s":1,"id":"{36c69109-99f8-4079-9fb7-02567acde176}","cls":"org.kde.kwrite","caption":"kxl-b3.txt — KWrite","output":"eDP-1","desktops":["89539ae6-e06b-4c76-a057-95df959578a9"],"activities":["a89f5ec2-ab8e-4108-8088-7118500a3aab"],"onAllDesktops":false,"geo":{"x":1920,"y":0,"w":1920,"h":1080,"exakt":true},"min":{"w":157,"h":150},"max":{"w":2147483647,"h":2147483647},"fullScreen":false,"minimized":false,"maximizeMode":3,"moveable":true,"resizeable":true,"move":false,"resize":false,"managed":true,"deleted":false,"normalWindow":true,"specialWindow":false,"popupWindow":false,"dialog":false,"utility":false,"splash":false,"dock":false,"transient":false,"modal":false,"transientFor":null,"r":1788721370334,"n":32,"ms":480}
2026-09-06T21:02:50+02:00 HAL9000 kwin_wayland[2468]: KXLGEO1 {"k":"win","s":1,"id":"{d748ac35-9960-4cef-bb7c-f3de0dbc346c}","cls":"org.kde.kwrite","caption":"kxl-b4.txt — KWrite","output":"eDP-1","desktops":["89539ae6-e06b-4c76-a057-95df959578a9"],"activities":["a89f5ec2-ab8e-4108-8088-7118500a3aab"],"onAllDesktops":false,"geo":{"x":1920,"y":0,"w":1152,"h":1080,"exakt":true},"min":{"w":157,"h":150},"max":{"w":2147483647,"h":2147483647},"fullScreen":false,"minimized":false,"maximizeMode":0,"moveable":true,"resizeable":true,"move":false,"resize":false,"managed":true,"deleted":false,"normalWindow":true,"specialWindow":false,"popupWindow":false,"dialog":false,"utility":false,"splash":false,"dock":false,"transient":false,"modal":false,"transientFor":null,"r":1788721370334,"n":33,"ms":480}
2026-09-06T21:02:50+02:00 HAL9000 kwin_wayland[2468]: KXLGEO1 {"k":"win","s":1,"id":"{6429d239-a71f-4c42-99ae-997dffa005d9}","cls":"org.kde.kwrite","caption":"kxl-d21.txt — KWrite","output":"DP-3","desktops":["b7798180-564c-4f75-ad4a-284026ac7a68"],"activities":["a89f5ec2-ab8e-4108-8088-7118500a3aab"],"onAllDesktops":false,"geo":{"x":0,"y":0,"w":1920,"h":1050,"exakt":true},"min":{"w":157,"h":150},"max":{"w":2147483647,"h":2147483647},"fullScreen":false,"minimized":false,"maximizeMode":0,"moveable":true,"resizeable":true,"move":false,"resize":false,"managed":true,"deleted":false,"normalWindow":true,"specialWindow":false,"popupWindow":false,"dialog":false,"utility":false,"splash":false,"dock":false,"transient":false,"modal":false,"transientFor":null,"r":1788721370334,"n":34,"ms":481}
2026-09-06T21:02:50+02:00 HAL9000 kwin_wayland[2468]: KXLGEO1 {"k":"win","s":1,"id":"{6807996b-8211-4590-9d4c-def50215de55}","cls":"org.kde.kwrite","caption":"kxl-d22.txt — KWrite","output":"DP-3","desktops":["b7798180-564c-4f75-ad4a-284026ac7a68"],"activities":["a89f5ec2-ab8e-4108-8088-7118500a3aab"],"onAllDesktops":false,"geo":{"x":0,"y":0,"w":1920,"h":1050,"exakt":true},"min":{"w":157,"h":150},"max":{"w":2147483647,"h":2147483647},"fullScreen":false,"minimized":false,"maximizeMode":0,"moveable":true,"resizeable":true,"move":false,"resize":false,"managed":true,"deleted":false,"normalWindow":true,"specialWindow":false,"popupWindow":false,"dialog":false,"utility":false,"splash":false,"dock":false,"transient":false,"modal":false,"transientFor":null,"r":1788721370334,"n":35,"ms":481}
2026-09-06T21:02:50+02:00 HAL9000 kwin_wayland[2468]: KXLGEO1 {"k":"win","s":1,"id":"{af7bd51b-f458-4016-8526-a9a42550dd51}","cls":"org.kde.kwrite","caption":"kxl-d31.txt — KWrite","output":"DP-3","desktops":["30c27d93-fa7d-452a-ad6a-53201edcdca1"],"activities":["a89f5ec2-ab8e-4108-8088-7118500a3aab"],"onAllDesktops":false,"geo":{"x":1248,"y":0,"w":672,"h":1050,"exakt":true},"min":{"w":157,"h":150},"max":{"w":2147483647,"h":2147483647},"fullScreen":false,"minimized":false,"maximizeMode":0,"moveable":true,"resizeable":true,"move":false,"resize":false,"managed":true,"deleted":false,"normalWindow":true,"specialWindow":false,"popupWindow":false,"dialog":false,"utility":false,"splash":false,"dock":false,"transient":false,"modal":false,"transientFor":null,"r":1788721370334,"n":36,"ms":481}
2026-09-06T21:02:50+02:00 HAL9000 kwin_wayland[2468]: KXLGEO1 {"k":"win","s":1,"id":"{dc4fa1c7-cc6b-4528-90a0-34a5d748b78f}","cls":"org.kde.kwrite","caption":"kxl-d32.txt — KWrite","output":"DP-3","desktops":["30c27d93-fa7d-452a-ad6a-53201edcdca1"],"activities":["a89f5ec2-ab8e-4108-8088-7118500a3aab"],"onAllDesktops":false,"geo":{"x":0,"y":0,"w":1248,"h":1050,"exakt":true},"min":{"w":157,"h":150},"max":{"w":2147483647,"h":2147483647},"fullScreen":false,"minimized":false,"maximizeMode":0,"moveable":true,"resizeable":true,"move":false,"resize":false,"managed":true,"deleted":false,"normalWindow":true,"specialWindow":false,"popupWindow":false,"dialog":false,"utility":false,"splash":false,"dock":false,"transient":false,"modal":false,"transientFor":null,"r":1788721370334,"n":37,"ms":482}
2026-09-06T21:02:50+02:00 HAL9000 kwin_wayland[2468]: KXLGEO1 {"k":"win","s":1,"id":"{5106216a-d6a8-46df-ae71-19a0498a83df}","cls":"org.kde.kwrite","caption":"kxl-d41.txt — KWrite","output":"DP-3","desktops":["eb859906-5dd5-4314-92bc-4f3cc1582e4f"],"activities":["a89f5ec2-ab8e-4108-8088-7118500a3aab"],"onAllDesktops":false,"geo":{"x":0,"y":0,"w":1248,"h":1050,"exakt":true},"min":{"w":157,"h":150},"max":{"w":2147483647,"h":2147483647},"fullScreen":false,"minimized":false,"maximizeMode":0,"moveable":true,"resizeable":true,"move":false,"resize":false,"managed":true,"deleted":false,"normalWindow":true,"specialWindow":false,"popupWindow":false,"dialog":false,"utility":false,"splash":false,"dock":false,"transient":false,"modal":false,"transientFor":null,"r":1788721370334,"n":38,"ms":482}
2026-09-06T21:02:50+02:00 HAL9000 kwin_wayland[2468]: KXLGEO1 {"k":"win","s":1,"id":"{3bc4464c-005f-4813-929d-0443aa63eb2f}","cls":"org.kde.kwrite","caption":"kxl-d42.txt — KWrite","output":"DP-3","desktops":["eb859906-5dd5-4314-92bc-4f3cc1582e4f"],"activities":["a89f5ec2-ab8e-4108-8088-7118500a3aab"],"onAllDesktops":false,"geo":{"x":1248,"y":0,"w":672,"h":1050,"exakt":true},"min":{"w":157,"h":150},"max":{"w":2147483647,"h":2147483647},"fullScreen":false,"minimized":false,"maximizeMode":0,"moveable":true,"resizeable":true,"move":false,"resize":false,"managed":true,"deleted":false,"normalWindow":true,"specialWindow":false,"popupWindow":false,"dialog":false,"utility":false,"splash":false,"dock":false,"transient":false,"modal":false,"transientFor":null,"r":1788721370334,"n":39,"ms":482}
2026-09-06T21:02:50+02:00 HAL9000 kwin_wayland[2468]: KXLGEO1 {"k":"win","s":1,"id":"{b5199d7e-ca1d-4451-bf04-426469b8e468}","cls":"org.kde.kwrite","caption":"kxl-all.txt — KWrite","output":"DP-3","desktops":[],"activities":["a89f5ec2-ab8e-4108-8088-7118500a3aab"],"onAllDesktops":true,"geo":{"x":0,"y":0,"w":1920,"h":1050,"exakt":true},"min":{"w":157,"h":150},"max":{"w":2147483647,"h":2147483647},"fullScreen":false,"minimized":false,"maximizeMode":3,"moveable":true,"resizeable":true,"move":false,"resize":false,"managed":true,"deleted":false,"normalWindow":true,"specialWindow":false,"popupWindow":false,"dialog":false,"utility":false,"splash":false,"dock":false,"transient":false,"modal":false,"transientFor":null,"r":1788721370334,"n":40,"ms":482}
2026-09-06T21:02:50+02:00 HAL9000 kwin_wayland[2468]: KXLGEO1 {"k":"win","s":1,"id":"{7deb080f-2ee6-46e0-a25e-b4a8dee92de8}","cls":"org.kde.kwrite","caption":"kxl-last-18352.txt — KWrite","output":"eDP-1","desktops":["b7798180-564c-4f75-ad4a-284026ac7a68"],"activities":["a89f5ec2-ab8e-4108-8088-7118500a3aab"],"onAllDesktops":false,"geo":{"x":1920,"y":0,"w":1920,"h":1080,"exakt":true},"min":{"w":157,"h":150},"max":{"w":2147483647,"h":2147483647},"fullScreen":false,"minimized":false,"maximizeMode":0,"moveable":true,"resizeable":true,"move":false,"resize":false,"managed":true,"deleted":false,"normalWindow":true,"specialWindow":false,"popupWindow":false,"dialog":false,"utility":false,"splash":false,"dock":false,"transient":false,"modal":false,"transientFor":null,"r":1788721370334,"n":41,"ms":483}
2026-09-06T21:02:50+02:00 HAL9000 kwin_wayland[2468]: KXLGEO1 {"k":"win","s":1,"id":"{95d94738-1f4d-42da-af83-d4e84644bf70}","cls":"org.kde.kwrite","caption":"kxl-last-28902.txt — KWrite","output":"eDP-1","desktops":["b7798180-564c-4f75-ad4a-284026ac7a68"],"activities":["a89f5ec2-ab8e-4108-8088-7118500a3aab"],"onAllDesktops":false,"geo":{"x":1920,"y":0,"w":1920,"h":1080,"exakt":true},"min":{"w":157,"h":150},"max":{"w":2147483647,"h":2147483647},"fullScreen":false,"minimized":false,"maximizeMode":3,"moveable":true,"resizeable":true,"move":false,"resize":false,"managed":true,"deleted":false,"normalWindow":true,"specialWindow":false,"popupWindow":false,"dialog":false,"utility":false,"splash":false,"dock":false,"transient":false,"modal":false,"transientFor":null,"r":1788721370334,"n":42,"ms":483}
2026-09-06T21:02:51+02:00 HAL9000 kwin_wayland[2468]: KXLGEO1 {"k":"view","s":2,"key":"a89f5ec2-ab8e-4108-8088-7118500a3aab|30c27d93-fa7d-452a-ad6a-53201edcdca1|eDP-1","activity":"a89f5ec2-ab8e-4108-8088-7118500a3aab","desktop":"30c27d93-fa7d-452a-ad6a-53201edcdca1","output":"eDP-1","area":{"x":1920,"y":0,"w":1920,"h":1080,"exakt":true},"r":1788721370334,"n":43,"ms":1428}
2026-09-06T21:02:51+02:00 HAL9000 kwin_wayland[2468]: KXLGEO1 {"k":"view","s":2,"key":"a89f5ec2-ab8e-4108-8088-7118500a3aab|30c27d93-fa7d-452a-ad6a-53201edcdca1|DP-3","activity":"a89f5ec2-ab8e-4108-8088-7118500a3aab","desktop":"30c27d93-fa7d-452a-ad6a-53201edcdca1","output":"DP-3","area":{"x":0,"y":0,"w":1920,"h":1050,"exakt":true},"r":1788721370334,"n":44,"ms":1428}
2026-09-06T21:02:51+02:00 HAL9000 kwin_wayland[2468]: KXLGEO1 {"k":"active","s":2,"activeId":"{af7bd51b-f458-4016-8526-a9a42550dd51}","r":1788721370334,"n":45,"ms":1428}
2026-09-06T21:02:51+02:00 HAL9000 kwin_wayland[2468]: KXLGEO1 {"k":"win","s":2,"id":"{89b38cc9-014d-4323-ae5d-4c07d535682f}","cls":"plasmashell","caption":"<Titel entfernt>","output":"DP-3","desktops":[],"activities":[],"onAllDesktops":true,"geo":{"x":0,"y":0,"w":1920,"h":1080,"exakt":true},"min":{"w":0,"h":0},"max":{"w":2147483647,"h":2147483647},"fullScreen":false,"minimized":false,"maximizeMode":0,"moveable":false,"resizeable":false,"move":false,"resize":false,"managed":true,"deleted":false,"normalWindow":false,"specialWindow":true,"popupWindow":false,"dialog":false,"utility":false,"splash":false,"dock":false,"transient":false,"modal":false,"transientFor":null,"r":1788721370334,"n":46,"ms":1429}
2026-09-06T21:02:51+02:00 HAL9000 kwin_wayland[2468]: KXLGEO1 {"k":"win","s":2,"id":"{2a15acd8-fb85-4dbe-b1e1-052a1352b6f3}","cls":"plasmashell","caption":"<Titel entfernt>","output":"DP-3","desktops":[],"activities":[],"onAllDesktops":true,"geo":{"x":0,"y":1050,"w":1920,"h":30,"exakt":true},"min":{"w":0,"h":0},"max":{"w":2147483647,"h":2147483647},"fullScreen":false,"minimized":false,"maximizeMode":0,"moveable":false,"resizeable":false,"move":false,"resize":false,"managed":true,"deleted":false,"normalWindow":false,"specialWindow":true,"popupWindow":false,"dialog":false,"utility":false,"splash":false,"dock":true,"transient":false,"modal":false,"transientFor":null,"r":1788721370334,"n":47,"ms":1429}
2026-09-06T21:02:51+02:00 HAL9000 kwin_wayland[2468]: KXLGEO1 {"k":"win","s":2,"id":"{68c8c0bd-e77e-4ce2-a24c-d370d686cb75}","cls":"plasmashell","caption":"<Titel entfernt>","output":"eDP-1","desktops":[],"activities":[],"onAllDesktops":true,"geo":{"x":1920,"y":0,"w":1920,"h":1080,"exakt":true},"min":{"w":0,"h":0},"max":{"w":2147483647,"h":2147483647},"fullScreen":false,"minimized":false,"maximizeMode":0,"moveable":false,"resizeable":false,"move":false,"resize":false,"managed":true,"deleted":false,"normalWindow":false,"specialWindow":true,"popupWindow":false,"dialog":false,"utility":false,"splash":false,"dock":false,"transient":false,"modal":false,"transientFor":null,"r":1788721370334,"n":48,"ms":1429}
2026-09-06T21:02:51+02:00 HAL9000 kwin_wayland[2468]: KXLGEO1 {"k":"win","s":2,"id":"{28bdcf93-d890-4900-92bc-8851b8097194}","cls":"org.kde.kwrite","caption":"kxl-a1.txt — KWrite","output":"DP-3","desktops":["89539ae6-e06b-4c76-a057-95df959578a9"],"activities":["a89f5ec2-ab8e-4108-8088-7118500a3aab"],"onAllDesktops":false,"geo":{"x":1056,"y":0,"w":864,"h":525,"exakt":true},"min":{"w":157,"h":150},"max":{"w":2147483647,"h":2147483647},"fullScreen":false,"minimized":false,"maximizeMode":0,"moveable":true,"resizeable":true,"move":false,"resize":false,"managed":true,"deleted":false,"normalWindow":true,"specialWindow":false,"popupWindow":false,"dialog":false,"utility":false,"splash":false,"dock":false,"transient":false,"modal":false,"transientFor":null,"r":1788721370334,"n":49,"ms":1430}
2026-09-06T21:02:51+02:00 HAL9000 kwin_wayland[2468]: KXLGEO1 {"k":"win","s":2,"id":"{38b7d072-075b-409d-8a6f-014d9c819ff5}","cls":"org.kde.kwrite","caption":"kxl-a2.txt — KWrite","output":"DP-3","desktops":["89539ae6-e06b-4c76-a057-95df959578a9"],"activities":["a89f5ec2-ab8e-4108-8088-7118500a3aab"],"onAllDesktops":false,"geo":{"x":1056,"y":525,"w":864,"h":525,"exakt":true},"min":{"w":157,"h":150},"max":{"w":2147483647,"h":2147483647},"fullScreen":false,"minimized":false,"maximizeMode":0,"moveable":true,"resizeable":true,"move":false,"resize":false,"managed":true,"deleted":false,"normalWindow":true,"specialWindow":false,"popupWindow":false,"dialog":false,"utility":false,"splash":false,"dock":false,"transient":false,"modal":false,"transientFor":null,"r":1788721370334,"n":50,"ms":1430}
2026-09-06T21:02:51+02:00 HAL9000 kwin_wayland[2468]: KXLGEO1 {"k":"win","s":2,"id":"{28cf93d9-18fe-460f-99bf-07a714706ddd}","cls":"org.kde.kwrite","caption":"kxl-a3.txt — KWrite","output":"DP-3","desktops":["89539ae6-e06b-4c76-a057-95df959578a9"],"activities":["a89f5ec2-ab8e-4108-8088-7118500a3aab"],"onAllDesktops":false,"geo":{"x":0,"y":0,"w":1056,"h":1050,"exakt":true},"min":{"w":157,"h":150},"max":{"w":2147483647,"h":2147483647},"fullScreen":false,"minimized":false,"maximizeMode":0,"moveable":true,"resizeable":true,"move":false,"resize":false,"managed":true,"deleted":false,"normalWindow":true,"specialWindow":false,"popupWindow":false,"dialog":false,"utility":false,"splash":false,"dock":false,"transient":false,"modal":false,"transientFor":null,"r":1788721370334,"n":51,"ms":1430}
2026-09-06T21:02:51+02:00 HAL9000 kwin_wayland[2468]: KXLGEO1 {"k":"win","s":2,"id":"{9cea3fcd-22eb-447b-a180-9096201dc0af}","cls":"org.kde.kwrite","caption":"kxl-b1.txt — KWrite","output":"eDP-1","desktops":["89539ae6-e06b-4c76-a057-95df959578a9"],"activities":["a89f5ec2-ab8e-4108-8088-7118500a3aab"],"onAllDesktops":false,"geo":{"x":3072,"y":0,"w":768,"h":1080,"exakt":true},"min":{"w":157,"h":150},"max":{"w":2147483647,"h":2147483647},"fullScreen":false,"minimized":false,"maximizeMode":0,"moveable":true,"resizeable":true,"move":false,"resize":false,"managed":true,"deleted":false,"normalWindow":true,"specialWindow":false,"popupWindow":false,"dialog":false,"utility":false,"splash":false,"dock":false,"transient":false,"modal":false,"transientFor":null,"r":1788721370334,"n":52,"ms":1431}
2026-09-06T21:02:51+02:00 HAL9000 kwin_wayland[2468]: KXLGEO1 {"k":"win","s":2,"id":"{36c69109-99f8-4079-9fb7-02567acde176}","cls":"org.kde.kwrite","caption":"kxl-b3.txt — KWrite","output":"eDP-1","desktops":["89539ae6-e06b-4c76-a057-95df959578a9"],"activities":["a89f5ec2-ab8e-4108-8088-7118500a3aab"],"onAllDesktops":false,"geo":{"x":1920,"y":0,"w":1920,"h":1080,"exakt":true},"min":{"w":157,"h":150},"max":{"w":2147483647,"h":2147483647},"fullScreen":false,"minimized":false,"maximizeMode":3,"moveable":true,"resizeable":true,"move":false,"resize":false,"managed":true,"deleted":false,"normalWindow":true,"specialWindow":false,"popupWindow":false,"dialog":false,"utility":false,"splash":false,"dock":false,"transient":false,"modal":false,"transientFor":null,"r":1788721370334,"n":53,"ms":1431}
2026-09-06T21:02:51+02:00 HAL9000 kwin_wayland[2468]: KXLGEO1 {"k":"win","s":2,"id":"{d748ac35-9960-4cef-bb7c-f3de0dbc346c}","cls":"org.kde.kwrite","caption":"kxl-b4.txt — KWrite","output":"eDP-1","desktops":["89539ae6-e06b-4c76-a057-95df959578a9"],"activities":["a89f5ec2-ab8e-4108-8088-7118500a3aab"],"onAllDesktops":false,"geo":{"x":1920,"y":0,"w":1152,"h":1080,"exakt":true},"min":{"w":157,"h":150},"max":{"w":2147483647,"h":2147483647},"fullScreen":false,"minimized":false,"maximizeMode":0,"moveable":true,"resizeable":true,"move":false,"resize":false,"managed":true,"deleted":false,"normalWindow":true,"specialWindow":false,"popupWindow":false,"dialog":false,"utility":false,"splash":false,"dock":false,"transient":false,"modal":false,"transientFor":null,"r":1788721370334,"n":54,"ms":1431}
2026-09-06T21:02:51+02:00 HAL9000 kwin_wayland[2468]: KXLGEO1 {"k":"win","s":2,"id":"{6429d239-a71f-4c42-99ae-997dffa005d9}","cls":"org.kde.kwrite","caption":"kxl-d21.txt — KWrite","output":"DP-3","desktops":["b7798180-564c-4f75-ad4a-284026ac7a68"],"activities":["a89f5ec2-ab8e-4108-8088-7118500a3aab"],"onAllDesktops":false,"geo":{"x":0,"y":0,"w":1920,"h":1050,"exakt":true},"min":{"w":157,"h":150},"max":{"w":2147483647,"h":2147483647},"fullScreen":false,"minimized":false,"maximizeMode":0,"moveable":true,"resizeable":true,"move":false,"resize":false,"managed":true,"deleted":false,"normalWindow":true,"specialWindow":false,"popupWindow":false,"dialog":false,"utility":false,"splash":false,"dock":false,"transient":false,"modal":false,"transientFor":null,"r":1788721370334,"n":55,"ms":1432}
2026-09-06T21:02:51+02:00 HAL9000 kwin_wayland[2468]: KXLGEO1 {"k":"win","s":2,"id":"{6807996b-8211-4590-9d4c-def50215de55}","cls":"org.kde.kwrite","caption":"kxl-d22.txt — KWrite","output":"DP-3","desktops":["b7798180-564c-4f75-ad4a-284026ac7a68"],"activities":["a89f5ec2-ab8e-4108-8088-7118500a3aab"],"onAllDesktops":false,"geo":{"x":0,"y":0,"w":1920,"h":1050,"exakt":true},"min":{"w":157,"h":150},"max":{"w":2147483647,"h":2147483647},"fullScreen":false,"minimized":false,"maximizeMode":0,"moveable":true,"resizeable":true,"move":false,"resize":false,"managed":true,"deleted":false,"normalWindow":true,"specialWindow":false,"popupWindow":false,"dialog":false,"utility":false,"splash":false,"dock":false,"transient":false,"modal":false,"transientFor":null,"r":1788721370334,"n":56,"ms":1432}
2026-09-06T21:02:51+02:00 HAL9000 kwin_wayland[2468]: KXLGEO1 {"k":"win","s":2,"id":"{af7bd51b-f458-4016-8526-a9a42550dd51}","cls":"org.kde.kwrite","caption":"kxl-d31.txt — KWrite","output":"DP-3","desktops":["30c27d93-fa7d-452a-ad6a-53201edcdca1"],"activities":["a89f5ec2-ab8e-4108-8088-7118500a3aab"],"onAllDesktops":false,"geo":{"x":1248,"y":0,"w":672,"h":1050,"exakt":true},"min":{"w":157,"h":150},"max":{"w":2147483647,"h":2147483647},"fullScreen":false,"minimized":false,"maximizeMode":0,"moveable":true,"resizeable":true,"move":false,"resize":false,"managed":true,"deleted":false,"normalWindow":true,"specialWindow":false,"popupWindow":false,"dialog":false,"utility":false,"splash":false,"dock":false,"transient":false,"modal":false,"transientFor":null,"r":1788721370334,"n":57,"ms":1432}
2026-09-06T21:02:51+02:00 HAL9000 kwin_wayland[2468]: KXLGEO1 {"k":"win","s":2,"id":"{dc4fa1c7-cc6b-4528-90a0-34a5d748b78f}","cls":"org.kde.kwrite","caption":"kxl-d32.txt — KWrite","output":"DP-3","desktops":["30c27d93-fa7d-452a-ad6a-53201edcdca1"],"activities":["a89f5ec2-ab8e-4108-8088-7118500a3aab"],"onAllDesktops":false,"geo":{"x":0,"y":0,"w":1248,"h":1050,"exakt":true},"min":{"w":157,"h":150},"max":{"w":2147483647,"h":2147483647},"fullScreen":false,"minimized":false,"maximizeMode":0,"moveable":true,"resizeable":true,"move":false,"resize":false,"managed":true,"deleted":false,"normalWindow":true,"specialWindow":false,"popupWindow":false,"dialog":false,"utility":false,"splash":false,"dock":false,"transient":false,"modal":false,"transientFor":null,"r":1788721370334,"n":58,"ms":1433}
2026-09-06T21:02:51+02:00 HAL9000 kwin_wayland[2468]: KXLGEO1 {"k":"win","s":2,"id":"{5106216a-d6a8-46df-ae71-19a0498a83df}","cls":"org.kde.kwrite","caption":"kxl-d41.txt — KWrite","output":"DP-3","desktops":["eb859906-5dd5-4314-92bc-4f3cc1582e4f"],"activities":["a89f5ec2-ab8e-4108-8088-7118500a3aab"],"onAllDesktops":false,"geo":{"x":0,"y":0,"w":1248,"h":1050,"exakt":true},"min":{"w":157,"h":150},"max":{"w":2147483647,"h":2147483647},"fullScreen":false,"minimized":false,"maximizeMode":0,"moveable":true,"resizeable":true,"move":false,"resize":false,"managed":true,"deleted":false,"normalWindow":true,"specialWindow":false,"popupWindow":false,"dialog":false,"utility":false,"splash":false,"dock":false,"transient":false,"modal":false,"transientFor":null,"r":1788721370334,"n":59,"ms":1433}
2026-09-06T21:02:51+02:00 HAL9000 kwin_wayland[2468]: KXLGEO1 {"k":"win","s":2,"id":"{3bc4464c-005f-4813-929d-0443aa63eb2f}","cls":"org.kde.kwrite","caption":"kxl-d42.txt — KWrite","output":"DP-3","desktops":["eb859906-5dd5-4314-92bc-4f3cc1582e4f"],"activities":["a89f5ec2-ab8e-4108-8088-7118500a3aab"],"onAllDesktops":false,"geo":{"x":1248,"y":0,"w":672,"h":1050,"exakt":true},"min":{"w":157,"h":150},"max":{"w":2147483647,"h":2147483647},"fullScreen":false,"minimized":false,"maximizeMode":0,"moveable":true,"resizeable":true,"move":false,"resize":false,"managed":true,"deleted":false,"normalWindow":true,"specialWindow":false,"popupWindow":false,"dialog":false,"utility":false,"splash":false,"dock":false,"transient":false,"modal":false,"transientFor":null,"r":1788721370334,"n":60,"ms":1433}
2026-09-06T21:02:51+02:00 HAL9000 kwin_wayland[2468]: KXLGEO1 {"k":"win","s":2,"id":"{b5199d7e-ca1d-4451-bf04-426469b8e468}","cls":"org.kde.kwrite","caption":"kxl-all.txt — KWrite","output":"DP-3","desktops":[],"activities":["a89f5ec2-ab8e-4108-8088-7118500a3aab"],"onAllDesktops":true,"geo":{"x":0,"y":0,"w":1920,"h":1050,"exakt":true},"min":{"w":157,"h":150},"max":{"w":2147483647,"h":2147483647},"fullScreen":false,"minimized":false,"maximizeMode":3,"moveable":true,"resizeable":true,"move":false,"resize":false,"managed":true,"deleted":false,"normalWindow":true,"specialWindow":false,"popupWindow":false,"dialog":false,"utility":false,"splash":false,"dock":false,"transient":false,"modal":false,"transientFor":null,"r":1788721370334,"n":61,"ms":1433}
2026-09-06T21:02:51+02:00 HAL9000 kwin_wayland[2468]: KXLGEO1 {"k":"win","s":2,"id":"{7deb080f-2ee6-46e0-a25e-b4a8dee92de8}","cls":"org.kde.kwrite","caption":"kxl-last-18352.txt — KWrite","output":"eDP-1","desktops":["b7798180-564c-4f75-ad4a-284026ac7a68"],"activities":["a89f5ec2-ab8e-4108-8088-7118500a3aab"],"onAllDesktops":false,"geo":{"x":1920,"y":0,"w":1920,"h":1080,"exakt":true},"min":{"w":157,"h":150},"max":{"w":2147483647,"h":2147483647},"fullScreen":false,"minimized":false,"maximizeMode":0,"moveable":true,"resizeable":true,"move":false,"resize":false,"managed":true,"deleted":false,"normalWindow":true,"specialWindow":false,"popupWindow":false,"dialog":false,"utility":false,"splash":false,"dock":false,"transient":false,"modal":false,"transientFor":null,"r":1788721370334,"n":62,"ms":1434}
2026-09-06T21:02:51+02:00 HAL9000 kwin_wayland[2468]: KXLGEO1 {"k":"win","s":2,"id":"{95d94738-1f4d-42da-af83-d4e84644bf70}","cls":"org.kde.kwrite","caption":"kxl-last-28902.txt — KWrite","output":"eDP-1","desktops":["b7798180-564c-4f75-ad4a-284026ac7a68"],"activities":["a89f5ec2-ab8e-4108-8088-7118500a3aab"],"onAllDesktops":false,"geo":{"x":1920,"y":0,"w":1920,"h":1080,"exakt":true},"min":{"w":157,"h":150},"max":{"w":2147483647,"h":2147483647},"fullScreen":false,"minimized":false,"maximizeMode":3,"moveable":true,"resizeable":true,"move":false,"resize":false,"managed":true,"deleted":false,"normalWindow":true,"specialWindow":false,"popupWindow":false,"dialog":false,"utility":false,"splash":false,"dock":false,"transient":false,"modal":false,"transientFor":null,"r":1788721370334,"n":63,"ms":1434}
2026-09-06T21:02:53+02:00 HAL9000 kwin_wayland[2468]: KXLGEO1 {"k":"view","s":3,"key":"a89f5ec2-ab8e-4108-8088-7118500a3aab|30c27d93-fa7d-452a-ad6a-53201edcdca1|eDP-1","activity":"a89f5ec2-ab8e-4108-8088-7118500a3aab","desktop":"30c27d93-fa7d-452a-ad6a-53201edcdca1","output":"eDP-1","area":{"x":1920,"y":0,"w":1920,"h":1080,"exakt":true},"r":1788721370334,"n":64,"ms":2853}
2026-09-06T21:02:53+02:00 HAL9000 kwin_wayland[2468]: KXLGEO1 {"k":"view","s":3,"key":"a89f5ec2-ab8e-4108-8088-7118500a3aab|30c27d93-fa7d-452a-ad6a-53201edcdca1|DP-3","activity":"a89f5ec2-ab8e-4108-8088-7118500a3aab","desktop":"30c27d93-fa7d-452a-ad6a-53201edcdca1","output":"DP-3","area":{"x":0,"y":0,"w":1920,"h":1050,"exakt":true},"r":1788721370334,"n":65,"ms":2853}
2026-09-06T21:02:53+02:00 HAL9000 kwin_wayland[2468]: KXLGEO1 {"k":"active","s":3,"activeId":"{af7bd51b-f458-4016-8526-a9a42550dd51}","r":1788721370334,"n":66,"ms":2854}
2026-09-06T21:02:53+02:00 HAL9000 kwin_wayland[2468]: KXLGEO1 {"k":"win","s":3,"id":"{89b38cc9-014d-4323-ae5d-4c07d535682f}","cls":"plasmashell","caption":"<Titel entfernt>","output":"DP-3","desktops":[],"activities":[],"onAllDesktops":true,"geo":{"x":0,"y":0,"w":1920,"h":1080,"exakt":true},"min":{"w":0,"h":0},"max":{"w":2147483647,"h":2147483647},"fullScreen":false,"minimized":false,"maximizeMode":0,"moveable":false,"resizeable":false,"move":false,"resize":false,"managed":true,"deleted":false,"normalWindow":false,"specialWindow":true,"popupWindow":false,"dialog":false,"utility":false,"splash":false,"dock":false,"transient":false,"modal":false,"transientFor":null,"r":1788721370334,"n":67,"ms":2854}
2026-09-06T21:02:53+02:00 HAL9000 kwin_wayland[2468]: KXLGEO1 {"k":"win","s":3,"id":"{2a15acd8-fb85-4dbe-b1e1-052a1352b6f3}","cls":"plasmashell","caption":"<Titel entfernt>","output":"DP-3","desktops":[],"activities":[],"onAllDesktops":true,"geo":{"x":0,"y":1050,"w":1920,"h":30,"exakt":true},"min":{"w":0,"h":0},"max":{"w":2147483647,"h":2147483647},"fullScreen":false,"minimized":false,"maximizeMode":0,"moveable":false,"resizeable":false,"move":false,"resize":false,"managed":true,"deleted":false,"normalWindow":false,"specialWindow":true,"popupWindow":false,"dialog":false,"utility":false,"splash":false,"dock":true,"transient":false,"modal":false,"transientFor":null,"r":1788721370334,"n":68,"ms":2854}
2026-09-06T21:02:53+02:00 HAL9000 kwin_wayland[2468]: KXLGEO1 {"k":"win","s":3,"id":"{68c8c0bd-e77e-4ce2-a24c-d370d686cb75}","cls":"plasmashell","caption":"<Titel entfernt>","output":"eDP-1","desktops":[],"activities":[],"onAllDesktops":true,"geo":{"x":1920,"y":0,"w":1920,"h":1080,"exakt":true},"min":{"w":0,"h":0},"max":{"w":2147483647,"h":2147483647},"fullScreen":false,"minimized":false,"maximizeMode":0,"moveable":false,"resizeable":false,"move":false,"resize":false,"managed":true,"deleted":false,"normalWindow":false,"specialWindow":true,"popupWindow":false,"dialog":false,"utility":false,"splash":false,"dock":false,"transient":false,"modal":false,"transientFor":null,"r":1788721370334,"n":69,"ms":2855}
2026-09-06T21:02:53+02:00 HAL9000 kwin_wayland[2468]: KXLGEO1 {"k":"win","s":3,"id":"{28bdcf93-d890-4900-92bc-8851b8097194}","cls":"org.kde.kwrite","caption":"kxl-a1.txt — KWrite","output":"DP-3","desktops":["89539ae6-e06b-4c76-a057-95df959578a9"],"activities":["a89f5ec2-ab8e-4108-8088-7118500a3aab"],"onAllDesktops":false,"geo":{"x":1056,"y":0,"w":864,"h":525,"exakt":true},"min":{"w":157,"h":150},"max":{"w":2147483647,"h":2147483647},"fullScreen":false,"minimized":false,"maximizeMode":0,"moveable":true,"resizeable":true,"move":false,"resize":false,"managed":true,"deleted":false,"normalWindow":true,"specialWindow":false,"popupWindow":false,"dialog":false,"utility":false,"splash":false,"dock":false,"transient":false,"modal":false,"transientFor":null,"r":1788721370334,"n":70,"ms":2855}
2026-09-06T21:02:53+02:00 HAL9000 kwin_wayland[2468]: KXLGEO1 {"k":"win","s":3,"id":"{38b7d072-075b-409d-8a6f-014d9c819ff5}","cls":"org.kde.kwrite","caption":"kxl-a2.txt — KWrite","output":"DP-3","desktops":["89539ae6-e06b-4c76-a057-95df959578a9"],"activities":["a89f5ec2-ab8e-4108-8088-7118500a3aab"],"onAllDesktops":false,"geo":{"x":1056,"y":525,"w":864,"h":525,"exakt":true},"min":{"w":157,"h":150},"max":{"w":2147483647,"h":2147483647},"fullScreen":false,"minimized":false,"maximizeMode":0,"moveable":true,"resizeable":true,"move":false,"resize":false,"managed":true,"deleted":false,"normalWindow":true,"specialWindow":false,"popupWindow":false,"dialog":false,"utility":false,"splash":false,"dock":false,"transient":false,"modal":false,"transientFor":null,"r":1788721370334,"n":71,"ms":2855}
2026-09-06T21:02:53+02:00 HAL9000 kwin_wayland[2468]: KXLGEO1 {"k":"win","s":3,"id":"{28cf93d9-18fe-460f-99bf-07a714706ddd}","cls":"org.kde.kwrite","caption":"kxl-a3.txt — KWrite","output":"DP-3","desktops":["89539ae6-e06b-4c76-a057-95df959578a9"],"activities":["a89f5ec2-ab8e-4108-8088-7118500a3aab"],"onAllDesktops":false,"geo":{"x":0,"y":0,"w":1056,"h":1050,"exakt":true},"min":{"w":157,"h":150},"max":{"w":2147483647,"h":2147483647},"fullScreen":false,"minimized":false,"maximizeMode":0,"moveable":true,"resizeable":true,"move":false,"resize":false,"managed":true,"deleted":false,"normalWindow":true,"specialWindow":false,"popupWindow":false,"dialog":false,"utility":false,"splash":false,"dock":false,"transient":false,"modal":false,"transientFor":null,"r":1788721370334,"n":72,"ms":2855}
2026-09-06T21:02:53+02:00 HAL9000 kwin_wayland[2468]: KXLGEO1 {"k":"win","s":3,"id":"{9cea3fcd-22eb-447b-a180-9096201dc0af}","cls":"org.kde.kwrite","caption":"kxl-b1.txt — KWrite","output":"eDP-1","desktops":["89539ae6-e06b-4c76-a057-95df959578a9"],"activities":["a89f5ec2-ab8e-4108-8088-7118500a3aab"],"onAllDesktops":false,"geo":{"x":3072,"y":0,"w":768,"h":1080,"exakt":true},"min":{"w":157,"h":150},"max":{"w":2147483647,"h":2147483647},"fullScreen":false,"minimized":false,"maximizeMode":0,"moveable":true,"resizeable":true,"move":false,"resize":false,"managed":true,"deleted":false,"normalWindow":true,"specialWindow":false,"popupWindow":false,"dialog":false,"utility":false,"splash":false,"dock":false,"transient":false,"modal":false,"transientFor":null,"r":1788721370334,"n":73,"ms":2856}
2026-09-06T21:02:53+02:00 HAL9000 kwin_wayland[2468]: KXLGEO1 {"k":"win","s":3,"id":"{36c69109-99f8-4079-9fb7-02567acde176}","cls":"org.kde.kwrite","caption":"kxl-b3.txt — KWrite","output":"eDP-1","desktops":["89539ae6-e06b-4c76-a057-95df959578a9"],"activities":["a89f5ec2-ab8e-4108-8088-7118500a3aab"],"onAllDesktops":false,"geo":{"x":1920,"y":0,"w":1920,"h":1080,"exakt":true},"min":{"w":157,"h":150},"max":{"w":2147483647,"h":2147483647},"fullScreen":false,"minimized":false,"maximizeMode":3,"moveable":true,"resizeable":true,"move":false,"resize":false,"managed":true,"deleted":false,"normalWindow":true,"specialWindow":false,"popupWindow":false,"dialog":false,"utility":false,"splash":false,"dock":false,"transient":false,"modal":false,"transientFor":null,"r":1788721370334,"n":74,"ms":2856}
2026-09-06T21:02:53+02:00 HAL9000 kwin_wayland[2468]: KXLGEO1 {"k":"win","s":3,"id":"{d748ac35-9960-4cef-bb7c-f3de0dbc346c}","cls":"org.kde.kwrite","caption":"kxl-b4.txt — KWrite","output":"eDP-1","desktops":["89539ae6-e06b-4c76-a057-95df959578a9"],"activities":["a89f5ec2-ab8e-4108-8088-7118500a3aab"],"onAllDesktops":false,"geo":{"x":1920,"y":0,"w":1152,"h":1080,"exakt":true},"min":{"w":157,"h":150},"max":{"w":2147483647,"h":2147483647},"fullScreen":false,"minimized":false,"maximizeMode":0,"moveable":true,"resizeable":true,"move":false,"resize":false,"managed":true,"deleted":false,"normalWindow":true,"specialWindow":false,"popupWindow":false,"dialog":false,"utility":false,"splash":false,"dock":false,"transient":false,"modal":false,"transientFor":null,"r":1788721370334,"n":75,"ms":2856}
2026-09-06T21:02:53+02:00 HAL9000 kwin_wayland[2468]: KXLGEO1 {"k":"win","s":3,"id":"{6429d239-a71f-4c42-99ae-997dffa005d9}","cls":"org.kde.kwrite","caption":"kxl-d21.txt — KWrite","output":"DP-3","desktops":["b7798180-564c-4f75-ad4a-284026ac7a68"],"activities":["a89f5ec2-ab8e-4108-8088-7118500a3aab"],"onAllDesktops":false,"geo":{"x":0,"y":0,"w":1920,"h":1050,"exakt":true},"min":{"w":157,"h":150},"max":{"w":2147483647,"h":2147483647},"fullScreen":false,"minimized":false,"maximizeMode":0,"moveable":true,"resizeable":true,"move":false,"resize":false,"managed":true,"deleted":false,"normalWindow":true,"specialWindow":false,"popupWindow":false,"dialog":false,"utility":false,"splash":false,"dock":false,"transient":false,"modal":false,"transientFor":null,"r":1788721370334,"n":76,"ms":2856}
2026-09-06T21:02:53+02:00 HAL9000 kwin_wayland[2468]: KXLGEO1 {"k":"win","s":3,"id":"{6807996b-8211-4590-9d4c-def50215de55}","cls":"org.kde.kwrite","caption":"kxl-d22.txt — KWrite","output":"DP-3","desktops":["b7798180-564c-4f75-ad4a-284026ac7a68"],"activities":["a89f5ec2-ab8e-4108-8088-7118500a3aab"],"onAllDesktops":false,"geo":{"x":0,"y":0,"w":1920,"h":1050,"exakt":true},"min":{"w":157,"h":150},"max":{"w":2147483647,"h":2147483647},"fullScreen":false,"minimized":false,"maximizeMode":0,"moveable":true,"resizeable":true,"move":false,"resize":false,"managed":true,"deleted":false,"normalWindow":true,"specialWindow":false,"popupWindow":false,"dialog":false,"utility":false,"splash":false,"dock":false,"transient":false,"modal":false,"transientFor":null,"r":1788721370334,"n":77,"ms":2857}
2026-09-06T21:02:53+02:00 HAL9000 kwin_wayland[2468]: KXLGEO1 {"k":"win","s":3,"id":"{af7bd51b-f458-4016-8526-a9a42550dd51}","cls":"org.kde.kwrite","caption":"kxl-d31.txt — KWrite","output":"DP-3","desktops":["30c27d93-fa7d-452a-ad6a-53201edcdca1"],"activities":["a89f5ec2-ab8e-4108-8088-7118500a3aab"],"onAllDesktops":false,"geo":{"x":1248,"y":0,"w":672,"h":1050,"exakt":true},"min":{"w":157,"h":150},"max":{"w":2147483647,"h":2147483647},"fullScreen":false,"minimized":false,"maximizeMode":0,"moveable":true,"resizeable":true,"move":false,"resize":false,"managed":true,"deleted":false,"normalWindow":true,"specialWindow":false,"popupWindow":false,"dialog":false,"utility":false,"splash":false,"dock":false,"transient":false,"modal":false,"transientFor":null,"r":1788721370334,"n":78,"ms":2857}
2026-09-06T21:02:53+02:00 HAL9000 kwin_wayland[2468]: KXLGEO1 {"k":"win","s":3,"id":"{dc4fa1c7-cc6b-4528-90a0-34a5d748b78f}","cls":"org.kde.kwrite","caption":"kxl-d32.txt — KWrite","output":"DP-3","desktops":["30c27d93-fa7d-452a-ad6a-53201edcdca1"],"activities":["a89f5ec2-ab8e-4108-8088-7118500a3aab"],"onAllDesktops":false,"geo":{"x":0,"y":0,"w":1248,"h":1050,"exakt":true},"min":{"w":157,"h":150},"max":{"w":2147483647,"h":2147483647},"fullScreen":false,"minimized":false,"maximizeMode":0,"moveable":true,"resizeable":true,"move":false,"resize":false,"managed":true,"deleted":false,"normalWindow":true,"specialWindow":false,"popupWindow":false,"dialog":false,"utility":false,"splash":false,"dock":false,"transient":false,"modal":false,"transientFor":null,"r":1788721370334,"n":79,"ms":2857}
2026-09-06T21:02:53+02:00 HAL9000 kwin_wayland[2468]: KXLGEO1 {"k":"win","s":3,"id":"{5106216a-d6a8-46df-ae71-19a0498a83df}","cls":"org.kde.kwrite","caption":"kxl-d41.txt — KWrite","output":"DP-3","desktops":["eb859906-5dd5-4314-92bc-4f3cc1582e4f"],"activities":["a89f5ec2-ab8e-4108-8088-7118500a3aab"],"onAllDesktops":false,"geo":{"x":0,"y":0,"w":1248,"h":1050,"exakt":true},"min":{"w":157,"h":150},"max":{"w":2147483647,"h":2147483647},"fullScreen":false,"minimized":false,"maximizeMode":0,"moveable":true,"resizeable":true,"move":false,"resize":false,"managed":true,"deleted":false,"normalWindow":true,"specialWindow":false,"popupWindow":false,"dialog":false,"utility":false,"splash":false,"dock":false,"transient":false,"modal":false,"transientFor":null,"r":1788721370334,"n":80,"ms":2857}
2026-09-06T21:02:53+02:00 HAL9000 kwin_wayland[2468]: KXLGEO1 {"k":"win","s":3,"id":"{3bc4464c-005f-4813-929d-0443aa63eb2f}","cls":"org.kde.kwrite","caption":"kxl-d42.txt — KWrite","output":"DP-3","desktops":["eb859906-5dd5-4314-92bc-4f3cc1582e4f"],"activities":["a89f5ec2-ab8e-4108-8088-7118500a3aab"],"onAllDesktops":false,"geo":{"x":1248,"y":0,"w":672,"h":1050,"exakt":true},"min":{"w":157,"h":150},"max":{"w":2147483647,"h":2147483647},"fullScreen":false,"minimized":false,"maximizeMode":0,"moveable":true,"resizeable":true,"move":false,"resize":false,"managed":true,"deleted":false,"normalWindow":true,"specialWindow":false,"popupWindow":false,"dialog":false,"utility":false,"splash":false,"dock":false,"transient":false,"modal":false,"transientFor":null,"r":1788721370334,"n":81,"ms":2858}
2026-09-06T21:02:53+02:00 HAL9000 kwin_wayland[2468]: KXLGEO1 {"k":"win","s":3,"id":"{b5199d7e-ca1d-4451-bf04-426469b8e468}","cls":"org.kde.kwrite","caption":"kxl-all.txt — KWrite","output":"DP-3","desktops":[],"activities":["a89f5ec2-ab8e-4108-8088-7118500a3aab"],"onAllDesktops":true,"geo":{"x":0,"y":0,"w":1920,"h":1050,"exakt":true},"min":{"w":157,"h":150},"max":{"w":2147483647,"h":2147483647},"fullScreen":false,"minimized":false,"maximizeMode":3,"moveable":true,"resizeable":true,"move":false,"resize":false,"managed":true,"deleted":false,"normalWindow":true,"specialWindow":false,"popupWindow":false,"dialog":false,"utility":false,"splash":false,"dock":false,"transient":false,"modal":false,"transientFor":null,"r":1788721370334,"n":82,"ms":2858}
2026-09-06T21:02:53+02:00 HAL9000 kwin_wayland[2468]: KXLGEO1 {"k":"win","s":3,"id":"{7deb080f-2ee6-46e0-a25e-b4a8dee92de8}","cls":"org.kde.kwrite","caption":"kxl-last-18352.txt — KWrite","output":"eDP-1","desktops":["b7798180-564c-4f75-ad4a-284026ac7a68"],"activities":["a89f5ec2-ab8e-4108-8088-7118500a3aab"],"onAllDesktops":false,"geo":{"x":1920,"y":0,"w":1920,"h":1080,"exakt":true},"min":{"w":157,"h":150},"max":{"w":2147483647,"h":2147483647},"fullScreen":false,"minimized":false,"maximizeMode":0,"moveable":true,"resizeable":true,"move":false,"resize":false,"managed":true,"deleted":false,"normalWindow":true,"specialWindow":false,"popupWindow":false,"dialog":false,"utility":false,"splash":false,"dock":false,"transient":false,"modal":false,"transientFor":null,"r":1788721370334,"n":83,"ms":2858}
2026-09-06T21:02:53+02:00 HAL9000 kwin_wayland[2468]: KXLGEO1 {"k":"win","s":3,"id":"{95d94738-1f4d-42da-af83-d4e84644bf70}","cls":"org.kde.kwrite","caption":"kxl-last-28902.txt — KWrite","output":"eDP-1","desktops":["b7798180-564c-4f75-ad4a-284026ac7a68"],"activities":["a89f5ec2-ab8e-4108-8088-7118500a3aab"],"onAllDesktops":false,"geo":{"x":1920,"y":0,"w":1920,"h":1080,"exakt":true},"min":{"w":157,"h":150},"max":{"w":2147483647,"h":2147483647},"fullScreen":false,"minimized":false,"maximizeMode":3,"moveable":true,"resizeable":true,"move":false,"resize":false,"managed":true,"deleted":false,"normalWindow":true,"specialWindow":false,"popupWindow":false,"dialog":false,"utility":false,"splash":false,"dock":false,"transient":false,"modal":false,"transientFor":null,"r":1788721370334,"n":84,"ms":2858}
2026-09-06T21:02:53+02:00 HAL9000 kwin_wayland[2468]: KXLGEO1 {"k":"end","st":"ok","total":85,"samples":4,"fehler":0,"timer_aktiv":0,"r":1788721370334,"n":85,"ms":2858}
2026-09-06T21:03:16+02:00 HAL9000 kxl-abnahme[9777]: == Rueckbau AP7 Anfang ==
2026-09-06T21:03:17+02:00 HAL9000 kwin_wayland[2468]: kwin-xmonad-lite: gc #124 fenster=1 surfaces=0
2026-09-06T21:03:17+02:00 HAL9000 kwin_wayland[2468]: kwin-xmonad-lite: arrange #124 grund=closed,windowRemoved surfaces=2 mitglieder=3 teilnehmer=2
2026-09-06T21:03:17+02:00 HAL9000 kwin_wayland[2468]: kwin-xmonad-lite: surface a89f5ec2-ab8e-4108-8088-7118500a3aab|30c27d93-fa7d-452a-ad6a-53201edcdca1|DP-3 layout=tall n=2 ratio=0.65 fläche=1920x1050+0+0
2026-09-06T21:03:17+02:00 HAL9000 kwin_wayland[2468]: kwin-xmonad-lite: diagnose a89f5ec2-ab8e-4108-8088-7118500a3aab|30c27d93-fa7d-452a-ad6a-53201edcdca1|DP-3 order={b5199d7e-ca1d-4451-bf04-426469b8e468},{dc4fa1c7-cc6b-4528-90a0-34a5d748b78f},{af7bd51b-f458-4016-8526-a9a42550dd51} teilnehmer={dc4fa1c7-cc6b-4528-90a0-34a5d748b78f},{af7bd51b-f458-4016-8526-a9a42550dd51} float={b5199d7e-ca1d-4451-bf04-426469b8e468}
2026-09-06T21:03:17+02:00 HAL9000 kwin_wayland[2468]: kwin-xmonad-lite: gc #125 fenster=1 surfaces=0
2026-09-06T21:03:17+02:00 HAL9000 kwin_wayland[2468]: kwin-xmonad-lite: arrange #125 grund=closed,windowRemoved surfaces=2 mitglieder=3 teilnehmer=2
2026-09-06T21:03:17+02:00 HAL9000 kwin_wayland[2468]: kwin-xmonad-lite: surface a89f5ec2-ab8e-4108-8088-7118500a3aab|30c27d93-fa7d-452a-ad6a-53201edcdca1|DP-3 layout=tall n=2 ratio=0.65 fläche=1920x1050+0+0
2026-09-06T21:03:17+02:00 HAL9000 kwin_wayland[2468]: kwin-xmonad-lite: diagnose a89f5ec2-ab8e-4108-8088-7118500a3aab|30c27d93-fa7d-452a-ad6a-53201edcdca1|DP-3 order={b5199d7e-ca1d-4451-bf04-426469b8e468},{dc4fa1c7-cc6b-4528-90a0-34a5d748b78f},{af7bd51b-f458-4016-8526-a9a42550dd51} teilnehmer={dc4fa1c7-cc6b-4528-90a0-34a5d748b78f},{af7bd51b-f458-4016-8526-a9a42550dd51} float={b5199d7e-ca1d-4451-bf04-426469b8e468}
2026-09-06T21:03:17+02:00 HAL9000 kwin_wayland[2468]: kwin-xmonad-lite: gc #126 fenster=1 surfaces=0
2026-09-06T21:03:17+02:00 HAL9000 kwin_wayland[2468]: kwin-xmonad-lite: arrange #126 grund=closed,windowRemoved surfaces=2 mitglieder=3 teilnehmer=2
2026-09-06T21:03:17+02:00 HAL9000 kwin_wayland[2468]: kwin-xmonad-lite: surface a89f5ec2-ab8e-4108-8088-7118500a3aab|30c27d93-fa7d-452a-ad6a-53201edcdca1|DP-3 layout=tall n=2 ratio=0.65 fläche=1920x1050+0+0
2026-09-06T21:03:17+02:00 HAL9000 kwin_wayland[2468]: kwin-xmonad-lite: diagnose a89f5ec2-ab8e-4108-8088-7118500a3aab|30c27d93-fa7d-452a-ad6a-53201edcdca1|DP-3 order={b5199d7e-ca1d-4451-bf04-426469b8e468},{dc4fa1c7-cc6b-4528-90a0-34a5d748b78f},{af7bd51b-f458-4016-8526-a9a42550dd51} teilnehmer={dc4fa1c7-cc6b-4528-90a0-34a5d748b78f},{af7bd51b-f458-4016-8526-a9a42550dd51} float={b5199d7e-ca1d-4451-bf04-426469b8e468}
2026-09-06T21:03:17+02:00 HAL9000 kwin_wayland[2468]: kwin-xmonad-lite: gc #127 fenster=1 surfaces=0
2026-09-06T21:03:17+02:00 HAL9000 kwin_wayland[2468]: kwin-xmonad-lite: arrange #127 grund=closed,windowRemoved surfaces=2 mitglieder=3 teilnehmer=2
2026-09-06T21:03:17+02:00 HAL9000 kwin_wayland[2468]: kwin-xmonad-lite: surface a89f5ec2-ab8e-4108-8088-7118500a3aab|30c27d93-fa7d-452a-ad6a-53201edcdca1|DP-3 layout=tall n=2 ratio=0.65 fläche=1920x1050+0+0
2026-09-06T21:03:17+02:00 HAL9000 kwin_wayland[2468]: kwin-xmonad-lite: diagnose a89f5ec2-ab8e-4108-8088-7118500a3aab|30c27d93-fa7d-452a-ad6a-53201edcdca1|DP-3 order={b5199d7e-ca1d-4451-bf04-426469b8e468},{dc4fa1c7-cc6b-4528-90a0-34a5d748b78f},{af7bd51b-f458-4016-8526-a9a42550dd51} teilnehmer={dc4fa1c7-cc6b-4528-90a0-34a5d748b78f},{af7bd51b-f458-4016-8526-a9a42550dd51} float={b5199d7e-ca1d-4451-bf04-426469b8e468}
2026-09-06T21:03:18+02:00 HAL9000 kwin_wayland[2468]: kwin-xmonad-lite: gc #128 fenster=1 surfaces=0
2026-09-06T21:03:18+02:00 HAL9000 kwin_wayland[2468]: kwin-xmonad-lite: arrange #128 grund=closed,windowRemoved surfaces=2 mitglieder=3 teilnehmer=2
2026-09-06T21:03:18+02:00 HAL9000 kwin_wayland[2468]: kwin-xmonad-lite: surface a89f5ec2-ab8e-4108-8088-7118500a3aab|30c27d93-fa7d-452a-ad6a-53201edcdca1|DP-3 layout=tall n=2 ratio=0.65 fläche=1920x1050+0+0
2026-09-06T21:03:18+02:00 HAL9000 kwin_wayland[2468]: kwin-xmonad-lite: diagnose a89f5ec2-ab8e-4108-8088-7118500a3aab|30c27d93-fa7d-452a-ad6a-53201edcdca1|DP-3 order={b5199d7e-ca1d-4451-bf04-426469b8e468},{dc4fa1c7-cc6b-4528-90a0-34a5d748b78f},{af7bd51b-f458-4016-8526-a9a42550dd51} teilnehmer={dc4fa1c7-cc6b-4528-90a0-34a5d748b78f},{af7bd51b-f458-4016-8526-a9a42550dd51} float={b5199d7e-ca1d-4451-bf04-426469b8e468}
2026-09-06T21:03:20+02:00 HAL9000 kwin_wayland[2468]: kwin-xmonad-lite: gc #129 fenster=1 surfaces=0
2026-09-06T21:03:20+02:00 HAL9000 kwin_wayland[2468]: kwin-xmonad-lite: arrange #129 grund=closed,windowRemoved surfaces=2 mitglieder=2 teilnehmer=2
2026-09-06T21:03:20+02:00 HAL9000 kwin_wayland[2468]: kwin-xmonad-lite: surface a89f5ec2-ab8e-4108-8088-7118500a3aab|30c27d93-fa7d-452a-ad6a-53201edcdca1|DP-3 layout=tall n=2 ratio=0.65 fläche=1920x1050+0+0
2026-09-06T21:03:20+02:00 HAL9000 kwin_wayland[2468]: kwin-xmonad-lite: diagnose a89f5ec2-ab8e-4108-8088-7118500a3aab|30c27d93-fa7d-452a-ad6a-53201edcdca1|DP-3 order={dc4fa1c7-cc6b-4528-90a0-34a5d748b78f},{af7bd51b-f458-4016-8526-a9a42550dd51} teilnehmer={dc4fa1c7-cc6b-4528-90a0-34a5d748b78f},{af7bd51b-f458-4016-8526-a9a42550dd51} float=
2026-09-06T21:03:23+02:00 HAL9000 kwin_wayland[2468]: kwin-xmonad-lite: gc #130 fenster=1 surfaces=0
2026-09-06T21:03:23+02:00 HAL9000 kwin_wayland[2468]: kwin-xmonad-lite: arrange #130 grund=closed,windowRemoved surfaces=2 mitglieder=2 teilnehmer=2
2026-09-06T21:03:23+02:00 HAL9000 kwin_wayland[2468]: kwin-xmonad-lite: surface a89f5ec2-ab8e-4108-8088-7118500a3aab|30c27d93-fa7d-452a-ad6a-53201edcdca1|DP-3 layout=tall n=2 ratio=0.65 fläche=1920x1050+0+0
2026-09-06T21:03:23+02:00 HAL9000 kwin_wayland[2468]: kwin-xmonad-lite: diagnose a89f5ec2-ab8e-4108-8088-7118500a3aab|30c27d93-fa7d-452a-ad6a-53201edcdca1|DP-3 order={dc4fa1c7-cc6b-4528-90a0-34a5d748b78f},{af7bd51b-f458-4016-8526-a9a42550dd51} teilnehmer={dc4fa1c7-cc6b-4528-90a0-34a5d748b78f},{af7bd51b-f458-4016-8526-a9a42550dd51} float=
2026-09-06T21:05:52+02:00 HAL9000 kxl-abnahme[9960]: == Rueckbau AP7 Ende ==
