2026-09-06T22:35:11+02:00 HAL9000 kxl-abnahme[14436]: == AP6 Fall 26a Nachtrag Anfang ==
2026-09-06T22:35:20+02:00 HAL9000 kwin_wayland[2468]: kwin-xmonad-lite: geladen, Version 0.0.0
2026-09-06T22:35:20+02:00 HAL9000 kwin_wayland[2468]: kwin-xmonad-lite: bereit nach 1 Versuch(en), activities=1 outputs=2
2026-09-06T22:35:20+02:00 HAL9000 kwin_wayland[2468]: kwin-xmonad-lite: config gaps=0/0 ratio=0.65 layout=0 excludes=7 debug=true
2026-09-06T22:35:20+02:00 HAL9000 kwin_wayland[2468]: kwin-xmonad-lite: config excludes=kded6,krunner,plasmashell,polkit-kde-authentication-agent-1,steam_app_default,xwaylandvideobridge,yakuake
2026-09-06T22:35:20+02:00 HAL9000 kwin_wayland[2468]: kwin-xmonad-lite: shortcuts n=12
2026-09-06T22:35:20+02:00 HAL9000 kwin_wayland[2468]: kwin-xmonad-lite: bereit perOutputDesktops=false
2026-09-06T22:35:20+02:00 HAL9000 kwin_wayland[2468]: kwin-xmonad-lite: arrange #1 grund=start surfaces=2 mitglieder=0 teilnehmer=0
2026-09-06T22:35:39+02:00 HAL9000 kwin_wayland[2468]: kwin-xmonad-lite: arrange #2 grund=desktopChanged surfaces=2 mitglieder=0 teilnehmer=0
2026-09-06T22:35:42+02:00 HAL9000 kwin_wayland[2468]: kwin-xmonad-lite: arrange #3 grund=windowActivated,windowAdded surfaces=2 mitglieder=1 teilnehmer=0
2026-09-06T22:35:42+02:00 HAL9000 kwin_wayland[2468]: kwin-xmonad-lite: surface a89f5ec2-ab8e-4108-8088-7118500a3aab|b7798180-564c-4f75-ad4a-284026ac7a68|DP-3 layout=tall n=0 ratio=0.65 fläche=1920x1050+0+0
2026-09-06T22:35:42+02:00 HAL9000 kwin_wayland[2468]: kwin-xmonad-lite: diagnose a89f5ec2-ab8e-4108-8088-7118500a3aab|b7798180-564c-4f75-ad4a-284026ac7a68|DP-3 order={538e7271-3707-49df-b18a-df0cb0ff3ed4} teilnehmer= float=
2026-09-06T22:35:45+02:00 HAL9000 kwin_wayland[2468]: kwin-xmonad-lite: arrange #4 grund=fensterzustand surfaces=2 mitglieder=1 teilnehmer=0
2026-09-06T22:35:45+02:00 HAL9000 kwin_wayland[2468]: kwin-xmonad-lite: surface a89f5ec2-ab8e-4108-8088-7118500a3aab|b7798180-564c-4f75-ad4a-284026ac7a68|eDP-1 layout=tall n=0 ratio=0.65 fläche=1920x1080+1920+0
2026-09-06T22:35:45+02:00 HAL9000 kwin_wayland[2468]: kwin-xmonad-lite: diagnose a89f5ec2-ab8e-4108-8088-7118500a3aab|b7798180-564c-4f75-ad4a-284026ac7a68|eDP-1 order={538e7271-3707-49df-b18a-df0cb0ff3ed4} teilnehmer= float=
2026-09-06T22:35:48+02:00 HAL9000 kwin_wayland[2468]: kwin-xmonad-lite: arrange #5 grund=windowActivated,windowAdded surfaces=2 mitglieder=2 teilnehmer=0
2026-09-06T22:35:48+02:00 HAL9000 kwin_wayland[2468]: kwin-xmonad-lite: surface a89f5ec2-ab8e-4108-8088-7118500a3aab|b7798180-564c-4f75-ad4a-284026ac7a68|eDP-1 layout=tall n=0 ratio=0.65 fläche=1920x1080+1920+0
2026-09-06T22:35:48+02:00 HAL9000 kwin_wayland[2468]: kwin-xmonad-lite: diagnose a89f5ec2-ab8e-4108-8088-7118500a3aab|b7798180-564c-4f75-ad4a-284026ac7a68|eDP-1 order={642feec8-410e-4691-a924-5006b2a3dc6e},{538e7271-3707-49df-b18a-df0cb0ff3ed4} teilnehmer= float=
2026-09-06T22:35:51+02:00 HAL9000 kwin_wayland[2468]: kwin-xmonad-lite: arrange #6 grund=fensterzustand surfaces=2 mitglieder=2 teilnehmer=0
2026-09-06T22:35:51+02:00 HAL9000 kwin_wayland[2468]: kwin-xmonad-lite: surface a89f5ec2-ab8e-4108-8088-7118500a3aab|b7798180-564c-4f75-ad4a-284026ac7a68|eDP-1 layout=tall n=0 ratio=0.65 fläche=1920x1080+1920+0
2026-09-06T22:35:51+02:00 HAL9000 kwin_wayland[2468]: kwin-xmonad-lite: diagnose a89f5ec2-ab8e-4108-8088-7118500a3aab|b7798180-564c-4f75-ad4a-284026ac7a68|eDP-1 order={538e7271-3707-49df-b18a-df0cb0ff3ed4} teilnehmer= float=
2026-09-06T22:35:51+02:00 HAL9000 kwin_wayland[2468]: kwin-xmonad-lite: surface a89f5ec2-ab8e-4108-8088-7118500a3aab|b7798180-564c-4f75-ad4a-284026ac7a68|DP-3 layout=tall n=0 ratio=0.65 fläche=1920x1050+0+0
2026-09-06T22:35:51+02:00 HAL9000 kwin_wayland[2468]: kwin-xmonad-lite: diagnose a89f5ec2-ab8e-4108-8088-7118500a3aab|b7798180-564c-4f75-ad4a-284026ac7a68|DP-3 order={642feec8-410e-4691-a924-5006b2a3dc6e} teilnehmer= float=
2026-09-06T22:35:53+02:00 HAL9000 kwin_wayland[2468]: kwin-xmonad-lite: arrange #7 grund=desktopChanged,windowActivated surfaces=2 mitglieder=0 teilnehmer=0
2026-09-06T22:35:56+02:00 HAL9000 kwin_wayland[2468]: kwin-xmonad-lite: arrange #8 grund=windowActivated,windowAdded surfaces=2 mitglieder=1 teilnehmer=0
2026-09-06T22:35:56+02:00 HAL9000 kwin_wayland[2468]: kwin-xmonad-lite: surface a89f5ec2-ab8e-4108-8088-7118500a3aab|30c27d93-fa7d-452a-ad6a-53201edcdca1|DP-3 layout=tall n=0 ratio=0.65 fläche=1920x1050+0+0
2026-09-06T22:35:56+02:00 HAL9000 kwin_wayland[2468]: kwin-xmonad-lite: diagnose a89f5ec2-ab8e-4108-8088-7118500a3aab|30c27d93-fa7d-452a-ad6a-53201edcdca1|DP-3 order={f8aa7e54-7f25-4b2a-baf8-d527eb39334d} teilnehmer= float=
2026-09-06T22:35:59+02:00 HAL9000 kwin_wayland[2468]: kwin-xmonad-lite: arrange #9 grund=fensterzustand surfaces=2 mitglieder=1 teilnehmer=0
2026-09-06T22:35:59+02:00 HAL9000 kwin_wayland[2468]: kwin-xmonad-lite: surface a89f5ec2-ab8e-4108-8088-7118500a3aab|30c27d93-fa7d-452a-ad6a-53201edcdca1|eDP-1 layout=tall n=0 ratio=0.65 fläche=1920x1080+1920+0
2026-09-06T22:35:59+02:00 HAL9000 kwin_wayland[2468]: kwin-xmonad-lite: diagnose a89f5ec2-ab8e-4108-8088-7118500a3aab|30c27d93-fa7d-452a-ad6a-53201edcdca1|eDP-1 order={f8aa7e54-7f25-4b2a-baf8-d527eb39334d} teilnehmer= float=
2026-09-06T22:36:02+02:00 HAL9000 kwin_wayland[2468]: kwin-xmonad-lite: arrange #10 grund=windowActivated,windowAdded surfaces=2 mitglieder=2 teilnehmer=0
2026-09-06T22:36:02+02:00 HAL9000 kwin_wayland[2468]: kwin-xmonad-lite: surface a89f5ec2-ab8e-4108-8088-7118500a3aab|30c27d93-fa7d-452a-ad6a-53201edcdca1|eDP-1 layout=tall n=0 ratio=0.65 fläche=1920x1080+1920+0
2026-09-06T22:36:02+02:00 HAL9000 kwin_wayland[2468]: kwin-xmonad-lite: diagnose a89f5ec2-ab8e-4108-8088-7118500a3aab|30c27d93-fa7d-452a-ad6a-53201edcdca1|eDP-1 order={f8e24866-b386-48a2-be77-243987168e6c},{f8aa7e54-7f25-4b2a-baf8-d527eb39334d} teilnehmer= float=
2026-09-06T22:36:05+02:00 HAL9000 kwin_wayland[2468]: kwin-xmonad-lite: arrange #11 grund=fensterzustand surfaces=2 mitglieder=2 teilnehmer=0
2026-09-06T22:36:05+02:00 HAL9000 kwin_wayland[2468]: kwin-xmonad-lite: surface a89f5ec2-ab8e-4108-8088-7118500a3aab|30c27d93-fa7d-452a-ad6a-53201edcdca1|eDP-1 layout=tall n=0 ratio=0.65 fläche=1920x1080+1920+0
2026-09-06T22:36:05+02:00 HAL9000 kwin_wayland[2468]: kwin-xmonad-lite: diagnose a89f5ec2-ab8e-4108-8088-7118500a3aab|30c27d93-fa7d-452a-ad6a-53201edcdca1|eDP-1 order={f8aa7e54-7f25-4b2a-baf8-d527eb39334d} teilnehmer= float=
2026-09-06T22:36:05+02:00 HAL9000 kwin_wayland[2468]: kwin-xmonad-lite: surface a89f5ec2-ab8e-4108-8088-7118500a3aab|30c27d93-fa7d-452a-ad6a-53201edcdca1|DP-3 layout=tall n=0 ratio=0.65 fläche=1920x1050+0+0
2026-09-06T22:36:05+02:00 HAL9000 kwin_wayland[2468]: kwin-xmonad-lite: diagnose a89f5ec2-ab8e-4108-8088-7118500a3aab|30c27d93-fa7d-452a-ad6a-53201edcdca1|DP-3 order={f8e24866-b386-48a2-be77-243987168e6c} teilnehmer= float=
2026-09-06T22:36:07+02:00 HAL9000 kwin_wayland[2468]: kwin-xmonad-lite: arrange #12 grund=desktopChanged,windowActivated surfaces=2 mitglieder=0 teilnehmer=0
2026-09-06T22:36:10+02:00 HAL9000 kwin_wayland[2468]: kwin-xmonad-lite: arrange #13 grund=windowActivated,windowAdded surfaces=2 mitglieder=1 teilnehmer=0
2026-09-06T22:36:10+02:00 HAL9000 kwin_wayland[2468]: kwin-xmonad-lite: surface a89f5ec2-ab8e-4108-8088-7118500a3aab|eb859906-5dd5-4314-92bc-4f3cc1582e4f|DP-3 layout=tall n=0 ratio=0.65 fläche=1920x1050+0+0
2026-09-06T22:36:10+02:00 HAL9000 kwin_wayland[2468]: kwin-xmonad-lite: diagnose a89f5ec2-ab8e-4108-8088-7118500a3aab|eb859906-5dd5-4314-92bc-4f3cc1582e4f|DP-3 order={0d0abc02-eaf8-4b67-b522-736cc4729476} teilnehmer= float=
2026-09-06T22:36:13+02:00 HAL9000 kwin_wayland[2468]: kwin-xmonad-lite: arrange #14 grund=fensterzustand surfaces=2 mitglieder=1 teilnehmer=0
2026-09-06T22:36:13+02:00 HAL9000 kwin_wayland[2468]: kwin-xmonad-lite: surface a89f5ec2-ab8e-4108-8088-7118500a3aab|eb859906-5dd5-4314-92bc-4f3cc1582e4f|eDP-1 layout=tall n=0 ratio=0.65 fläche=1920x1080+1920+0
2026-09-06T22:36:13+02:00 HAL9000 kwin_wayland[2468]: kwin-xmonad-lite: diagnose a89f5ec2-ab8e-4108-8088-7118500a3aab|eb859906-5dd5-4314-92bc-4f3cc1582e4f|eDP-1 order={0d0abc02-eaf8-4b67-b522-736cc4729476} teilnehmer= float=
2026-09-06T22:36:16+02:00 HAL9000 kwin_wayland[2468]: kwin-xmonad-lite: arrange #15 grund=windowActivated,windowAdded surfaces=2 mitglieder=2 teilnehmer=0
2026-09-06T22:36:16+02:00 HAL9000 kwin_wayland[2468]: kwin-xmonad-lite: surface a89f5ec2-ab8e-4108-8088-7118500a3aab|eb859906-5dd5-4314-92bc-4f3cc1582e4f|eDP-1 layout=tall n=0 ratio=0.65 fläche=1920x1080+1920+0
2026-09-06T22:36:16+02:00 HAL9000 kwin_wayland[2468]: kwin-xmonad-lite: diagnose a89f5ec2-ab8e-4108-8088-7118500a3aab|eb859906-5dd5-4314-92bc-4f3cc1582e4f|eDP-1 order={4f86534d-7bfa-475d-82ed-7a1be6608340},{0d0abc02-eaf8-4b67-b522-736cc4729476} teilnehmer= float=
2026-09-06T22:36:19+02:00 HAL9000 kwin_wayland[2468]: kwin-xmonad-lite: arrange #16 grund=fensterzustand surfaces=2 mitglieder=2 teilnehmer=0
2026-09-06T22:36:19+02:00 HAL9000 kwin_wayland[2468]: kwin-xmonad-lite: surface a89f5ec2-ab8e-4108-8088-7118500a3aab|eb859906-5dd5-4314-92bc-4f3cc1582e4f|eDP-1 layout=tall n=0 ratio=0.65 fläche=1920x1080+1920+0
2026-09-06T22:36:19+02:00 HAL9000 kwin_wayland[2468]: kwin-xmonad-lite: diagnose a89f5ec2-ab8e-4108-8088-7118500a3aab|eb859906-5dd5-4314-92bc-4f3cc1582e4f|eDP-1 order={0d0abc02-eaf8-4b67-b522-736cc4729476} teilnehmer= float=
2026-09-06T22:36:19+02:00 HAL9000 kwin_wayland[2468]: kwin-xmonad-lite: surface a89f5ec2-ab8e-4108-8088-7118500a3aab|eb859906-5dd5-4314-92bc-4f3cc1582e4f|DP-3 layout=tall n=0 ratio=0.65 fläche=1920x1050+0+0
2026-09-06T22:36:19+02:00 HAL9000 kwin_wayland[2468]: kwin-xmonad-lite: diagnose a89f5ec2-ab8e-4108-8088-7118500a3aab|eb859906-5dd5-4314-92bc-4f3cc1582e4f|DP-3 order={4f86534d-7bfa-475d-82ed-7a1be6608340} teilnehmer= float=
2026-09-06T22:37:40+02:00 HAL9000 kwin_wayland[2468]: kwin-xmonad-lite: gc #17 fenster=1 surfaces=0
2026-09-06T22:37:40+02:00 HAL9000 kwin_wayland[2468]: kwin-xmonad-lite: arrange #17 grund=closed,windowRemoved surfaces=2 mitglieder=2 teilnehmer=0
2026-09-06T22:37:40+02:00 HAL9000 kwin_wayland[2468]: kwin-xmonad-lite: surface a89f5ec2-ab8e-4108-8088-7118500a3aab|eb859906-5dd5-4314-92bc-4f3cc1582e4f|eDP-1 layout=tall n=0 ratio=0.65 fläche=1920x1080+1920+0
2026-09-06T22:37:40+02:00 HAL9000 kwin_wayland[2468]: kwin-xmonad-lite: diagnose a89f5ec2-ab8e-4108-8088-7118500a3aab|eb859906-5dd5-4314-92bc-4f3cc1582e4f|eDP-1 order={0d0abc02-eaf8-4b67-b522-736cc4729476} teilnehmer= float=
2026-09-06T22:37:40+02:00 HAL9000 kwin_wayland[2468]: kwin-xmonad-lite: surface a89f5ec2-ab8e-4108-8088-7118500a3aab|eb859906-5dd5-4314-92bc-4f3cc1582e4f|DP-3 layout=tall n=0 ratio=0.65 fläche=1920x1050+0+0
2026-09-06T22:37:40+02:00 HAL9000 kwin_wayland[2468]: kwin-xmonad-lite: diagnose a89f5ec2-ab8e-4108-8088-7118500a3aab|eb859906-5dd5-4314-92bc-4f3cc1582e4f|DP-3 order={4f86534d-7bfa-475d-82ed-7a1be6608340} teilnehmer= float=
2026-09-06T22:37:40+02:00 HAL9000 kwin_wayland[2468]: kwin-xmonad-lite: gc #18 fenster=1 surfaces=0
2026-09-06T22:37:40+02:00 HAL9000 kwin_wayland[2468]: kwin-xmonad-lite: arrange #18 grund=closed,windowRemoved surfaces=2 mitglieder=2 teilnehmer=0
2026-09-06T22:37:40+02:00 HAL9000 kwin_wayland[2468]: kwin-xmonad-lite: surface a89f5ec2-ab8e-4108-8088-7118500a3aab|eb859906-5dd5-4314-92bc-4f3cc1582e4f|eDP-1 layout=tall n=0 ratio=0.65 fläche=1920x1080+1920+0
2026-09-06T22:37:40+02:00 HAL9000 kwin_wayland[2468]: kwin-xmonad-lite: diagnose a89f5ec2-ab8e-4108-8088-7118500a3aab|eb859906-5dd5-4314-92bc-4f3cc1582e4f|eDP-1 order={0d0abc02-eaf8-4b67-b522-736cc4729476} teilnehmer= float=
2026-09-06T22:37:40+02:00 HAL9000 kwin_wayland[2468]: kwin-xmonad-lite: surface a89f5ec2-ab8e-4108-8088-7118500a3aab|eb859906-5dd5-4314-92bc-4f3cc1582e4f|DP-3 layout=tall n=0 ratio=0.65 fläche=1920x1050+0+0
2026-09-06T22:37:40+02:00 HAL9000 kwin_wayland[2468]: kwin-xmonad-lite: diagnose a89f5ec2-ab8e-4108-8088-7118500a3aab|eb859906-5dd5-4314-92bc-4f3cc1582e4f|DP-3 order={4f86534d-7bfa-475d-82ed-7a1be6608340} teilnehmer= float=
2026-09-06T22:37:40+02:00 HAL9000 kwin_wayland[2468]: kwin-xmonad-lite: gc #19 fenster=1 surfaces=0
2026-09-06T22:37:40+02:00 HAL9000 kwin_wayland[2468]: kwin-xmonad-lite: arrange #19 grund=closed,windowRemoved surfaces=2 mitglieder=2 teilnehmer=0
2026-09-06T22:37:40+02:00 HAL9000 kwin_wayland[2468]: kwin-xmonad-lite: surface a89f5ec2-ab8e-4108-8088-7118500a3aab|eb859906-5dd5-4314-92bc-4f3cc1582e4f|eDP-1 layout=tall n=0 ratio=0.65 fläche=1920x1080+1920+0
2026-09-06T22:37:40+02:00 HAL9000 kwin_wayland[2468]: kwin-xmonad-lite: diagnose a89f5ec2-ab8e-4108-8088-7118500a3aab|eb859906-5dd5-4314-92bc-4f3cc1582e4f|eDP-1 order={0d0abc02-eaf8-4b67-b522-736cc4729476} teilnehmer= float=
2026-09-06T22:37:40+02:00 HAL9000 kwin_wayland[2468]: kwin-xmonad-lite: surface a89f5ec2-ab8e-4108-8088-7118500a3aab|eb859906-5dd5-4314-92bc-4f3cc1582e4f|DP-3 layout=tall n=0 ratio=0.65 fläche=1920x1050+0+0
2026-09-06T22:37:40+02:00 HAL9000 kwin_wayland[2468]: kwin-xmonad-lite: diagnose a89f5ec2-ab8e-4108-8088-7118500a3aab|eb859906-5dd5-4314-92bc-4f3cc1582e4f|DP-3 order={4f86534d-7bfa-475d-82ed-7a1be6608340} teilnehmer= float=
2026-09-06T22:37:41+02:00 HAL9000 kwin_wayland[2468]: kwin-xmonad-lite: gc #20 fenster=1 surfaces=0
2026-09-06T22:37:41+02:00 HAL9000 kwin_wayland[2468]: kwin-xmonad-lite: arrange #20 grund=closed,windowActivated,windowRemoved surfaces=2 mitglieder=1 teilnehmer=0
2026-09-06T22:37:41+02:00 HAL9000 kwin_wayland[2468]: kwin-xmonad-lite: surface a89f5ec2-ab8e-4108-8088-7118500a3aab|eb859906-5dd5-4314-92bc-4f3cc1582e4f|eDP-1 layout=tall n=0 ratio=0.65 fläche=1920x1080+1920+0
2026-09-06T22:37:41+02:00 HAL9000 kwin_wayland[2468]: kwin-xmonad-lite: diagnose a89f5ec2-ab8e-4108-8088-7118500a3aab|eb859906-5dd5-4314-92bc-4f3cc1582e4f|eDP-1 order={0d0abc02-eaf8-4b67-b522-736cc4729476} teilnehmer= float=
2026-09-06T22:37:41+02:00 HAL9000 kwin_wayland[2468]: kwin-xmonad-lite: gc #21 fenster=1 surfaces=0
2026-09-06T22:37:41+02:00 HAL9000 kwin_wayland[2468]: kwin-xmonad-lite: arrange #21 grund=closed,windowRemoved surfaces=2 mitglieder=1 teilnehmer=0
2026-09-06T22:37:41+02:00 HAL9000 kwin_wayland[2468]: kwin-xmonad-lite: surface a89f5ec2-ab8e-4108-8088-7118500a3aab|eb859906-5dd5-4314-92bc-4f3cc1582e4f|eDP-1 layout=tall n=0 ratio=0.65 fläche=1920x1080+1920+0
2026-09-06T22:37:41+02:00 HAL9000 kwin_wayland[2468]: kwin-xmonad-lite: diagnose a89f5ec2-ab8e-4108-8088-7118500a3aab|eb859906-5dd5-4314-92bc-4f3cc1582e4f|eDP-1 order={0d0abc02-eaf8-4b67-b522-736cc4729476} teilnehmer= float=
2026-09-06T22:37:43+02:00 HAL9000 kwin_wayland[2468]: kwin-xmonad-lite: gc #22 fenster=1 surfaces=0
2026-09-06T22:37:43+02:00 HAL9000 kwin_wayland[2468]: kwin-xmonad-lite: arrange #22 grund=closed,windowRemoved surfaces=2 mitglieder=0 teilnehmer=0
2026-09-06T22:37:55+02:00 HAL9000 kwin_wayland[2468]: kwin-xmonad-lite: arrange #23 grund=desktopChanged surfaces=2 mitglieder=0 teilnehmer=0
2026-09-06T22:37:57+02:00 HAL9000 kwin_wayland[2468]: kwin-xmonad-lite: arrange #24 grund=windowActivated,windowAdded surfaces=2 mitglieder=1 teilnehmer=0
2026-09-06T22:37:57+02:00 HAL9000 kwin_wayland[2468]: kwin-xmonad-lite: surface a89f5ec2-ab8e-4108-8088-7118500a3aab|b7798180-564c-4f75-ad4a-284026ac7a68|DP-3 layout=tall n=0 ratio=0.65 fläche=1920x1050+0+0
2026-09-06T22:37:57+02:00 HAL9000 kwin_wayland[2468]: kwin-xmonad-lite: diagnose a89f5ec2-ab8e-4108-8088-7118500a3aab|b7798180-564c-4f75-ad4a-284026ac7a68|DP-3 order={eb7c3039-28ba-4583-a59b-fe8b5f16f24d} teilnehmer= float=
2026-09-06T22:38:01+02:00 HAL9000 kwin_wayland[2468]: kwin-xmonad-lite: arrange #25 grund=fensterzustand surfaces=2 mitglieder=1 teilnehmer=0
2026-09-06T22:38:01+02:00 HAL9000 kwin_wayland[2468]: kwin-xmonad-lite: surface a89f5ec2-ab8e-4108-8088-7118500a3aab|b7798180-564c-4f75-ad4a-284026ac7a68|eDP-1 layout=tall n=0 ratio=0.65 fläche=1920x1080+1920+0
2026-09-06T22:38:01+02:00 HAL9000 kwin_wayland[2468]: kwin-xmonad-lite: diagnose a89f5ec2-ab8e-4108-8088-7118500a3aab|b7798180-564c-4f75-ad4a-284026ac7a68|eDP-1 order={eb7c3039-28ba-4583-a59b-fe8b5f16f24d} teilnehmer= float=
2026-09-06T22:38:03+02:00 HAL9000 kwin_wayland[2468]: kwin-xmonad-lite: arrange #26 grund=windowActivated,windowAdded surfaces=2 mitglieder=2 teilnehmer=0
2026-09-06T22:38:03+02:00 HAL9000 kwin_wayland[2468]: kwin-xmonad-lite: surface a89f5ec2-ab8e-4108-8088-7118500a3aab|b7798180-564c-4f75-ad4a-284026ac7a68|eDP-1 layout=tall n=0 ratio=0.65 fläche=1920x1080+1920+0
2026-09-06T22:38:03+02:00 HAL9000 kwin_wayland[2468]: kwin-xmonad-lite: diagnose a89f5ec2-ab8e-4108-8088-7118500a3aab|b7798180-564c-4f75-ad4a-284026ac7a68|eDP-1 order={cf09015d-ec14-474d-a9d5-98c3e5e62842},{eb7c3039-28ba-4583-a59b-fe8b5f16f24d} teilnehmer= float=
2026-09-06T22:38:07+02:00 HAL9000 kwin_wayland[2468]: kwin-xmonad-lite: arrange #27 grund=fensterzustand surfaces=2 mitglieder=2 teilnehmer=0
2026-09-06T22:38:07+02:00 HAL9000 kwin_wayland[2468]: kwin-xmonad-lite: surface a89f5ec2-ab8e-4108-8088-7118500a3aab|b7798180-564c-4f75-ad4a-284026ac7a68|eDP-1 layout=tall n=0 ratio=0.65 fläche=1920x1080+1920+0
2026-09-06T22:38:07+02:00 HAL9000 kwin_wayland[2468]: kwin-xmonad-lite: diagnose a89f5ec2-ab8e-4108-8088-7118500a3aab|b7798180-564c-4f75-ad4a-284026ac7a68|eDP-1 order={eb7c3039-28ba-4583-a59b-fe8b5f16f24d} teilnehmer= float=
2026-09-06T22:38:07+02:00 HAL9000 kwin_wayland[2468]: kwin-xmonad-lite: surface a89f5ec2-ab8e-4108-8088-7118500a3aab|b7798180-564c-4f75-ad4a-284026ac7a68|DP-3 layout=tall n=0 ratio=0.65 fläche=1920x1050+0+0
2026-09-06T22:38:07+02:00 HAL9000 kwin_wayland[2468]: kwin-xmonad-lite: diagnose a89f5ec2-ab8e-4108-8088-7118500a3aab|b7798180-564c-4f75-ad4a-284026ac7a68|DP-3 order={cf09015d-ec14-474d-a9d5-98c3e5e62842} teilnehmer= float=
2026-09-06T22:38:09+02:00 HAL9000 kwin_wayland[2468]: kwin-xmonad-lite: arrange #28 grund=desktopChanged,windowActivated surfaces=2 mitglieder=0 teilnehmer=0
2026-09-06T22:38:11+02:00 HAL9000 kwin_wayland[2468]: kwin-xmonad-lite: arrange #29 grund=windowActivated,windowAdded surfaces=2 mitglieder=1 teilnehmer=0
2026-09-06T22:38:11+02:00 HAL9000 kwin_wayland[2468]: kwin-xmonad-lite: surface a89f5ec2-ab8e-4108-8088-7118500a3aab|30c27d93-fa7d-452a-ad6a-53201edcdca1|DP-3 layout=tall n=0 ratio=0.65 fläche=1920x1050+0+0
2026-09-06T22:38:11+02:00 HAL9000 kwin_wayland[2468]: kwin-xmonad-lite: diagnose a89f5ec2-ab8e-4108-8088-7118500a3aab|30c27d93-fa7d-452a-ad6a-53201edcdca1|DP-3 order={a065d49d-3cca-4e47-9ca5-959fbb85f6ef} teilnehmer= float=
2026-09-06T22:38:15+02:00 HAL9000 kwin_wayland[2468]: kwin-xmonad-lite: arrange #30 grund=fensterzustand surfaces=2 mitglieder=1 teilnehmer=0
2026-09-06T22:38:15+02:00 HAL9000 kwin_wayland[2468]: kwin-xmonad-lite: surface a89f5ec2-ab8e-4108-8088-7118500a3aab|30c27d93-fa7d-452a-ad6a-53201edcdca1|eDP-1 layout=tall n=0 ratio=0.65 fläche=1920x1080+1920+0
2026-09-06T22:38:15+02:00 HAL9000 kwin_wayland[2468]: kwin-xmonad-lite: diagnose a89f5ec2-ab8e-4108-8088-7118500a3aab|30c27d93-fa7d-452a-ad6a-53201edcdca1|eDP-1 order={a065d49d-3cca-4e47-9ca5-959fbb85f6ef} teilnehmer= float=
2026-09-06T22:38:18+02:00 HAL9000 kwin_wayland[2468]: kwin-xmonad-lite: arrange #31 grund=windowActivated,windowAdded surfaces=2 mitglieder=2 teilnehmer=0
2026-09-06T22:38:18+02:00 HAL9000 kwin_wayland[2468]: kwin-xmonad-lite: surface a89f5ec2-ab8e-4108-8088-7118500a3aab|30c27d93-fa7d-452a-ad6a-53201edcdca1|eDP-1 layout=tall n=0 ratio=0.65 fläche=1920x1080+1920+0
2026-09-06T22:38:18+02:00 HAL9000 kwin_wayland[2468]: kwin-xmonad-lite: diagnose a89f5ec2-ab8e-4108-8088-7118500a3aab|30c27d93-fa7d-452a-ad6a-53201edcdca1|eDP-1 order={c432f6d3-8c42-4e85-91ad-db1fc5cd7a19},{a065d49d-3cca-4e47-9ca5-959fbb85f6ef} teilnehmer= float=
2026-09-06T22:38:21+02:00 HAL9000 kwin_wayland[2468]: kwin-xmonad-lite: arrange #32 grund=fensterzustand surfaces=2 mitglieder=2 teilnehmer=0
2026-09-06T22:38:21+02:00 HAL9000 kwin_wayland[2468]: kwin-xmonad-lite: surface a89f5ec2-ab8e-4108-8088-7118500a3aab|30c27d93-fa7d-452a-ad6a-53201edcdca1|eDP-1 layout=tall n=0 ratio=0.65 fläche=1920x1080+1920+0
2026-09-06T22:38:21+02:00 HAL9000 kwin_wayland[2468]: kwin-xmonad-lite: diagnose a89f5ec2-ab8e-4108-8088-7118500a3aab|30c27d93-fa7d-452a-ad6a-53201edcdca1|eDP-1 order={a065d49d-3cca-4e47-9ca5-959fbb85f6ef} teilnehmer= float=
2026-09-06T22:38:21+02:00 HAL9000 kwin_wayland[2468]: kwin-xmonad-lite: surface a89f5ec2-ab8e-4108-8088-7118500a3aab|30c27d93-fa7d-452a-ad6a-53201edcdca1|DP-3 layout=tall n=0 ratio=0.65 fläche=1920x1050+0+0
2026-09-06T22:38:21+02:00 HAL9000 kwin_wayland[2468]: kwin-xmonad-lite: diagnose a89f5ec2-ab8e-4108-8088-7118500a3aab|30c27d93-fa7d-452a-ad6a-53201edcdca1|DP-3 order={c432f6d3-8c42-4e85-91ad-db1fc5cd7a19} teilnehmer= float=
2026-09-06T22:38:23+02:00 HAL9000 kwin_wayland[2468]: kwin-xmonad-lite: arrange #33 grund=desktopChanged,windowActivated surfaces=2 mitglieder=0 teilnehmer=0
2026-09-06T22:38:26+02:00 HAL9000 kwin_wayland[2468]: kwin-xmonad-lite: arrange #34 grund=windowActivated,windowAdded surfaces=2 mitglieder=1 teilnehmer=0
2026-09-06T22:38:26+02:00 HAL9000 kwin_wayland[2468]: kwin-xmonad-lite: surface a89f5ec2-ab8e-4108-8088-7118500a3aab|eb859906-5dd5-4314-92bc-4f3cc1582e4f|DP-3 layout=tall n=0 ratio=0.65 fläche=1920x1050+0+0
2026-09-06T22:38:26+02:00 HAL9000 kwin_wayland[2468]: kwin-xmonad-lite: diagnose a89f5ec2-ab8e-4108-8088-7118500a3aab|eb859906-5dd5-4314-92bc-4f3cc1582e4f|DP-3 order={0eef7191-9c94-4321-b99b-c4d38b5e83c9} teilnehmer= float=
2026-09-06T22:38:29+02:00 HAL9000 kwin_wayland[2468]: kwin-xmonad-lite: arrange #35 grund=fensterzustand surfaces=2 mitglieder=1 teilnehmer=0
2026-09-06T22:38:29+02:00 HAL9000 kwin_wayland[2468]: kwin-xmonad-lite: surface a89f5ec2-ab8e-4108-8088-7118500a3aab|eb859906-5dd5-4314-92bc-4f3cc1582e4f|eDP-1 layout=tall n=0 ratio=0.65 fläche=1920x1080+1920+0
2026-09-06T22:38:29+02:00 HAL9000 kwin_wayland[2468]: kwin-xmonad-lite: diagnose a89f5ec2-ab8e-4108-8088-7118500a3aab|eb859906-5dd5-4314-92bc-4f3cc1582e4f|eDP-1 order={0eef7191-9c94-4321-b99b-c4d38b5e83c9} teilnehmer= float=
2026-09-06T22:38:32+02:00 HAL9000 kwin_wayland[2468]: kwin-xmonad-lite: arrange #36 grund=windowActivated,windowAdded surfaces=2 mitglieder=2 teilnehmer=0
2026-09-06T22:38:32+02:00 HAL9000 kwin_wayland[2468]: kwin-xmonad-lite: surface a89f5ec2-ab8e-4108-8088-7118500a3aab|eb859906-5dd5-4314-92bc-4f3cc1582e4f|eDP-1 layout=tall n=0 ratio=0.65 fläche=1920x1080+1920+0
2026-09-06T22:38:32+02:00 HAL9000 kwin_wayland[2468]: kwin-xmonad-lite: diagnose a89f5ec2-ab8e-4108-8088-7118500a3aab|eb859906-5dd5-4314-92bc-4f3cc1582e4f|eDP-1 order={ba6367e2-579d-4400-a71e-10ff6af78986},{0eef7191-9c94-4321-b99b-c4d38b5e83c9} teilnehmer= float=
2026-09-06T22:38:35+02:00 HAL9000 kwin_wayland[2468]: kwin-xmonad-lite: arrange #37 grund=fensterzustand surfaces=2 mitglieder=2 teilnehmer=0
2026-09-06T22:38:35+02:00 HAL9000 kwin_wayland[2468]: kwin-xmonad-lite: surface a89f5ec2-ab8e-4108-8088-7118500a3aab|eb859906-5dd5-4314-92bc-4f3cc1582e4f|eDP-1 layout=tall n=0 ratio=0.65 fläche=1920x1080+1920+0
2026-09-06T22:38:35+02:00 HAL9000 kwin_wayland[2468]: kwin-xmonad-lite: diagnose a89f5ec2-ab8e-4108-8088-7118500a3aab|eb859906-5dd5-4314-92bc-4f3cc1582e4f|eDP-1 order={0eef7191-9c94-4321-b99b-c4d38b5e83c9} teilnehmer= float=
2026-09-06T22:38:35+02:00 HAL9000 kwin_wayland[2468]: kwin-xmonad-lite: surface a89f5ec2-ab8e-4108-8088-7118500a3aab|eb859906-5dd5-4314-92bc-4f3cc1582e4f|DP-3 layout=tall n=0 ratio=0.65 fläche=1920x1050+0+0
2026-09-06T22:38:35+02:00 HAL9000 kwin_wayland[2468]: kwin-xmonad-lite: diagnose a89f5ec2-ab8e-4108-8088-7118500a3aab|eb859906-5dd5-4314-92bc-4f3cc1582e4f|DP-3 order={ba6367e2-579d-4400-a71e-10ff6af78986} teilnehmer= float=
2026-09-06T22:38:57+02:00 HAL9000 kwin_wayland[2468]: KXLGEO1 {"k":"meta","tag":"KXLGEO1","start":1788727137561,"perOutputDesktops":false,"outputs":2,"samples":[0,500,1500,3000],"titlePrefix":"kxl-","r":1788727137561,"n":0,"ms":0}
2026-09-06T22:38:57+02:00 HAL9000 kwin_wayland[2468]: KXLGEO1 {"k":"view","s":0,"key":"a89f5ec2-ab8e-4108-8088-7118500a3aab|eb859906-5dd5-4314-92bc-4f3cc1582e4f|eDP-1","activity":"a89f5ec2-ab8e-4108-8088-7118500a3aab","desktop":"eb859906-5dd5-4314-92bc-4f3cc1582e4f","output":"eDP-1","area":{"x":1920,"y":0,"w":1920,"h":1080,"exakt":true},"r":1788727137561,"n":1,"ms":0}
2026-09-06T22:38:57+02:00 HAL9000 kwin_wayland[2468]: KXLGEO1 {"k":"view","s":0,"key":"a89f5ec2-ab8e-4108-8088-7118500a3aab|eb859906-5dd5-4314-92bc-4f3cc1582e4f|DP-3","activity":"a89f5ec2-ab8e-4108-8088-7118500a3aab","desktop":"eb859906-5dd5-4314-92bc-4f3cc1582e4f","output":"DP-3","area":{"x":0,"y":0,"w":1920,"h":1050,"exakt":true},"r":1788727137561,"n":2,"ms":0}
2026-09-06T22:38:57+02:00 HAL9000 kwin_wayland[2468]: KXLGEO1 {"k":"active","s":0,"activeId":"{ba6367e2-579d-4400-a71e-10ff6af78986}","r":1788727137561,"n":3,"ms":0}
2026-09-06T22:38:57+02:00 HAL9000 kwin_wayland[2468]: KXLGEO1 {"k":"win","s":0,"id":"{89b38cc9-014d-4323-ae5d-4c07d535682f}","cls":"plasmashell","caption":"<Titel entfernt>","output":"DP-3","desktops":[],"activities":[],"onAllDesktops":true,"geo":{"x":0,"y":0,"w":1920,"h":1080,"exakt":true},"min":{"w":0,"h":0},"max":{"w":2147483647,"h":2147483647},"fullScreen":false,"minimized":false,"maximizeMode":0,"moveable":false,"resizeable":false,"move":false,"resize":false,"managed":true,"deleted":false,"normalWindow":false,"specialWindow":true,"popupWindow":false,"dialog":false,"utility":false,"splash":false,"dock":false,"transient":false,"modal":false,"transientFor":null,"r":1788727137561,"n":4,"ms":0}
2026-09-06T22:38:57+02:00 HAL9000 kwin_wayland[2468]: KXLGEO1 {"k":"win","s":0,"id":"{2a15acd8-fb85-4dbe-b1e1-052a1352b6f3}","cls":"plasmashell","caption":"<Titel entfernt>","output":"DP-3","desktops":[],"activities":[],"onAllDesktops":true,"geo":{"x":0,"y":1050,"w":1920,"h":30,"exakt":true},"min":{"w":0,"h":0},"max":{"w":2147483647,"h":2147483647},"fullScreen":false,"minimized":false,"maximizeMode":0,"moveable":false,"resizeable":false,"move":false,"resize":false,"managed":true,"deleted":false,"normalWindow":false,"specialWindow":true,"popupWindow":false,"dialog":false,"utility":false,"splash":false,"dock":true,"transient":false,"modal":false,"transientFor":null,"r":1788727137561,"n":5,"ms":0}
2026-09-06T22:38:57+02:00 HAL9000 kwin_wayland[2468]: KXLGEO1 {"k":"win","s":0,"id":"{3f388390-70ab-41fc-827a-b984ea8aa5c6}","cls":"plasmashell","caption":"<Titel entfernt>","output":"eDP-1","desktops":[],"activities":[],"onAllDesktops":true,"geo":{"x":1920,"y":0,"w":1920,"h":1080,"exakt":true},"min":{"w":0,"h":0},"max":{"w":2147483647,"h":2147483647},"fullScreen":false,"minimized":false,"maximizeMode":0,"moveable":false,"resizeable":false,"move":false,"resize":false,"managed":true,"deleted":false,"normalWindow":false,"specialWindow":true,"popupWindow":false,"dialog":false,"utility":false,"splash":false,"dock":false,"transient":false,"modal":false,"transientFor":null,"r":1788727137561,"n":6,"ms":0}
2026-09-06T22:38:57+02:00 HAL9000 kwin_wayland[2468]: KXLGEO1 {"k":"win","s":0,"id":"{eb7c3039-28ba-4583-a59b-fe8b5f16f24d}","cls":"org.kde.kwrite","caption":"kxl-e21.txt — KWrite","output":"eDP-1","desktops":["b7798180-564c-4f75-ad4a-284026ac7a68"],"activities":["a89f5ec2-ab8e-4108-8088-7118500a3aab"],"onAllDesktops":false,"geo":{"x":1920,"y":0,"w":1920,"h":1080,"exakt":true},"min":{"w":157,"h":150},"max":{"w":2147483647,"h":2147483647},"fullScreen":false,"minimized":false,"maximizeMode":3,"moveable":true,"resizeable":true,"move":false,"resize":false,"managed":true,"deleted":false,"normalWindow":true,"specialWindow":false,"popupWindow":false,"dialog":false,"utility":false,"splash":false,"dock":false,"transient":false,"modal":false,"transientFor":null,"r":1788727137561,"n":7,"ms":1}
2026-09-06T22:38:57+02:00 HAL9000 kwin_wayland[2468]: KXLGEO1 {"k":"win","s":0,"id":"{cf09015d-ec14-474d-a9d5-98c3e5e62842}","cls":"org.kde.kwrite","caption":"kxl-e22.txt — KWrite","output":"DP-3","desktops":["b7798180-564c-4f75-ad4a-284026ac7a68"],"activities":["a89f5ec2-ab8e-4108-8088-7118500a3aab"],"onAllDesktops":false,"geo":{"x":0,"y":0,"w":1920,"h":1050,"exakt":true},"min":{"w":157,"h":150},"max":{"w":2147483647,"h":2147483647},"fullScreen":false,"minimized":false,"maximizeMode":3,"moveable":true,"resizeable":true,"move":false,"resize":false,"managed":true,"deleted":false,"normalWindow":true,"specialWindow":false,"popupWindow":false,"dialog":false,"utility":false,"splash":false,"dock":false,"transient":false,"modal":false,"transientFor":null,"r":1788727137561,"n":8,"ms":1}
2026-09-06T22:38:57+02:00 HAL9000 kwin_wayland[2468]: KXLGEO1 {"k":"win","s":0,"id":"{a065d49d-3cca-4e47-9ca5-959fbb85f6ef}","cls":"org.kde.kwrite","caption":"kxl-e31.txt — KWrite","output":"eDP-1","desktops":["30c27d93-fa7d-452a-ad6a-53201edcdca1"],"activities":["a89f5ec2-ab8e-4108-8088-7118500a3aab"],"onAllDesktops":false,"geo":{"x":1920,"y":0,"w":1920,"h":1080,"exakt":true},"min":{"w":157,"h":150},"max":{"w":2147483647,"h":2147483647},"fullScreen":false,"minimized":false,"maximizeMode":3,"moveable":true,"resizeable":true,"move":false,"resize":false,"managed":true,"deleted":false,"normalWindow":true,"specialWindow":false,"popupWindow":false,"dialog":false,"utility":false,"splash":false,"dock":false,"transient":false,"modal":false,"transientFor":null,"r":1788727137561,"n":9,"ms":1}
2026-09-06T22:38:57+02:00 HAL9000 kwin_wayland[2468]: KXLGEO1 {"k":"win","s":0,"id":"{c432f6d3-8c42-4e85-91ad-db1fc5cd7a19}","cls":"org.kde.kwrite","caption":"kxl-e32.txt — KWrite","output":"DP-3","desktops":["30c27d93-fa7d-452a-ad6a-53201edcdca1"],"activities":["a89f5ec2-ab8e-4108-8088-7118500a3aab"],"onAllDesktops":false,"geo":{"x":0,"y":0,"w":1920,"h":1050,"exakt":true},"min":{"w":157,"h":150},"max":{"w":2147483647,"h":2147483647},"fullScreen":false,"minimized":false,"maximizeMode":3,"moveable":true,"resizeable":true,"move":false,"resize":false,"managed":true,"deleted":false,"normalWindow":true,"specialWindow":false,"popupWindow":false,"dialog":false,"utility":false,"splash":false,"dock":false,"transient":false,"modal":false,"transientFor":null,"r":1788727137561,"n":10,"ms":1}
2026-09-06T22:38:57+02:00 HAL9000 kwin_wayland[2468]: KXLGEO1 {"k":"win","s":0,"id":"{0eef7191-9c94-4321-b99b-c4d38b5e83c9}","cls":"org.kde.kwrite","caption":"kxl-e41.txt — KWrite","output":"eDP-1","desktops":["eb859906-5dd5-4314-92bc-4f3cc1582e4f"],"activities":["a89f5ec2-ab8e-4108-8088-7118500a3aab"],"onAllDesktops":false,"geo":{"x":1920,"y":0,"w":1920,"h":1080,"exakt":true},"min":{"w":157,"h":150},"max":{"w":2147483647,"h":2147483647},"fullScreen":false,"minimized":false,"maximizeMode":3,"moveable":true,"resizeable":true,"move":false,"resize":false,"managed":true,"deleted":false,"normalWindow":true,"specialWindow":false,"popupWindow":false,"dialog":false,"utility":false,"splash":false,"dock":false,"transient":false,"modal":false,"transientFor":null,"r":1788727137561,"n":11,"ms":1}
2026-09-06T22:38:57+02:00 HAL9000 kwin_wayland[2468]: KXLGEO1 {"k":"win","s":0,"id":"{ba6367e2-579d-4400-a71e-10ff6af78986}","cls":"org.kde.kwrite","caption":"kxl-e42.txt — KWrite","output":"DP-3","desktops":["eb859906-5dd5-4314-92bc-4f3cc1582e4f"],"activities":["a89f5ec2-ab8e-4108-8088-7118500a3aab"],"onAllDesktops":false,"geo":{"x":0,"y":0,"w":1920,"h":1050,"exakt":true},"min":{"w":157,"h":150},"max":{"w":2147483647,"h":2147483647},"fullScreen":false,"minimized":false,"maximizeMode":3,"moveable":true,"resizeable":true,"move":false,"resize":false,"managed":true,"deleted":false,"normalWindow":true,"specialWindow":false,"popupWindow":false,"dialog":false,"utility":false,"splash":false,"dock":false,"transient":false,"modal":false,"transientFor":null,"r":1788727137561,"n":12,"ms":1}
2026-09-06T22:38:58+02:00 HAL9000 kwin_wayland[2468]: KXLGEO1 {"k":"view","s":1,"key":"a89f5ec2-ab8e-4108-8088-7118500a3aab|eb859906-5dd5-4314-92bc-4f3cc1582e4f|eDP-1","activity":"a89f5ec2-ab8e-4108-8088-7118500a3aab","desktop":"eb859906-5dd5-4314-92bc-4f3cc1582e4f","output":"eDP-1","area":{"x":1920,"y":0,"w":1920,"h":1080,"exakt":true},"r":1788727137561,"n":13,"ms":527}
2026-09-06T22:38:58+02:00 HAL9000 kwin_wayland[2468]: KXLGEO1 {"k":"view","s":1,"key":"a89f5ec2-ab8e-4108-8088-7118500a3aab|eb859906-5dd5-4314-92bc-4f3cc1582e4f|DP-3","activity":"a89f5ec2-ab8e-4108-8088-7118500a3aab","desktop":"eb859906-5dd5-4314-92bc-4f3cc1582e4f","output":"DP-3","area":{"x":0,"y":0,"w":1920,"h":1050,"exakt":true},"r":1788727137561,"n":14,"ms":527}
2026-09-06T22:38:58+02:00 HAL9000 kwin_wayland[2468]: KXLGEO1 {"k":"active","s":1,"activeId":"{ba6367e2-579d-4400-a71e-10ff6af78986}","r":1788727137561,"n":15,"ms":527}
2026-09-06T22:38:58+02:00 HAL9000 kwin_wayland[2468]: KXLGEO1 {"k":"win","s":1,"id":"{89b38cc9-014d-4323-ae5d-4c07d535682f}","cls":"plasmashell","caption":"<Titel entfernt>","output":"DP-3","desktops":[],"activities":[],"onAllDesktops":true,"geo":{"x":0,"y":0,"w":1920,"h":1080,"exakt":true},"min":{"w":0,"h":0},"max":{"w":2147483647,"h":2147483647},"fullScreen":false,"minimized":false,"maximizeMode":0,"moveable":false,"resizeable":false,"move":false,"resize":false,"managed":true,"deleted":false,"normalWindow":false,"specialWindow":true,"popupWindow":false,"dialog":false,"utility":false,"splash":false,"dock":false,"transient":false,"modal":false,"transientFor":null,"r":1788727137561,"n":16,"ms":527}
2026-09-06T22:38:58+02:00 HAL9000 kwin_wayland[2468]: KXLGEO1 {"k":"win","s":1,"id":"{2a15acd8-fb85-4dbe-b1e1-052a1352b6f3}","cls":"plasmashell","caption":"<Titel entfernt>","output":"DP-3","desktops":[],"activities":[],"onAllDesktops":true,"geo":{"x":0,"y":1050,"w":1920,"h":30,"exakt":true},"min":{"w":0,"h":0},"max":{"w":2147483647,"h":2147483647},"fullScreen":false,"minimized":false,"maximizeMode":0,"moveable":false,"resizeable":false,"move":false,"resize":false,"managed":true,"deleted":false,"normalWindow":false,"specialWindow":true,"popupWindow":false,"dialog":false,"utility":false,"splash":false,"dock":true,"transient":false,"modal":false,"transientFor":null,"r":1788727137561,"n":17,"ms":528}
2026-09-06T22:38:58+02:00 HAL9000 kwin_wayland[2468]: KXLGEO1 {"k":"win","s":1,"id":"{3f388390-70ab-41fc-827a-b984ea8aa5c6}","cls":"plasmashell","caption":"<Titel entfernt>","output":"eDP-1","desktops":[],"activities":[],"onAllDesktops":true,"geo":{"x":1920,"y":0,"w":1920,"h":1080,"exakt":true},"min":{"w":0,"h":0},"max":{"w":2147483647,"h":2147483647},"fullScreen":false,"minimized":false,"maximizeMode":0,"moveable":false,"resizeable":false,"move":false,"resize":false,"managed":true,"deleted":false,"normalWindow":false,"specialWindow":true,"popupWindow":false,"dialog":false,"utility":false,"splash":false,"dock":false,"transient":false,"modal":false,"transientFor":null,"r":1788727137561,"n":18,"ms":528}
2026-09-06T22:38:58+02:00 HAL9000 kwin_wayland[2468]: KXLGEO1 {"k":"win","s":1,"id":"{eb7c3039-28ba-4583-a59b-fe8b5f16f24d}","cls":"org.kde.kwrite","caption":"kxl-e21.txt — KWrite","output":"eDP-1","desktops":["b7798180-564c-4f75-ad4a-284026ac7a68"],"activities":["a89f5ec2-ab8e-4108-8088-7118500a3aab"],"onAllDesktops":false,"geo":{"x":1920,"y":0,"w":1920,"h":1080,"exakt":true},"min":{"w":157,"h":150},"max":{"w":2147483647,"h":2147483647},"fullScreen":false,"minimized":false,"maximizeMode":3,"moveable":true,"resizeable":true,"move":false,"resize":false,"managed":true,"deleted":false,"normalWindow":true,"specialWindow":false,"popupWindow":false,"dialog":false,"utility":false,"splash":false,"dock":false,"transient":false,"modal":false,"transientFor":null,"r":1788727137561,"n":19,"ms":528}
2026-09-06T22:38:58+02:00 HAL9000 kwin_wayland[2468]: KXLGEO1 {"k":"win","s":1,"id":"{cf09015d-ec14-474d-a9d5-98c3e5e62842}","cls":"org.kde.kwrite","caption":"kxl-e22.txt — KWrite","output":"DP-3","desktops":["b7798180-564c-4f75-ad4a-284026ac7a68"],"activities":["a89f5ec2-ab8e-4108-8088-7118500a3aab"],"onAllDesktops":false,"geo":{"x":0,"y":0,"w":1920,"h":1050,"exakt":true},"min":{"w":157,"h":150},"max":{"w":2147483647,"h":2147483647},"fullScreen":false,"minimized":false,"maximizeMode":3,"moveable":true,"resizeable":true,"move":false,"resize":false,"managed":true,"deleted":false,"normalWindow":true,"specialWindow":false,"popupWindow":false,"dialog":false,"utility":false,"splash":false,"dock":false,"transient":false,"modal":false,"transientFor":null,"r":1788727137561,"n":20,"ms":529}
2026-09-06T22:38:58+02:00 HAL9000 kwin_wayland[2468]: KXLGEO1 {"k":"win","s":1,"id":"{a065d49d-3cca-4e47-9ca5-959fbb85f6ef}","cls":"org.kde.kwrite","caption":"kxl-e31.txt — KWrite","output":"eDP-1","desktops":["30c27d93-fa7d-452a-ad6a-53201edcdca1"],"activities":["a89f5ec2-ab8e-4108-8088-7118500a3aab"],"onAllDesktops":false,"geo":{"x":1920,"y":0,"w":1920,"h":1080,"exakt":true},"min":{"w":157,"h":150},"max":{"w":2147483647,"h":2147483647},"fullScreen":false,"minimized":false,"maximizeMode":3,"moveable":true,"resizeable":true,"move":false,"resize":false,"managed":true,"deleted":false,"normalWindow":true,"specialWindow":false,"popupWindow":false,"dialog":false,"utility":false,"splash":false,"dock":false,"transient":false,"modal":false,"transientFor":null,"r":1788727137561,"n":21,"ms":529}
2026-09-06T22:38:58+02:00 HAL9000 kwin_wayland[2468]: KXLGEO1 {"k":"win","s":1,"id":"{c432f6d3-8c42-4e85-91ad-db1fc5cd7a19}","cls":"org.kde.kwrite","caption":"kxl-e32.txt — KWrite","output":"DP-3","desktops":["30c27d93-fa7d-452a-ad6a-53201edcdca1"],"activities":["a89f5ec2-ab8e-4108-8088-7118500a3aab"],"onAllDesktops":false,"geo":{"x":0,"y":0,"w":1920,"h":1050,"exakt":true},"min":{"w":157,"h":150},"max":{"w":2147483647,"h":2147483647},"fullScreen":false,"minimized":false,"maximizeMode":3,"moveable":true,"resizeable":true,"move":false,"resize":false,"managed":true,"deleted":false,"normalWindow":true,"specialWindow":false,"popupWindow":false,"dialog":false,"utility":false,"splash":false,"dock":false,"transient":false,"modal":false,"transientFor":null,"r":1788727137561,"n":22,"ms":529}
2026-09-06T22:38:58+02:00 HAL9000 kwin_wayland[2468]: KXLGEO1 {"k":"win","s":1,"id":"{0eef7191-9c94-4321-b99b-c4d38b5e83c9}","cls":"org.kde.kwrite","caption":"kxl-e41.txt — KWrite","output":"eDP-1","desktops":["eb859906-5dd5-4314-92bc-4f3cc1582e4f"],"activities":["a89f5ec2-ab8e-4108-8088-7118500a3aab"],"onAllDesktops":false,"geo":{"x":1920,"y":0,"w":1920,"h":1080,"exakt":true},"min":{"w":157,"h":150},"max":{"w":2147483647,"h":2147483647},"fullScreen":false,"minimized":false,"maximizeMode":3,"moveable":true,"resizeable":true,"move":false,"resize":false,"managed":true,"deleted":false,"normalWindow":true,"specialWindow":false,"popupWindow":false,"dialog":false,"utility":false,"splash":false,"dock":false,"transient":false,"modal":false,"transientFor":null,"r":1788727137561,"n":23,"ms":530}
2026-09-06T22:38:58+02:00 HAL9000 kwin_wayland[2468]: KXLGEO1 {"k":"win","s":1,"id":"{ba6367e2-579d-4400-a71e-10ff6af78986}","cls":"org.kde.kwrite","caption":"kxl-e42.txt — KWrite","output":"DP-3","desktops":["eb859906-5dd5-4314-92bc-4f3cc1582e4f"],"activities":["a89f5ec2-ab8e-4108-8088-7118500a3aab"],"onAllDesktops":false,"geo":{"x":0,"y":0,"w":1920,"h":1050,"exakt":true},"min":{"w":157,"h":150},"max":{"w":2147483647,"h":2147483647},"fullScreen":false,"minimized":false,"maximizeMode":3,"moveable":true,"resizeable":true,"move":false,"resize":false,"managed":true,"deleted":false,"normalWindow":true,"specialWindow":false,"popupWindow":false,"dialog":false,"utility":false,"splash":false,"dock":false,"transient":false,"modal":false,"transientFor":null,"r":1788727137561,"n":24,"ms":530}
2026-09-06T22:38:59+02:00 HAL9000 kwin_wayland[2468]: KXLGEO1 {"k":"view","s":2,"key":"a89f5ec2-ab8e-4108-8088-7118500a3aab|eb859906-5dd5-4314-92bc-4f3cc1582e4f|eDP-1","activity":"a89f5ec2-ab8e-4108-8088-7118500a3aab","desktop":"eb859906-5dd5-4314-92bc-4f3cc1582e4f","output":"eDP-1","area":{"x":1920,"y":0,"w":1920,"h":1080,"exakt":true},"r":1788727137561,"n":25,"ms":1576}
2026-09-06T22:38:59+02:00 HAL9000 kwin_wayland[2468]: KXLGEO1 {"k":"view","s":2,"key":"a89f5ec2-ab8e-4108-8088-7118500a3aab|eb859906-5dd5-4314-92bc-4f3cc1582e4f|DP-3","activity":"a89f5ec2-ab8e-4108-8088-7118500a3aab","desktop":"eb859906-5dd5-4314-92bc-4f3cc1582e4f","output":"DP-3","area":{"x":0,"y":0,"w":1920,"h":1050,"exakt":true},"r":1788727137561,"n":26,"ms":1576}
2026-09-06T22:38:59+02:00 HAL9000 kwin_wayland[2468]: KXLGEO1 {"k":"active","s":2,"activeId":"{ba6367e2-579d-4400-a71e-10ff6af78986}","r":1788727137561,"n":27,"ms":1577}
2026-09-06T22:38:59+02:00 HAL9000 kwin_wayland[2468]: KXLGEO1 {"k":"win","s":2,"id":"{89b38cc9-014d-4323-ae5d-4c07d535682f}","cls":"plasmashell","caption":"<Titel entfernt>","output":"DP-3","desktops":[],"activities":[],"onAllDesktops":true,"geo":{"x":0,"y":0,"w":1920,"h":1080,"exakt":true},"min":{"w":0,"h":0},"max":{"w":2147483647,"h":2147483647},"fullScreen":false,"minimized":false,"maximizeMode":0,"moveable":false,"resizeable":false,"move":false,"resize":false,"managed":true,"deleted":false,"normalWindow":false,"specialWindow":true,"popupWindow":false,"dialog":false,"utility":false,"splash":false,"dock":false,"transient":false,"modal":false,"transientFor":null,"r":1788727137561,"n":28,"ms":1577}
2026-09-06T22:38:59+02:00 HAL9000 kwin_wayland[2468]: KXLGEO1 {"k":"win","s":2,"id":"{2a15acd8-fb85-4dbe-b1e1-052a1352b6f3}","cls":"plasmashell","caption":"<Titel entfernt>","output":"DP-3","desktops":[],"activities":[],"onAllDesktops":true,"geo":{"x":0,"y":1050,"w":1920,"h":30,"exakt":true},"min":{"w":0,"h":0},"max":{"w":2147483647,"h":2147483647},"fullScreen":false,"minimized":false,"maximizeMode":0,"moveable":false,"resizeable":false,"move":false,"resize":false,"managed":true,"deleted":false,"normalWindow":false,"specialWindow":true,"popupWindow":false,"dialog":false,"utility":false,"splash":false,"dock":true,"transient":false,"modal":false,"transientFor":null,"r":1788727137561,"n":29,"ms":1577}
2026-09-06T22:38:59+02:00 HAL9000 kwin_wayland[2468]: KXLGEO1 {"k":"win","s":2,"id":"{3f388390-70ab-41fc-827a-b984ea8aa5c6}","cls":"plasmashell","caption":"<Titel entfernt>","output":"eDP-1","desktops":[],"activities":[],"onAllDesktops":true,"geo":{"x":1920,"y":0,"w":1920,"h":1080,"exakt":true},"min":{"w":0,"h":0},"max":{"w":2147483647,"h":2147483647},"fullScreen":false,"minimized":false,"maximizeMode":0,"moveable":false,"resizeable":false,"move":false,"resize":false,"managed":true,"deleted":false,"normalWindow":false,"specialWindow":true,"popupWindow":false,"dialog":false,"utility":false,"splash":false,"dock":false,"transient":false,"modal":false,"transientFor":null,"r":1788727137561,"n":30,"ms":1578}
2026-09-06T22:38:59+02:00 HAL9000 kwin_wayland[2468]: KXLGEO1 {"k":"win","s":2,"id":"{eb7c3039-28ba-4583-a59b-fe8b5f16f24d}","cls":"org.kde.kwrite","caption":"kxl-e21.txt — KWrite","output":"eDP-1","desktops":["b7798180-564c-4f75-ad4a-284026ac7a68"],"activities":["a89f5ec2-ab8e-4108-8088-7118500a3aab"],"onAllDesktops":false,"geo":{"x":1920,"y":0,"w":1920,"h":1080,"exakt":true},"min":{"w":157,"h":150},"max":{"w":2147483647,"h":2147483647},"fullScreen":false,"minimized":false,"maximizeMode":3,"moveable":true,"resizeable":true,"move":false,"resize":false,"managed":true,"deleted":false,"normalWindow":true,"specialWindow":false,"popupWindow":false,"dialog":false,"utility":false,"splash":false,"dock":false,"transient":false,"modal":false,"transientFor":null,"r":1788727137561,"n":31,"ms":1578}
2026-09-06T22:38:59+02:00 HAL9000 kwin_wayland[2468]: KXLGEO1 {"k":"win","s":2,"id":"{cf09015d-ec14-474d-a9d5-98c3e5e62842}","cls":"org.kde.kwrite","caption":"kxl-e22.txt — KWrite","output":"DP-3","desktops":["b7798180-564c-4f75-ad4a-284026ac7a68"],"activities":["a89f5ec2-ab8e-4108-8088-7118500a3aab"],"onAllDesktops":false,"geo":{"x":0,"y":0,"w":1920,"h":1050,"exakt":true},"min":{"w":157,"h":150},"max":{"w":2147483647,"h":2147483647},"fullScreen":false,"minimized":false,"maximizeMode":3,"moveable":true,"resizeable":true,"move":false,"resize":false,"managed":true,"deleted":false,"normalWindow":true,"specialWindow":false,"popupWindow":false,"dialog":false,"utility":false,"splash":false,"dock":false,"transient":false,"modal":false,"transientFor":null,"r":1788727137561,"n":32,"ms":1578}
2026-09-06T22:38:59+02:00 HAL9000 kwin_wayland[2468]: KXLGEO1 {"k":"win","s":2,"id":"{a065d49d-3cca-4e47-9ca5-959fbb85f6ef}","cls":"org.kde.kwrite","caption":"kxl-e31.txt — KWrite","output":"eDP-1","desktops":["30c27d93-fa7d-452a-ad6a-53201edcdca1"],"activities":["a89f5ec2-ab8e-4108-8088-7118500a3aab"],"onAllDesktops":false,"geo":{"x":1920,"y":0,"w":1920,"h":1080,"exakt":true},"min":{"w":157,"h":150},"max":{"w":2147483647,"h":2147483647},"fullScreen":false,"minimized":false,"maximizeMode":3,"moveable":true,"resizeable":true,"move":false,"resize":false,"managed":true,"deleted":false,"normalWindow":true,"specialWindow":false,"popupWindow":false,"dialog":false,"utility":false,"splash":false,"dock":false,"transient":false,"modal":false,"transientFor":null,"r":1788727137561,"n":33,"ms":1578}
2026-09-06T22:38:59+02:00 HAL9000 kwin_wayland[2468]: KXLGEO1 {"k":"win","s":2,"id":"{c432f6d3-8c42-4e85-91ad-db1fc5cd7a19}","cls":"org.kde.kwrite","caption":"kxl-e32.txt — KWrite","output":"DP-3","desktops":["30c27d93-fa7d-452a-ad6a-53201edcdca1"],"activities":["a89f5ec2-ab8e-4108-8088-7118500a3aab"],"onAllDesktops":false,"geo":{"x":0,"y":0,"w":1920,"h":1050,"exakt":true},"min":{"w":157,"h":150},"max":{"w":2147483647,"h":2147483647},"fullScreen":false,"minimized":false,"maximizeMode":3,"moveable":true,"resizeable":true,"move":false,"resize":false,"managed":true,"deleted":false,"normalWindow":true,"specialWindow":false,"popupWindow":false,"dialog":false,"utility":false,"splash":false,"dock":false,"transient":false,"modal":false,"transientFor":null,"r":1788727137561,"n":34,"ms":1579}
2026-09-06T22:38:59+02:00 HAL9000 kwin_wayland[2468]: KXLGEO1 {"k":"win","s":2,"id":"{0eef7191-9c94-4321-b99b-c4d38b5e83c9}","cls":"org.kde.kwrite","caption":"kxl-e41.txt — KWrite","output":"eDP-1","desktops":["eb859906-5dd5-4314-92bc-4f3cc1582e4f"],"activities":["a89f5ec2-ab8e-4108-8088-7118500a3aab"],"onAllDesktops":false,"geo":{"x":1920,"y":0,"w":1920,"h":1080,"exakt":true},"min":{"w":157,"h":150},"max":{"w":2147483647,"h":2147483647},"fullScreen":false,"minimized":false,"maximizeMode":3,"moveable":true,"resizeable":true,"move":false,"resize":false,"managed":true,"deleted":false,"normalWindow":true,"specialWindow":false,"popupWindow":false,"dialog":false,"utility":false,"splash":false,"dock":false,"transient":false,"modal":false,"transientFor":null,"r":1788727137561,"n":35,"ms":1579}
2026-09-06T22:38:59+02:00 HAL9000 kwin_wayland[2468]: KXLGEO1 {"k":"win","s":2,"id":"{ba6367e2-579d-4400-a71e-10ff6af78986}","cls":"org.kde.kwrite","caption":"kxl-e42.txt — KWrite","output":"DP-3","desktops":["eb859906-5dd5-4314-92bc-4f3cc1582e4f"],"activities":["a89f5ec2-ab8e-4108-8088-7118500a3aab"],"onAllDesktops":false,"geo":{"x":0,"y":0,"w":1920,"h":1050,"exakt":true},"min":{"w":157,"h":150},"max":{"w":2147483647,"h":2147483647},"fullScreen":false,"minimized":false,"maximizeMode":3,"moveable":true,"resizeable":true,"move":false,"resize":false,"managed":true,"deleted":false,"normalWindow":true,"specialWindow":false,"popupWindow":false,"dialog":false,"utility":false,"splash":false,"dock":false,"transient":false,"modal":false,"transientFor":null,"r":1788727137561,"n":36,"ms":1579}
2026-09-06T22:39:00+02:00 HAL9000 kwin_wayland[2468]: KXLGEO1 {"k":"view","s":3,"key":"a89f5ec2-ab8e-4108-8088-7118500a3aab|eb859906-5dd5-4314-92bc-4f3cc1582e4f|eDP-1","activity":"a89f5ec2-ab8e-4108-8088-7118500a3aab","desktop":"eb859906-5dd5-4314-92bc-4f3cc1582e4f","output":"eDP-1","area":{"x":1920,"y":0,"w":1920,"h":1080,"exakt":true},"r":1788727137561,"n":37,"ms":3089}
2026-09-06T22:39:00+02:00 HAL9000 kwin_wayland[2468]: KXLGEO1 {"k":"view","s":3,"key":"a89f5ec2-ab8e-4108-8088-7118500a3aab|eb859906-5dd5-4314-92bc-4f3cc1582e4f|DP-3","activity":"a89f5ec2-ab8e-4108-8088-7118500a3aab","desktop":"eb859906-5dd5-4314-92bc-4f3cc1582e4f","output":"DP-3","area":{"x":0,"y":0,"w":1920,"h":1050,"exakt":true},"r":1788727137561,"n":38,"ms":3089}
2026-09-06T22:39:00+02:00 HAL9000 kwin_wayland[2468]: KXLGEO1 {"k":"active","s":3,"activeId":"{ba6367e2-579d-4400-a71e-10ff6af78986}","r":1788727137561,"n":39,"ms":3089}
2026-09-06T22:39:00+02:00 HAL9000 kwin_wayland[2468]: KXLGEO1 {"k":"win","s":3,"id":"{89b38cc9-014d-4323-ae5d-4c07d535682f}","cls":"plasmashell","caption":"<Titel entfernt>","output":"DP-3","desktops":[],"activities":[],"onAllDesktops":true,"geo":{"x":0,"y":0,"w":1920,"h":1080,"exakt":true},"min":{"w":0,"h":0},"max":{"w":2147483647,"h":2147483647},"fullScreen":false,"minimized":false,"maximizeMode":0,"moveable":false,"resizeable":false,"move":false,"resize":false,"managed":true,"deleted":false,"normalWindow":false,"specialWindow":true,"popupWindow":false,"dialog":false,"utility":false,"splash":false,"dock":false,"transient":false,"modal":false,"transientFor":null,"r":1788727137561,"n":40,"ms":3089}
2026-09-06T22:39:00+02:00 HAL9000 kwin_wayland[2468]: KXLGEO1 {"k":"win","s":3,"id":"{2a15acd8-fb85-4dbe-b1e1-052a1352b6f3}","cls":"plasmashell","caption":"<Titel entfernt>","output":"DP-3","desktops":[],"activities":[],"onAllDesktops":true,"geo":{"x":0,"y":1050,"w":1920,"h":30,"exakt":true},"min":{"w":0,"h":0},"max":{"w":2147483647,"h":2147483647},"fullScreen":false,"minimized":false,"maximizeMode":0,"moveable":false,"resizeable":false,"move":false,"resize":false,"managed":true,"deleted":false,"normalWindow":false,"specialWindow":true,"popupWindow":false,"dialog":false,"utility":false,"splash":false,"dock":true,"transient":false,"modal":false,"transientFor":null,"r":1788727137561,"n":41,"ms":3089}
2026-09-06T22:39:00+02:00 HAL9000 kwin_wayland[2468]: KXLGEO1 {"k":"win","s":3,"id":"{3f388390-70ab-41fc-827a-b984ea8aa5c6}","cls":"plasmashell","caption":"<Titel entfernt>","output":"eDP-1","desktops":[],"activities":[],"onAllDesktops":true,"geo":{"x":1920,"y":0,"w":1920,"h":1080,"exakt":true},"min":{"w":0,"h":0},"max":{"w":2147483647,"h":2147483647},"fullScreen":false,"minimized":false,"maximizeMode":0,"moveable":false,"resizeable":false,"move":false,"resize":false,"managed":true,"deleted":false,"normalWindow":false,"specialWindow":true,"popupWindow":false,"dialog":false,"utility":false,"splash":false,"dock":false,"transient":false,"modal":false,"transientFor":null,"r":1788727137561,"n":42,"ms":3089}
2026-09-06T22:39:00+02:00 HAL9000 kwin_wayland[2468]: KXLGEO1 {"k":"win","s":3,"id":"{eb7c3039-28ba-4583-a59b-fe8b5f16f24d}","cls":"org.kde.kwrite","caption":"kxl-e21.txt — KWrite","output":"eDP-1","desktops":["b7798180-564c-4f75-ad4a-284026ac7a68"],"activities":["a89f5ec2-ab8e-4108-8088-7118500a3aab"],"onAllDesktops":false,"geo":{"x":1920,"y":0,"w":1920,"h":1080,"exakt":true},"min":{"w":157,"h":150},"max":{"w":2147483647,"h":2147483647},"fullScreen":false,"minimized":false,"maximizeMode":3,"moveable":true,"resizeable":true,"move":false,"resize":false,"managed":true,"deleted":false,"normalWindow":true,"specialWindow":false,"popupWindow":false,"dialog":false,"utility":false,"splash":false,"dock":false,"transient":false,"modal":false,"transientFor":null,"r":1788727137561,"n":43,"ms":3089}
2026-09-06T22:39:00+02:00 HAL9000 kwin_wayland[2468]: KXLGEO1 {"k":"win","s":3,"id":"{cf09015d-ec14-474d-a9d5-98c3e5e62842}","cls":"org.kde.kwrite","caption":"kxl-e22.txt — KWrite","output":"DP-3","desktops":["b7798180-564c-4f75-ad4a-284026ac7a68"],"activities":["a89f5ec2-ab8e-4108-8088-7118500a3aab"],"onAllDesktops":false,"geo":{"x":0,"y":0,"w":1920,"h":1050,"exakt":true},"min":{"w":157,"h":150},"max":{"w":2147483647,"h":2147483647},"fullScreen":false,"minimized":false,"maximizeMode":3,"moveable":true,"resizeable":true,"move":false,"resize":false,"managed":true,"deleted":false,"normalWindow":true,"specialWindow":false,"popupWindow":false,"dialog":false,"utility":false,"splash":false,"dock":false,"transient":false,"modal":false,"transientFor":null,"r":1788727137561,"n":44,"ms":3089}
2026-09-06T22:39:00+02:00 HAL9000 kwin_wayland[2468]: KXLGEO1 {"k":"win","s":3,"id":"{a065d49d-3cca-4e47-9ca5-959fbb85f6ef}","cls":"org.kde.kwrite","caption":"kxl-e31.txt — KWrite","output":"eDP-1","desktops":["30c27d93-fa7d-452a-ad6a-53201edcdca1"],"activities":["a89f5ec2-ab8e-4108-8088-7118500a3aab"],"onAllDesktops":false,"geo":{"x":1920,"y":0,"w":1920,"h":1080,"exakt":true},"min":{"w":157,"h":150},"max":{"w":2147483647,"h":2147483647},"fullScreen":false,"minimized":false,"maximizeMode":3,"moveable":true,"resizeable":true,"move":false,"resize":false,"managed":true,"deleted":false,"normalWindow":true,"specialWindow":false,"popupWindow":false,"dialog":false,"utility":false,"splash":false,"dock":false,"transient":false,"modal":false,"transientFor":null,"r":1788727137561,"n":45,"ms":3090}
2026-09-06T22:39:00+02:00 HAL9000 kwin_wayland[2468]: KXLGEO1 {"k":"win","s":3,"id":"{c432f6d3-8c42-4e85-91ad-db1fc5cd7a19}","cls":"org.kde.kwrite","caption":"kxl-e32.txt — KWrite","output":"DP-3","desktops":["30c27d93-fa7d-452a-ad6a-53201edcdca1"],"activities":["a89f5ec2-ab8e-4108-8088-7118500a3aab"],"onAllDesktops":false,"geo":{"x":0,"y":0,"w":1920,"h":1050,"exakt":true},"min":{"w":157,"h":150},"max":{"w":2147483647,"h":2147483647},"fullScreen":false,"minimized":false,"maximizeMode":3,"moveable":true,"resizeable":true,"move":false,"resize":false,"managed":true,"deleted":false,"normalWindow":true,"specialWindow":false,"popupWindow":false,"dialog":false,"utility":false,"splash":false,"dock":false,"transient":false,"modal":false,"transientFor":null,"r":1788727137561,"n":46,"ms":3090}
2026-09-06T22:39:00+02:00 HAL9000 kwin_wayland[2468]: KXLGEO1 {"k":"win","s":3,"id":"{0eef7191-9c94-4321-b99b-c4d38b5e83c9}","cls":"org.kde.kwrite","caption":"kxl-e41.txt — KWrite","output":"eDP-1","desktops":["eb859906-5dd5-4314-92bc-4f3cc1582e4f"],"activities":["a89f5ec2-ab8e-4108-8088-7118500a3aab"],"onAllDesktops":false,"geo":{"x":1920,"y":0,"w":1920,"h":1080,"exakt":true},"min":{"w":157,"h":150},"max":{"w":2147483647,"h":2147483647},"fullScreen":false,"minimized":false,"maximizeMode":3,"moveable":true,"resizeable":true,"move":false,"resize":false,"managed":true,"deleted":false,"normalWindow":true,"specialWindow":false,"popupWindow":false,"dialog":false,"utility":false,"splash":false,"dock":false,"transient":false,"modal":false,"transientFor":null,"r":1788727137561,"n":47,"ms":3090}
2026-09-06T22:39:00+02:00 HAL9000 kwin_wayland[2468]: KXLGEO1 {"k":"win","s":3,"id":"{ba6367e2-579d-4400-a71e-10ff6af78986}","cls":"org.kde.kwrite","caption":"kxl-e42.txt — KWrite","output":"DP-3","desktops":["eb859906-5dd5-4314-92bc-4f3cc1582e4f"],"activities":["a89f5ec2-ab8e-4108-8088-7118500a3aab"],"onAllDesktops":false,"geo":{"x":0,"y":0,"w":1920,"h":1050,"exakt":true},"min":{"w":157,"h":150},"max":{"w":2147483647,"h":2147483647},"fullScreen":false,"minimized":false,"maximizeMode":3,"moveable":true,"resizeable":true,"move":false,"resize":false,"managed":true,"deleted":false,"normalWindow":true,"specialWindow":false,"popupWindow":false,"dialog":false,"utility":false,"splash":false,"dock":false,"transient":false,"modal":false,"transientFor":null,"r":1788727137561,"n":48,"ms":3090}
2026-09-06T22:39:00+02:00 HAL9000 kwin_wayland[2468]: KXLGEO1 {"k":"end","st":"ok","total":49,"samples":4,"fehler":0,"timer_aktiv":0,"r":1788727137561,"n":49,"ms":3090}
2026-09-06T22:39:08+02:00 HAL9000 kwin_wayland[2468]: KXLGEO1 {"k":"meta","tag":"KXLGEO1","start":1788727148835,"perOutputDesktops":false,"outputs":2,"samples":[0,500,1500,3000],"titlePrefix":"kxl-","r":1788727148835,"n":0,"ms":0}
2026-09-06T22:39:08+02:00 HAL9000 kwin_wayland[2468]: KXLGEO1 {"k":"view","s":0,"key":"a89f5ec2-ab8e-4108-8088-7118500a3aab|eb859906-5dd5-4314-92bc-4f3cc1582e4f|eDP-1","activity":"a89f5ec2-ab8e-4108-8088-7118500a3aab","desktop":"eb859906-5dd5-4314-92bc-4f3cc1582e4f","output":"eDP-1","area":{"x":1920,"y":0,"w":1920,"h":1080,"exakt":true},"r":1788727148835,"n":1,"ms":0}
2026-09-06T22:39:08+02:00 HAL9000 kwin_wayland[2468]: KXLGEO1 {"k":"view","s":0,"key":"a89f5ec2-ab8e-4108-8088-7118500a3aab|eb859906-5dd5-4314-92bc-4f3cc1582e4f|DP-3","activity":"a89f5ec2-ab8e-4108-8088-7118500a3aab","desktop":"eb859906-5dd5-4314-92bc-4f3cc1582e4f","output":"DP-3","area":{"x":0,"y":0,"w":1920,"h":1050,"exakt":true},"r":1788727148835,"n":2,"ms":0}
2026-09-06T22:39:08+02:00 HAL9000 kwin_wayland[2468]: KXLGEO1 {"k":"active","s":0,"activeId":"{ba6367e2-579d-4400-a71e-10ff6af78986}","r":1788727148835,"n":3,"ms":0}
2026-09-06T22:39:08+02:00 HAL9000 kwin_wayland[2468]: KXLGEO1 {"k":"win","s":0,"id":"{89b38cc9-014d-4323-ae5d-4c07d535682f}","cls":"plasmashell","caption":"<Titel entfernt>","output":"DP-3","desktops":[],"activities":[],"onAllDesktops":true,"geo":{"x":0,"y":0,"w":1920,"h":1080,"exakt":true},"min":{"w":0,"h":0},"max":{"w":2147483647,"h":2147483647},"fullScreen":false,"minimized":false,"maximizeMode":0,"moveable":false,"resizeable":false,"move":false,"resize":false,"managed":true,"deleted":false,"normalWindow":false,"specialWindow":true,"popupWindow":false,"dialog":false,"utility":false,"splash":false,"dock":false,"transient":false,"modal":false,"transientFor":null,"r":1788727148835,"n":4,"ms":0}
2026-09-06T22:39:08+02:00 HAL9000 kwin_wayland[2468]: KXLGEO1 {"k":"win","s":0,"id":"{2a15acd8-fb85-4dbe-b1e1-052a1352b6f3}","cls":"plasmashell","caption":"<Titel entfernt>","output":"DP-3","desktops":[],"activities":[],"onAllDesktops":true,"geo":{"x":0,"y":1050,"w":1920,"h":30,"exakt":true},"min":{"w":0,"h":0},"max":{"w":2147483647,"h":2147483647},"fullScreen":false,"minimized":false,"maximizeMode":0,"moveable":false,"resizeable":false,"move":false,"resize":false,"managed":true,"deleted":false,"normalWindow":false,"specialWindow":true,"popupWindow":false,"dialog":false,"utility":false,"splash":false,"dock":true,"transient":false,"modal":false,"transientFor":null,"r":1788727148835,"n":5,"ms":0}
2026-09-06T22:39:08+02:00 HAL9000 kwin_wayland[2468]: KXLGEO1 {"k":"win","s":0,"id":"{3f388390-70ab-41fc-827a-b984ea8aa5c6}","cls":"plasmashell","caption":"<Titel entfernt>","output":"eDP-1","desktops":[],"activities":[],"onAllDesktops":true,"geo":{"x":1920,"y":0,"w":1920,"h":1080,"exakt":true},"min":{"w":0,"h":0},"max":{"w":2147483647,"h":2147483647},"fullScreen":false,"minimized":false,"maximizeMode":0,"moveable":false,"resizeable":false,"move":false,"resize":false,"managed":true,"deleted":false,"normalWindow":false,"specialWindow":true,"popupWindow":false,"dialog":false,"utility":false,"splash":false,"dock":false,"transient":false,"modal":false,"transientFor":null,"r":1788727148835,"n":6,"ms":0}
2026-09-06T22:39:08+02:00 HAL9000 kwin_wayland[2468]: KXLGEO1 {"k":"win","s":0,"id":"{eb7c3039-28ba-4583-a59b-fe8b5f16f24d}","cls":"org.kde.kwrite","caption":"kxl-e21.txt — KWrite","output":"eDP-1","desktops":["b7798180-564c-4f75-ad4a-284026ac7a68"],"activities":["a89f5ec2-ab8e-4108-8088-7118500a3aab"],"onAllDesktops":false,"geo":{"x":1920,"y":0,"w":1920,"h":1080,"exakt":true},"min":{"w":157,"h":150},"max":{"w":2147483647,"h":2147483647},"fullScreen":false,"minimized":false,"maximizeMode":3,"moveable":true,"resizeable":true,"move":false,"resize":false,"managed":true,"deleted":false,"normalWindow":true,"specialWindow":false,"popupWindow":false,"dialog":false,"utility":false,"splash":false,"dock":false,"transient":false,"modal":false,"transientFor":null,"r":1788727148835,"n":7,"ms":0}
2026-09-06T22:39:08+02:00 HAL9000 kwin_wayland[2468]: KXLGEO1 {"k":"win","s":0,"id":"{cf09015d-ec14-474d-a9d5-98c3e5e62842}","cls":"org.kde.kwrite","caption":"kxl-e22.txt — KWrite","output":"DP-3","desktops":["b7798180-564c-4f75-ad4a-284026ac7a68"],"activities":["a89f5ec2-ab8e-4108-8088-7118500a3aab"],"onAllDesktops":false,"geo":{"x":0,"y":0,"w":1920,"h":1050,"exakt":true},"min":{"w":157,"h":150},"max":{"w":2147483647,"h":2147483647},"fullScreen":false,"minimized":false,"maximizeMode":3,"moveable":true,"resizeable":true,"move":false,"resize":false,"managed":true,"deleted":false,"normalWindow":true,"specialWindow":false,"popupWindow":false,"dialog":false,"utility":false,"splash":false,"dock":false,"transient":false,"modal":false,"transientFor":null,"r":1788727148835,"n":8,"ms":0}
2026-09-06T22:39:08+02:00 HAL9000 kwin_wayland[2468]: KXLGEO1 {"k":"win","s":0,"id":"{a065d49d-3cca-4e47-9ca5-959fbb85f6ef}","cls":"org.kde.kwrite","caption":"kxl-e31.txt — KWrite","output":"eDP-1","desktops":["30c27d93-fa7d-452a-ad6a-53201edcdca1"],"activities":["a89f5ec2-ab8e-4108-8088-7118500a3aab"],"onAllDesktops":false,"geo":{"x":1920,"y":0,"w":1920,"h":1080,"exakt":true},"min":{"w":157,"h":150},"max":{"w":2147483647,"h":2147483647},"fullScreen":false,"minimized":false,"maximizeMode":3,"moveable":true,"resizeable":true,"move":false,"resize":false,"managed":true,"deleted":false,"normalWindow":true,"specialWindow":false,"popupWindow":false,"dialog":false,"utility":false,"splash":false,"dock":false,"transient":false,"modal":false,"transientFor":null,"r":1788727148835,"n":9,"ms":0}
2026-09-06T22:39:08+02:00 HAL9000 kwin_wayland[2468]: KXLGEO1 {"k":"win","s":0,"id":"{c432f6d3-8c42-4e85-91ad-db1fc5cd7a19}","cls":"org.kde.kwrite","caption":"kxl-e32.txt — KWrite","output":"DP-3","desktops":["30c27d93-fa7d-452a-ad6a-53201edcdca1"],"activities":["a89f5ec2-ab8e-4108-8088-7118500a3aab"],"onAllDesktops":false,"geo":{"x":0,"y":0,"w":1920,"h":1050,"exakt":true},"min":{"w":157,"h":150},"max":{"w":2147483647,"h":2147483647},"fullScreen":false,"minimized":false,"maximizeMode":3,"moveable":true,"resizeable":true,"move":false,"resize":false,"managed":true,"deleted":false,"normalWindow":true,"specialWindow":false,"popupWindow":false,"dialog":false,"utility":false,"splash":false,"dock":false,"transient":false,"modal":false,"transientFor":null,"r":1788727148835,"n":10,"ms":0}
2026-09-06T22:39:08+02:00 HAL9000 kwin_wayland[2468]: KXLGEO1 {"k":"win","s":0,"id":"{0eef7191-9c94-4321-b99b-c4d38b5e83c9}","cls":"org.kde.kwrite","caption":"kxl-e41.txt — KWrite","output":"eDP-1","desktops":["eb859906-5dd5-4314-92bc-4f3cc1582e4f"],"activities":["a89f5ec2-ab8e-4108-8088-7118500a3aab"],"onAllDesktops":false,"geo":{"x":1920,"y":0,"w":1920,"h":1080,"exakt":true},"min":{"w":157,"h":150},"max":{"w":2147483647,"h":2147483647},"fullScreen":false,"minimized":false,"maximizeMode":3,"moveable":true,"resizeable":true,"move":false,"resize":false,"managed":true,"deleted":false,"normalWindow":true,"specialWindow":false,"popupWindow":false,"dialog":false,"utility":false,"splash":false,"dock":false,"transient":false,"modal":false,"transientFor":null,"r":1788727148835,"n":11,"ms":1}
2026-09-06T22:39:08+02:00 HAL9000 kwin_wayland[2468]: KXLGEO1 {"k":"win","s":0,"id":"{ba6367e2-579d-4400-a71e-10ff6af78986}","cls":"org.kde.kwrite","caption":"kxl-e42.txt — KWrite","output":"DP-3","desktops":["eb859906-5dd5-4314-92bc-4f3cc1582e4f"],"activities":["a89f5ec2-ab8e-4108-8088-7118500a3aab"],"onAllDesktops":false,"geo":{"x":0,"y":0,"w":1920,"h":1050,"exakt":true},"min":{"w":157,"h":150},"max":{"w":2147483647,"h":2147483647},"fullScreen":false,"minimized":false,"maximizeMode":3,"moveable":true,"resizeable":true,"move":false,"resize":false,"managed":true,"deleted":false,"normalWindow":true,"specialWindow":false,"popupWindow":false,"dialog":false,"utility":false,"splash":false,"dock":false,"transient":false,"modal":false,"transientFor":null,"r":1788727148835,"n":12,"ms":1}
2026-09-06T22:39:09+02:00 HAL9000 kwin_wayland[2468]: KXLGEO1 {"k":"view","s":1,"key":"a89f5ec2-ab8e-4108-8088-7118500a3aab|eb859906-5dd5-4314-92bc-4f3cc1582e4f|eDP-1","activity":"a89f5ec2-ab8e-4108-8088-7118500a3aab","desktop":"eb859906-5dd5-4314-92bc-4f3cc1582e4f","output":"eDP-1","area":{"x":1920,"y":0,"w":1920,"h":1080,"exakt":true},"r":1788727148835,"n":13,"ms":476}
2026-09-06T22:39:09+02:00 HAL9000 kwin_wayland[2468]: KXLGEO1 {"k":"view","s":1,"key":"a89f5ec2-ab8e-4108-8088-7118500a3aab|eb859906-5dd5-4314-92bc-4f3cc1582e4f|DP-3","activity":"a89f5ec2-ab8e-4108-8088-7118500a3aab","desktop":"eb859906-5dd5-4314-92bc-4f3cc1582e4f","output":"DP-3","area":{"x":0,"y":0,"w":1920,"h":1050,"exakt":true},"r":1788727148835,"n":14,"ms":477}
2026-09-06T22:39:09+02:00 HAL9000 kwin_wayland[2468]: KXLGEO1 {"k":"active","s":1,"activeId":"{ba6367e2-579d-4400-a71e-10ff6af78986}","r":1788727148835,"n":15,"ms":477}
2026-09-06T22:39:09+02:00 HAL9000 kwin_wayland[2468]: KXLGEO1 {"k":"win","s":1,"id":"{89b38cc9-014d-4323-ae5d-4c07d535682f}","cls":"plasmashell","caption":"<Titel entfernt>","output":"DP-3","desktops":[],"activities":[],"onAllDesktops":true,"geo":{"x":0,"y":0,"w":1920,"h":1080,"exakt":true},"min":{"w":0,"h":0},"max":{"w":2147483647,"h":2147483647},"fullScreen":false,"minimized":false,"maximizeMode":0,"moveable":false,"resizeable":false,"move":false,"resize":false,"managed":true,"deleted":false,"normalWindow":false,"specialWindow":true,"popupWindow":false,"dialog":false,"utility":false,"splash":false,"dock":false,"transient":false,"modal":false,"transientFor":null,"r":1788727148835,"n":16,"ms":477}
2026-09-06T22:39:09+02:00 HAL9000 kwin_wayland[2468]: KXLGEO1 {"k":"win","s":1,"id":"{2a15acd8-fb85-4dbe-b1e1-052a1352b6f3}","cls":"plasmashell","caption":"<Titel entfernt>","output":"DP-3","desktops":[],"activities":[],"onAllDesktops":true,"geo":{"x":0,"y":1050,"w":1920,"h":30,"exakt":true},"min":{"w":0,"h":0},"max":{"w":2147483647,"h":2147483647},"fullScreen":false,"minimized":false,"maximizeMode":0,"moveable":false,"resizeable":false,"move":false,"resize":false,"managed":true,"deleted":false,"normalWindow":false,"specialWindow":true,"popupWindow":false,"dialog":false,"utility":false,"splash":false,"dock":true,"transient":false,"modal":false,"transientFor":null,"r":1788727148835,"n":17,"ms":478}
2026-09-06T22:39:09+02:00 HAL9000 kwin_wayland[2468]: KXLGEO1 {"k":"win","s":1,"id":"{3f388390-70ab-41fc-827a-b984ea8aa5c6}","cls":"plasmashell","caption":"<Titel entfernt>","output":"eDP-1","desktops":[],"activities":[],"onAllDesktops":true,"geo":{"x":1920,"y":0,"w":1920,"h":1080,"exakt":true},"min":{"w":0,"h":0},"max":{"w":2147483647,"h":2147483647},"fullScreen":false,"minimized":false,"maximizeMode":0,"moveable":false,"resizeable":false,"move":false,"resize":false,"managed":true,"deleted":false,"normalWindow":false,"specialWindow":true,"popupWindow":false,"dialog":false,"utility":false,"splash":false,"dock":false,"transient":false,"modal":false,"transientFor":null,"r":1788727148835,"n":18,"ms":478}
2026-09-06T22:39:09+02:00 HAL9000 kwin_wayland[2468]: KXLGEO1 {"k":"win","s":1,"id":"{eb7c3039-28ba-4583-a59b-fe8b5f16f24d}","cls":"org.kde.kwrite","caption":"kxl-e21.txt — KWrite","output":"eDP-1","desktops":["b7798180-564c-4f75-ad4a-284026ac7a68"],"activities":["a89f5ec2-ab8e-4108-8088-7118500a3aab"],"onAllDesktops":false,"geo":{"x":1920,"y":0,"w":1920,"h":1080,"exakt":true},"min":{"w":157,"h":150},"max":{"w":2147483647,"h":2147483647},"fullScreen":false,"minimized":false,"maximizeMode":3,"moveable":true,"resizeable":true,"move":false,"resize":false,"managed":true,"deleted":false,"normalWindow":true,"specialWindow":false,"popupWindow":false,"dialog":false,"utility":false,"splash":false,"dock":false,"transient":false,"modal":false,"transientFor":null,"r":1788727148835,"n":19,"ms":478}
2026-09-06T22:39:09+02:00 HAL9000 kwin_wayland[2468]: KXLGEO1 {"k":"win","s":1,"id":"{cf09015d-ec14-474d-a9d5-98c3e5e62842}","cls":"org.kde.kwrite","caption":"kxl-e22.txt — KWrite","output":"DP-3","desktops":["b7798180-564c-4f75-ad4a-284026ac7a68"],"activities":["a89f5ec2-ab8e-4108-8088-7118500a3aab"],"onAllDesktops":false,"geo":{"x":0,"y":0,"w":1920,"h":1050,"exakt":true},"min":{"w":157,"h":150},"max":{"w":2147483647,"h":2147483647},"fullScreen":false,"minimized":false,"maximizeMode":3,"moveable":true,"resizeable":true,"move":false,"resize":false,"managed":true,"deleted":false,"normalWindow":true,"specialWindow":false,"popupWindow":false,"dialog":false,"utility":false,"splash":false,"dock":false,"transient":false,"modal":false,"transientFor":null,"r":1788727148835,"n":20,"ms":479}
2026-09-06T22:39:09+02:00 HAL9000 kwin_wayland[2468]: KXLGEO1 {"k":"win","s":1,"id":"{a065d49d-3cca-4e47-9ca5-959fbb85f6ef}","cls":"org.kde.kwrite","caption":"kxl-e31.txt — KWrite","output":"eDP-1","desktops":["30c27d93-fa7d-452a-ad6a-53201edcdca1"],"activities":["a89f5ec2-ab8e-4108-8088-7118500a3aab"],"onAllDesktops":false,"geo":{"x":1920,"y":0,"w":1920,"h":1080,"exakt":true},"min":{"w":157,"h":150},"max":{"w":2147483647,"h":2147483647},"fullScreen":false,"minimized":false,"maximizeMode":3,"moveable":true,"resizeable":true,"move":false,"resize":false,"managed":true,"deleted":false,"normalWindow":true,"specialWindow":false,"popupWindow":false,"dialog":false,"utility":false,"splash":false,"dock":false,"transient":false,"modal":false,"transientFor":null,"r":1788727148835,"n":21,"ms":479}
2026-09-06T22:39:09+02:00 HAL9000 kwin_wayland[2468]: KXLGEO1 {"k":"win","s":1,"id":"{c432f6d3-8c42-4e85-91ad-db1fc5cd7a19}","cls":"org.kde.kwrite","caption":"kxl-e32.txt — KWrite","output":"DP-3","desktops":["30c27d93-fa7d-452a-ad6a-53201edcdca1"],"activities":["a89f5ec2-ab8e-4108-8088-7118500a3aab"],"onAllDesktops":false,"geo":{"x":0,"y":0,"w":1920,"h":1050,"exakt":true},"min":{"w":157,"h":150},"max":{"w":2147483647,"h":2147483647},"fullScreen":false,"minimized":false,"maximizeMode":3,"moveable":true,"resizeable":true,"move":false,"resize":false,"managed":true,"deleted":false,"normalWindow":true,"specialWindow":false,"popupWindow":false,"dialog":false,"utility":false,"splash":false,"dock":false,"transient":false,"modal":false,"transientFor":null,"r":1788727148835,"n":22,"ms":479}
2026-09-06T22:39:09+02:00 HAL9000 kwin_wayland[2468]: KXLGEO1 {"k":"win","s":1,"id":"{0eef7191-9c94-4321-b99b-c4d38b5e83c9}","cls":"org.kde.kwrite","caption":"kxl-e41.txt — KWrite","output":"eDP-1","desktops":["eb859906-5dd5-4314-92bc-4f3cc1582e4f"],"activities":["a89f5ec2-ab8e-4108-8088-7118500a3aab"],"onAllDesktops":false,"geo":{"x":1920,"y":0,"w":1920,"h":1080,"exakt":true},"min":{"w":157,"h":150},"max":{"w":2147483647,"h":2147483647},"fullScreen":false,"minimized":false,"maximizeMode":3,"moveable":true,"resizeable":true,"move":false,"resize":false,"managed":true,"deleted":false,"normalWindow":true,"specialWindow":false,"popupWindow":false,"dialog":false,"utility":false,"splash":false,"dock":false,"transient":false,"modal":false,"transientFor":null,"r":1788727148835,"n":23,"ms":480}
2026-09-06T22:39:09+02:00 HAL9000 kwin_wayland[2468]: KXLGEO1 {"k":"win","s":1,"id":"{ba6367e2-579d-4400-a71e-10ff6af78986}","cls":"org.kde.kwrite","caption":"kxl-e42.txt — KWrite","output":"DP-3","desktops":["eb859906-5dd5-4314-92bc-4f3cc1582e4f"],"activities":["a89f5ec2-ab8e-4108-8088-7118500a3aab"],"onAllDesktops":false,"geo":{"x":0,"y":0,"w":1920,"h":1050,"exakt":true},"min":{"w":157,"h":150},"max":{"w":2147483647,"h":2147483647},"fullScreen":false,"minimized":false,"maximizeMode":3,"moveable":true,"resizeable":true,"move":false,"resize":false,"managed":true,"deleted":false,"normalWindow":true,"specialWindow":false,"popupWindow":false,"dialog":false,"utility":false,"splash":false,"dock":false,"transient":false,"modal":false,"transientFor":null,"r":1788727148835,"n":24,"ms":480}
2026-09-06T22:39:10+02:00 HAL9000 kwin_wayland[2468]: KXLGEO1 {"k":"view","s":2,"key":"a89f5ec2-ab8e-4108-8088-7118500a3aab|eb859906-5dd5-4314-92bc-4f3cc1582e4f|eDP-1","activity":"a89f5ec2-ab8e-4108-8088-7118500a3aab","desktop":"eb859906-5dd5-4314-92bc-4f3cc1582e4f","output":"eDP-1","area":{"x":1920,"y":0,"w":1920,"h":1080,"exakt":true},"r":1788727148835,"n":25,"ms":1427}
2026-09-06T22:39:10+02:00 HAL9000 kwin_wayland[2468]: KXLGEO1 {"k":"view","s":2,"key":"a89f5ec2-ab8e-4108-8088-7118500a3aab|eb859906-5dd5-4314-92bc-4f3cc1582e4f|DP-3","activity":"a89f5ec2-ab8e-4108-8088-7118500a3aab","desktop":"eb859906-5dd5-4314-92bc-4f3cc1582e4f","output":"DP-3","area":{"x":0,"y":0,"w":1920,"h":1050,"exakt":true},"r":1788727148835,"n":26,"ms":1427}
2026-09-06T22:39:10+02:00 HAL9000 kwin_wayland[2468]: KXLGEO1 {"k":"active","s":2,"activeId":"{ba6367e2-579d-4400-a71e-10ff6af78986}","r":1788727148835,"n":27,"ms":1428}
2026-09-06T22:39:10+02:00 HAL9000 kwin_wayland[2468]: KXLGEO1 {"k":"win","s":2,"id":"{89b38cc9-014d-4323-ae5d-4c07d535682f}","cls":"plasmashell","caption":"<Titel entfernt>","output":"DP-3","desktops":[],"activities":[],"onAllDesktops":true,"geo":{"x":0,"y":0,"w":1920,"h":1080,"exakt":true},"min":{"w":0,"h":0},"max":{"w":2147483647,"h":2147483647},"fullScreen":false,"minimized":false,"maximizeMode":0,"moveable":false,"resizeable":false,"move":false,"resize":false,"managed":true,"deleted":false,"normalWindow":false,"specialWindow":true,"popupWindow":false,"dialog":false,"utility":false,"splash":false,"dock":false,"transient":false,"modal":false,"transientFor":null,"r":1788727148835,"n":28,"ms":1428}
2026-09-06T22:39:10+02:00 HAL9000 kwin_wayland[2468]: KXLGEO1 {"k":"win","s":2,"id":"{2a15acd8-fb85-4dbe-b1e1-052a1352b6f3}","cls":"plasmashell","caption":"<Titel entfernt>","output":"DP-3","desktops":[],"activities":[],"onAllDesktops":true,"geo":{"x":0,"y":1050,"w":1920,"h":30,"exakt":true},"min":{"w":0,"h":0},"max":{"w":2147483647,"h":2147483647},"fullScreen":false,"minimized":false,"maximizeMode":0,"moveable":false,"resizeable":false,"move":false,"resize":false,"managed":true,"deleted":false,"normalWindow":false,"specialWindow":true,"popupWindow":false,"dialog":false,"utility":false,"splash":false,"dock":true,"transient":false,"modal":false,"transientFor":null,"r":1788727148835,"n":29,"ms":1428}
2026-09-06T22:39:10+02:00 HAL9000 kwin_wayland[2468]: KXLGEO1 {"k":"win","s":2,"id":"{3f388390-70ab-41fc-827a-b984ea8aa5c6}","cls":"plasmashell","caption":"<Titel entfernt>","output":"eDP-1","desktops":[],"activities":[],"onAllDesktops":true,"geo":{"x":1920,"y":0,"w":1920,"h":1080,"exakt":true},"min":{"w":0,"h":0},"max":{"w":2147483647,"h":2147483647},"fullScreen":false,"minimized":false,"maximizeMode":0,"moveable":false,"resizeable":false,"move":false,"resize":false,"managed":true,"deleted":false,"normalWindow":false,"specialWindow":true,"popupWindow":false,"dialog":false,"utility":false,"splash":false,"dock":false,"transient":false,"modal":false,"transientFor":null,"r":1788727148835,"n":30,"ms":1429}
2026-09-06T22:39:10+02:00 HAL9000 kwin_wayland[2468]: KXLGEO1 {"k":"win","s":2,"id":"{eb7c3039-28ba-4583-a59b-fe8b5f16f24d}","cls":"org.kde.kwrite","caption":"kxl-e21.txt — KWrite","output":"eDP-1","desktops":["b7798180-564c-4f75-ad4a-284026ac7a68"],"activities":["a89f5ec2-ab8e-4108-8088-7118500a3aab"],"onAllDesktops":false,"geo":{"x":1920,"y":0,"w":1920,"h":1080,"exakt":true},"min":{"w":157,"h":150},"max":{"w":2147483647,"h":2147483647},"fullScreen":false,"minimized":false,"maximizeMode":3,"moveable":true,"resizeable":true,"move":false,"resize":false,"managed":true,"deleted":false,"normalWindow":true,"specialWindow":false,"popupWindow":false,"dialog":false,"utility":false,"splash":false,"dock":false,"transient":false,"modal":false,"transientFor":null,"r":1788727148835,"n":31,"ms":1429}
2026-09-06T22:39:10+02:00 HAL9000 kwin_wayland[2468]: KXLGEO1 {"k":"win","s":2,"id":"{cf09015d-ec14-474d-a9d5-98c3e5e62842}","cls":"org.kde.kwrite","caption":"kxl-e22.txt — KWrite","output":"DP-3","desktops":["b7798180-564c-4f75-ad4a-284026ac7a68"],"activities":["a89f5ec2-ab8e-4108-8088-7118500a3aab"],"onAllDesktops":false,"geo":{"x":0,"y":0,"w":1920,"h":1050,"exakt":true},"min":{"w":157,"h":150},"max":{"w":2147483647,"h":2147483647},"fullScreen":false,"minimized":false,"maximizeMode":3,"moveable":true,"resizeable":true,"move":false,"resize":false,"managed":true,"deleted":false,"normalWindow":true,"specialWindow":false,"popupWindow":false,"dialog":false,"utility":false,"splash":false,"dock":false,"transient":false,"modal":false,"transientFor":null,"r":1788727148835,"n":32,"ms":1429}
2026-09-06T22:39:10+02:00 HAL9000 kwin_wayland[2468]: KXLGEO1 {"k":"win","s":2,"id":"{a065d49d-3cca-4e47-9ca5-959fbb85f6ef}","cls":"org.kde.kwrite","caption":"kxl-e31.txt — KWrite","output":"eDP-1","desktops":["30c27d93-fa7d-452a-ad6a-53201edcdca1"],"activities":["a89f5ec2-ab8e-4108-8088-7118500a3aab"],"onAllDesktops":false,"geo":{"x":1920,"y":0,"w":1920,"h":1080,"exakt":true},"min":{"w":157,"h":150},"max":{"w":2147483647,"h":2147483647},"fullScreen":false,"minimized":false,"maximizeMode":3,"moveable":true,"resizeable":true,"move":false,"resize":false,"managed":true,"deleted":false,"normalWindow":true,"specialWindow":false,"popupWindow":false,"dialog":false,"utility":false,"splash":false,"dock":false,"transient":false,"modal":false,"transientFor":null,"r":1788727148835,"n":33,"ms":1430}
2026-09-06T22:39:10+02:00 HAL9000 kwin_wayland[2468]: KXLGEO1 {"k":"win","s":2,"id":"{c432f6d3-8c42-4e85-91ad-db1fc5cd7a19}","cls":"org.kde.kwrite","caption":"kxl-e32.txt — KWrite","output":"DP-3","desktops":["30c27d93-fa7d-452a-ad6a-53201edcdca1"],"activities":["a89f5ec2-ab8e-4108-8088-7118500a3aab"],"onAllDesktops":false,"geo":{"x":0,"y":0,"w":1920,"h":1050,"exakt":true},"min":{"w":157,"h":150},"max":{"w":2147483647,"h":2147483647},"fullScreen":false,"minimized":false,"maximizeMode":3,"moveable":true,"resizeable":true,"move":false,"resize":false,"managed":true,"deleted":false,"normalWindow":true,"specialWindow":false,"popupWindow":false,"dialog":false,"utility":false,"splash":false,"dock":false,"transient":false,"modal":false,"transientFor":null,"r":1788727148835,"n":34,"ms":1430}
2026-09-06T22:39:10+02:00 HAL9000 kwin_wayland[2468]: KXLGEO1 {"k":"win","s":2,"id":"{0eef7191-9c94-4321-b99b-c4d38b5e83c9}","cls":"org.kde.kwrite","caption":"kxl-e41.txt — KWrite","output":"eDP-1","desktops":["eb859906-5dd5-4314-92bc-4f3cc1582e4f"],"activities":["a89f5ec2-ab8e-4108-8088-7118500a3aab"],"onAllDesktops":false,"geo":{"x":1920,"y":0,"w":1920,"h":1080,"exakt":true},"min":{"w":157,"h":150},"max":{"w":2147483647,"h":2147483647},"fullScreen":false,"minimized":false,"maximizeMode":3,"moveable":true,"resizeable":true,"move":false,"resize":false,"managed":true,"deleted":false,"normalWindow":true,"specialWindow":false,"popupWindow":false,"dialog":false,"utility":false,"splash":false,"dock":false,"transient":false,"modal":false,"transientFor":null,"r":1788727148835,"n":35,"ms":1430}
2026-09-06T22:39:10+02:00 HAL9000 kwin_wayland[2468]: KXLGEO1 {"k":"win","s":2,"id":"{ba6367e2-579d-4400-a71e-10ff6af78986}","cls":"org.kde.kwrite","caption":"kxl-e42.txt — KWrite","output":"DP-3","desktops":["eb859906-5dd5-4314-92bc-4f3cc1582e4f"],"activities":["a89f5ec2-ab8e-4108-8088-7118500a3aab"],"onAllDesktops":false,"geo":{"x":0,"y":0,"w":1920,"h":1050,"exakt":true},"min":{"w":157,"h":150},"max":{"w":2147483647,"h":2147483647},"fullScreen":false,"minimized":false,"maximizeMode":3,"moveable":true,"resizeable":true,"move":false,"resize":false,"managed":true,"deleted":false,"normalWindow":true,"specialWindow":false,"popupWindow":false,"dialog":false,"utility":false,"splash":false,"dock":false,"transient":false,"modal":false,"transientFor":null,"r":1788727148835,"n":36,"ms":1430}
2026-09-06T22:39:11+02:00 HAL9000 kwin_wayland[2468]: KXLGEO1 {"k":"view","s":3,"key":"a89f5ec2-ab8e-4108-8088-7118500a3aab|eb859906-5dd5-4314-92bc-4f3cc1582e4f|eDP-1","activity":"a89f5ec2-ab8e-4108-8088-7118500a3aab","desktop":"eb859906-5dd5-4314-92bc-4f3cc1582e4f","output":"eDP-1","area":{"x":1920,"y":0,"w":1920,"h":1080,"exakt":true},"r":1788727148835,"n":37,"ms":2852}
2026-09-06T22:39:11+02:00 HAL9000 kwin_wayland[2468]: KXLGEO1 {"k":"view","s":3,"key":"a89f5ec2-ab8e-4108-8088-7118500a3aab|eb859906-5dd5-4314-92bc-4f3cc1582e4f|DP-3","activity":"a89f5ec2-ab8e-4108-8088-7118500a3aab","desktop":"eb859906-5dd5-4314-92bc-4f3cc1582e4f","output":"DP-3","area":{"x":0,"y":0,"w":1920,"h":1050,"exakt":true},"r":1788727148835,"n":38,"ms":2852}
2026-09-06T22:39:11+02:00 HAL9000 kwin_wayland[2468]: KXLGEO1 {"k":"active","s":3,"activeId":"{ba6367e2-579d-4400-a71e-10ff6af78986}","r":1788727148835,"n":39,"ms":2853}
2026-09-06T22:39:11+02:00 HAL9000 kwin_wayland[2468]: KXLGEO1 {"k":"win","s":3,"id":"{89b38cc9-014d-4323-ae5d-4c07d535682f}","cls":"plasmashell","caption":"<Titel entfernt>","output":"DP-3","desktops":[],"activities":[],"onAllDesktops":true,"geo":{"x":0,"y":0,"w":1920,"h":1080,"exakt":true},"min":{"w":0,"h":0},"max":{"w":2147483647,"h":2147483647},"fullScreen":false,"minimized":false,"maximizeMode":0,"moveable":false,"resizeable":false,"move":false,"resize":false,"managed":true,"deleted":false,"normalWindow":false,"specialWindow":true,"popupWindow":false,"dialog":false,"utility":false,"splash":false,"dock":false,"transient":false,"modal":false,"transientFor":null,"r":1788727148835,"n":40,"ms":2853}
2026-09-06T22:39:11+02:00 HAL9000 kwin_wayland[2468]: KXLGEO1 {"k":"win","s":3,"id":"{2a15acd8-fb85-4dbe-b1e1-052a1352b6f3}","cls":"plasmashell","caption":"<Titel entfernt>","output":"DP-3","desktops":[],"activities":[],"onAllDesktops":true,"geo":{"x":0,"y":1050,"w":1920,"h":30,"exakt":true},"min":{"w":0,"h":0},"max":{"w":2147483647,"h":2147483647},"fullScreen":false,"minimized":false,"maximizeMode":0,"moveable":false,"resizeable":false,"move":false,"resize":false,"managed":true,"deleted":false,"normalWindow":false,"specialWindow":true,"popupWindow":false,"dialog":false,"utility":false,"splash":false,"dock":true,"transient":false,"modal":false,"transientFor":null,"r":1788727148835,"n":41,"ms":2854}
2026-09-06T22:39:11+02:00 HAL9000 kwin_wayland[2468]: KXLGEO1 {"k":"win","s":3,"id":"{3f388390-70ab-41fc-827a-b984ea8aa5c6}","cls":"plasmashell","caption":"<Titel entfernt>","output":"eDP-1","desktops":[],"activities":[],"onAllDesktops":true,"geo":{"x":1920,"y":0,"w":1920,"h":1080,"exakt":true},"min":{"w":0,"h":0},"max":{"w":2147483647,"h":2147483647},"fullScreen":false,"minimized":false,"maximizeMode":0,"moveable":false,"resizeable":false,"move":false,"resize":false,"managed":true,"deleted":false,"normalWindow":false,"specialWindow":true,"popupWindow":false,"dialog":false,"utility":false,"splash":false,"dock":false,"transient":false,"modal":false,"transientFor":null,"r":1788727148835,"n":42,"ms":2854}
2026-09-06T22:39:11+02:00 HAL9000 kwin_wayland[2468]: KXLGEO1 {"k":"win","s":3,"id":"{eb7c3039-28ba-4583-a59b-fe8b5f16f24d}","cls":"org.kde.kwrite","caption":"kxl-e21.txt — KWrite","output":"eDP-1","desktops":["b7798180-564c-4f75-ad4a-284026ac7a68"],"activities":["a89f5ec2-ab8e-4108-8088-7118500a3aab"],"onAllDesktops":false,"geo":{"x":1920,"y":0,"w":1920,"h":1080,"exakt":true},"min":{"w":157,"h":150},"max":{"w":2147483647,"h":2147483647},"fullScreen":false,"minimized":false,"maximizeMode":3,"moveable":true,"resizeable":true,"move":false,"resize":false,"managed":true,"deleted":false,"normalWindow":true,"specialWindow":false,"popupWindow":false,"dialog":false,"utility":false,"splash":false,"dock":false,"transient":false,"modal":false,"transientFor":null,"r":1788727148835,"n":43,"ms":2854}
2026-09-06T22:39:11+02:00 HAL9000 kwin_wayland[2468]: KXLGEO1 {"k":"win","s":3,"id":"{cf09015d-ec14-474d-a9d5-98c3e5e62842}","cls":"org.kde.kwrite","caption":"kxl-e22.txt — KWrite","output":"DP-3","desktops":["b7798180-564c-4f75-ad4a-284026ac7a68"],"activities":["a89f5ec2-ab8e-4108-8088-7118500a3aab"],"onAllDesktops":false,"geo":{"x":0,"y":0,"w":1920,"h":1050,"exakt":true},"min":{"w":157,"h":150},"max":{"w":2147483647,"h":2147483647},"fullScreen":false,"minimized":false,"maximizeMode":3,"moveable":true,"resizeable":true,"move":false,"resize":false,"managed":true,"deleted":false,"normalWindow":true,"specialWindow":false,"popupWindow":false,"dialog":false,"utility":false,"splash":false,"dock":false,"transient":false,"modal":false,"transientFor":null,"r":1788727148835,"n":44,"ms":2855}
2026-09-06T22:39:11+02:00 HAL9000 kwin_wayland[2468]: KXLGEO1 {"k":"win","s":3,"id":"{a065d49d-3cca-4e47-9ca5-959fbb85f6ef}","cls":"org.kde.kwrite","caption":"kxl-e31.txt — KWrite","output":"eDP-1","desktops":["30c27d93-fa7d-452a-ad6a-53201edcdca1"],"activities":["a89f5ec2-ab8e-4108-8088-7118500a3aab"],"onAllDesktops":false,"geo":{"x":1920,"y":0,"w":1920,"h":1080,"exakt":true},"min":{"w":157,"h":150},"max":{"w":2147483647,"h":2147483647},"fullScreen":false,"minimized":false,"maximizeMode":3,"moveable":true,"resizeable":true,"move":false,"resize":false,"managed":true,"deleted":false,"normalWindow":true,"specialWindow":false,"popupWindow":false,"dialog":false,"utility":false,"splash":false,"dock":false,"transient":false,"modal":false,"transientFor":null,"r":1788727148835,"n":45,"ms":2856}
2026-09-06T22:39:11+02:00 HAL9000 kwin_wayland[2468]: KXLGEO1 {"k":"win","s":3,"id":"{c432f6d3-8c42-4e85-91ad-db1fc5cd7a19}","cls":"org.kde.kwrite","caption":"kxl-e32.txt — KWrite","output":"DP-3","desktops":["30c27d93-fa7d-452a-ad6a-53201edcdca1"],"activities":["a89f5ec2-ab8e-4108-8088-7118500a3aab"],"onAllDesktops":false,"geo":{"x":0,"y":0,"w":1920,"h":1050,"exakt":true},"min":{"w":157,"h":150},"max":{"w":2147483647,"h":2147483647},"fullScreen":false,"minimized":false,"maximizeMode":3,"moveable":true,"resizeable":true,"move":false,"resize":false,"managed":true,"deleted":false,"normalWindow":true,"specialWindow":false,"popupWindow":false,"dialog":false,"utility":false,"splash":false,"dock":false,"transient":false,"modal":false,"transientFor":null,"r":1788727148835,"n":46,"ms":2856}
2026-09-06T22:39:11+02:00 HAL9000 kwin_wayland[2468]: KXLGEO1 {"k":"win","s":3,"id":"{0eef7191-9c94-4321-b99b-c4d38b5e83c9}","cls":"org.kde.kwrite","caption":"kxl-e41.txt — KWrite","output":"eDP-1","desktops":["eb859906-5dd5-4314-92bc-4f3cc1582e4f"],"activities":["a89f5ec2-ab8e-4108-8088-7118500a3aab"],"onAllDesktops":false,"geo":{"x":1920,"y":0,"w":1920,"h":1080,"exakt":true},"min":{"w":157,"h":150},"max":{"w":2147483647,"h":2147483647},"fullScreen":false,"minimized":false,"maximizeMode":3,"moveable":true,"resizeable":true,"move":false,"resize":false,"managed":true,"deleted":false,"normalWindow":true,"specialWindow":false,"popupWindow":false,"dialog":false,"utility":false,"splash":false,"dock":false,"transient":false,"modal":false,"transientFor":null,"r":1788727148835,"n":47,"ms":2856}
2026-09-06T22:39:11+02:00 HAL9000 kwin_wayland[2468]: KXLGEO1 {"k":"win","s":3,"id":"{ba6367e2-579d-4400-a71e-10ff6af78986}","cls":"org.kde.kwrite","caption":"kxl-e42.txt — KWrite","output":"DP-3","desktops":["eb859906-5dd5-4314-92bc-4f3cc1582e4f"],"activities":["a89f5ec2-ab8e-4108-8088-7118500a3aab"],"onAllDesktops":false,"geo":{"x":0,"y":0,"w":1920,"h":1050,"exakt":true},"min":{"w":157,"h":150},"max":{"w":2147483647,"h":2147483647},"fullScreen":false,"minimized":false,"maximizeMode":3,"moveable":true,"resizeable":true,"move":false,"resize":false,"managed":true,"deleted":false,"normalWindow":true,"specialWindow":false,"popupWindow":false,"dialog":false,"utility":false,"splash":false,"dock":false,"transient":false,"modal":false,"transientFor":null,"r":1788727148835,"n":48,"ms":2856}
2026-09-06T22:39:11+02:00 HAL9000 kwin_wayland[2468]: KXLGEO1 {"k":"end","st":"ok","total":49,"samples":4,"fehler":0,"timer_aktiv":0,"r":1788727148835,"n":49,"ms":2856}
2026-09-06T22:39:37+02:00 HAL9000 kwin_wayland[2468]: kwin-xmonad-lite: gc #38 fenster=1 surfaces=0
2026-09-06T22:39:37+02:00 HAL9000 kwin_wayland[2468]: kwin-xmonad-lite: arrange #38 grund=closed,windowRemoved surfaces=2 mitglieder=2 teilnehmer=0
2026-09-06T22:39:37+02:00 HAL9000 kwin_wayland[2468]: kwin-xmonad-lite: surface a89f5ec2-ab8e-4108-8088-7118500a3aab|eb859906-5dd5-4314-92bc-4f3cc1582e4f|eDP-1 layout=tall n=0 ratio=0.65 fläche=1920x1080+1920+0
2026-09-06T22:39:37+02:00 HAL9000 kwin_wayland[2468]: kwin-xmonad-lite: diagnose a89f5ec2-ab8e-4108-8088-7118500a3aab|eb859906-5dd5-4314-92bc-4f3cc1582e4f|eDP-1 order={0eef7191-9c94-4321-b99b-c4d38b5e83c9} teilnehmer= float=
2026-09-06T22:39:37+02:00 HAL9000 kwin_wayland[2468]: kwin-xmonad-lite: surface a89f5ec2-ab8e-4108-8088-7118500a3aab|eb859906-5dd5-4314-92bc-4f3cc1582e4f|DP-3 layout=tall n=0 ratio=0.65 fläche=1920x1050+0+0
2026-09-06T22:39:37+02:00 HAL9000 kwin_wayland[2468]: kwin-xmonad-lite: diagnose a89f5ec2-ab8e-4108-8088-7118500a3aab|eb859906-5dd5-4314-92bc-4f3cc1582e4f|DP-3 order={ba6367e2-579d-4400-a71e-10ff6af78986} teilnehmer= float=
2026-09-06T22:39:37+02:00 HAL9000 kwin_wayland[2468]: kwin-xmonad-lite: gc #39 fenster=1 surfaces=0
2026-09-06T22:39:37+02:00 HAL9000 kwin_wayland[2468]: kwin-xmonad-lite: arrange #39 grund=closed,windowRemoved surfaces=2 mitglieder=2 teilnehmer=0
2026-09-06T22:39:37+02:00 HAL9000 kwin_wayland[2468]: kwin-xmonad-lite: surface a89f5ec2-ab8e-4108-8088-7118500a3aab|eb859906-5dd5-4314-92bc-4f3cc1582e4f|eDP-1 layout=tall n=0 ratio=0.65 fläche=1920x1080+1920+0
2026-09-06T22:39:37+02:00 HAL9000 kwin_wayland[2468]: kwin-xmonad-lite: diagnose a89f5ec2-ab8e-4108-8088-7118500a3aab|eb859906-5dd5-4314-92bc-4f3cc1582e4f|eDP-1 order={0eef7191-9c94-4321-b99b-c4d38b5e83c9} teilnehmer= float=
2026-09-06T22:39:37+02:00 HAL9000 kwin_wayland[2468]: kwin-xmonad-lite: surface a89f5ec2-ab8e-4108-8088-7118500a3aab|eb859906-5dd5-4314-92bc-4f3cc1582e4f|DP-3 layout=tall n=0 ratio=0.65 fläche=1920x1050+0+0
2026-09-06T22:39:37+02:00 HAL9000 kwin_wayland[2468]: kwin-xmonad-lite: diagnose a89f5ec2-ab8e-4108-8088-7118500a3aab|eb859906-5dd5-4314-92bc-4f3cc1582e4f|DP-3 order={ba6367e2-579d-4400-a71e-10ff6af78986} teilnehmer= float=
2026-09-06T22:39:37+02:00 HAL9000 kwin_wayland[2468]: kwin-xmonad-lite: gc #40 fenster=1 surfaces=0
2026-09-06T22:39:37+02:00 HAL9000 kwin_wayland[2468]: kwin-xmonad-lite: arrange #40 grund=closed,windowRemoved surfaces=2 mitglieder=2 teilnehmer=0
2026-09-06T22:39:37+02:00 HAL9000 kwin_wayland[2468]: kwin-xmonad-lite: surface a89f5ec2-ab8e-4108-8088-7118500a3aab|eb859906-5dd5-4314-92bc-4f3cc1582e4f|eDP-1 layout=tall n=0 ratio=0.65 fläche=1920x1080+1920+0
2026-09-06T22:39:37+02:00 HAL9000 kwin_wayland[2468]: kwin-xmonad-lite: diagnose a89f5ec2-ab8e-4108-8088-7118500a3aab|eb859906-5dd5-4314-92bc-4f3cc1582e4f|eDP-1 order={0eef7191-9c94-4321-b99b-c4d38b5e83c9} teilnehmer= float=
2026-09-06T22:39:37+02:00 HAL9000 kwin_wayland[2468]: kwin-xmonad-lite: surface a89f5ec2-ab8e-4108-8088-7118500a3aab|eb859906-5dd5-4314-92bc-4f3cc1582e4f|DP-3 layout=tall n=0 ratio=0.65 fläche=1920x1050+0+0
2026-09-06T22:39:37+02:00 HAL9000 kwin_wayland[2468]: kwin-xmonad-lite: diagnose a89f5ec2-ab8e-4108-8088-7118500a3aab|eb859906-5dd5-4314-92bc-4f3cc1582e4f|DP-3 order={ba6367e2-579d-4400-a71e-10ff6af78986} teilnehmer= float=
2026-09-06T22:39:37+02:00 HAL9000 kwin_wayland[2468]: kwin-xmonad-lite: gc #41 fenster=1 surfaces=0
2026-09-06T22:39:37+02:00 HAL9000 kwin_wayland[2468]: kwin-xmonad-lite: arrange #41 grund=closed,windowRemoved surfaces=2 mitglieder=1 teilnehmer=0
2026-09-06T22:39:37+02:00 HAL9000 kwin_wayland[2468]: kwin-xmonad-lite: surface a89f5ec2-ab8e-4108-8088-7118500a3aab|eb859906-5dd5-4314-92bc-4f3cc1582e4f|DP-3 layout=tall n=0 ratio=0.65 fläche=1920x1050+0+0
2026-09-06T22:39:37+02:00 HAL9000 kwin_wayland[2468]: kwin-xmonad-lite: diagnose a89f5ec2-ab8e-4108-8088-7118500a3aab|eb859906-5dd5-4314-92bc-4f3cc1582e4f|DP-3 order={ba6367e2-579d-4400-a71e-10ff6af78986} teilnehmer= float=
2026-09-06T22:39:38+02:00 HAL9000 kwin_wayland[2468]: kwin-xmonad-lite: gc #42 fenster=1 surfaces=0
2026-09-06T22:39:38+02:00 HAL9000 kwin_wayland[2468]: kwin-xmonad-lite: arrange #42 grund=closed,windowRemoved surfaces=2 mitglieder=1 teilnehmer=0
2026-09-06T22:39:38+02:00 HAL9000 kwin_wayland[2468]: kwin-xmonad-lite: surface a89f5ec2-ab8e-4108-8088-7118500a3aab|eb859906-5dd5-4314-92bc-4f3cc1582e4f|DP-3 layout=tall n=0 ratio=0.65 fläche=1920x1050+0+0
2026-09-06T22:39:38+02:00 HAL9000 kwin_wayland[2468]: kwin-xmonad-lite: diagnose a89f5ec2-ab8e-4108-8088-7118500a3aab|eb859906-5dd5-4314-92bc-4f3cc1582e4f|DP-3 order={ba6367e2-579d-4400-a71e-10ff6af78986} teilnehmer= float=
2026-09-06T22:39:40+02:00 HAL9000 kwin_wayland[2468]: kwin-xmonad-lite: gc #43 fenster=1 surfaces=0
2026-09-06T22:39:40+02:00 HAL9000 kwin_wayland[2468]: kwin-xmonad-lite: arrange #43 grund=closed,windowActivated,windowRemoved surfaces=2 mitglieder=0 teilnehmer=0
2026-09-06T22:39:56+02:00 HAL9000 kwin_wayland[2468]: kwin-xmonad-lite: arrange #44 grund=desktopChanged surfaces=2 mitglieder=0 teilnehmer=0
2026-09-06T22:39:59+02:00 HAL9000 kwin_wayland[2468]: kwin-xmonad-lite: arrange #45 grund=windowActivated,windowAdded surfaces=2 mitglieder=1 teilnehmer=0
2026-09-06T22:39:59+02:00 HAL9000 kwin_wayland[2468]: kwin-xmonad-lite: surface a89f5ec2-ab8e-4108-8088-7118500a3aab|b7798180-564c-4f75-ad4a-284026ac7a68|DP-3 layout=tall n=0 ratio=0.65 fläche=1920x1050+0+0
2026-09-06T22:39:59+02:00 HAL9000 kwin_wayland[2468]: kwin-xmonad-lite: diagnose a89f5ec2-ab8e-4108-8088-7118500a3aab|b7798180-564c-4f75-ad4a-284026ac7a68|DP-3 order={e8b3195e-bff6-4626-ad9a-e941156dfaf6} teilnehmer= float=
2026-09-06T22:40:19+02:00 HAL9000 kwin_wayland[2468]: kwin-xmonad-lite: arrange #46 grund=fensterzustand surfaces=2 mitglieder=1 teilnehmer=1
2026-09-06T22:40:19+02:00 HAL9000 kwin_wayland[2468]: kwin-xmonad-lite: surface a89f5ec2-ab8e-4108-8088-7118500a3aab|b7798180-564c-4f75-ad4a-284026ac7a68|DP-3 layout=tall n=1 ratio=0.65 fläche=1920x1050+0+0
2026-09-06T22:40:19+02:00 HAL9000 kwin_wayland[2468]: kwin-xmonad-lite: diagnose a89f5ec2-ab8e-4108-8088-7118500a3aab|b7798180-564c-4f75-ad4a-284026ac7a68|DP-3 order={e8b3195e-bff6-4626-ad9a-e941156dfaf6} teilnehmer={e8b3195e-bff6-4626-ad9a-e941156dfaf6} float=
2026-09-06T22:40:39+02:00 HAL9000 kwin_wayland[2468]: kwin-xmonad-lite: extern {e8b3195e-bff6-4626-ad9a-e941156dfaf6}
2026-09-06T22:40:39+02:00 HAL9000 kwin_wayland[2468]: kwin-xmonad-lite: arrange #47 grund=geometrieExtern,fensterzustand surfaces=2 mitglieder=1 teilnehmer=1
2026-09-06T22:40:39+02:00 HAL9000 kwin_wayland[2468]: kwin-xmonad-lite: surface a89f5ec2-ab8e-4108-8088-7118500a3aab|b7798180-564c-4f75-ad4a-284026ac7a68|eDP-1 layout=tall n=1 ratio=0.65 fläche=1920x1080+1920+0
2026-09-06T22:40:39+02:00 HAL9000 kwin_wayland[2468]: kwin-xmonad-lite: diagnose a89f5ec2-ab8e-4108-8088-7118500a3aab|b7798180-564c-4f75-ad4a-284026ac7a68|eDP-1 order={e8b3195e-bff6-4626-ad9a-e941156dfaf6} teilnehmer={e8b3195e-bff6-4626-ad9a-e941156dfaf6} float=
2026-09-06T22:40:39+02:00 HAL9000 kwin_wayland[2468]: kwin-xmonad-lite: apply {e8b3195e-bff6-4626-ad9a-e941156dfaf6} soll=1920x1080+1920+0
2026-09-06T22:40:41+02:00 HAL9000 kwin_wayland[2468]: kwin-xmonad-lite: arrange #48 grund=windowActivated,windowAdded surfaces=2 mitglieder=2 teilnehmer=1
2026-09-06T22:40:41+02:00 HAL9000 kwin_wayland[2468]: kwin-xmonad-lite: surface a89f5ec2-ab8e-4108-8088-7118500a3aab|b7798180-564c-4f75-ad4a-284026ac7a68|eDP-1 layout=tall n=1 ratio=0.65 fläche=1920x1080+1920+0
2026-09-06T22:40:41+02:00 HAL9000 kwin_wayland[2468]: kwin-xmonad-lite: diagnose a89f5ec2-ab8e-4108-8088-7118500a3aab|b7798180-564c-4f75-ad4a-284026ac7a68|eDP-1 order={5ad0ba7a-667f-4a8a-95e7-fe90b128bf67},{e8b3195e-bff6-4626-ad9a-e941156dfaf6} teilnehmer={e8b3195e-bff6-4626-ad9a-e941156dfaf6} float=
2026-09-06T22:40:46+02:00 HAL9000 kwin_wayland[2468]: kwin-xmonad-lite: arrange #49 grund=fensterzustand surfaces=2 mitglieder=2 teilnehmer=2
2026-09-06T22:40:46+02:00 HAL9000 kwin_wayland[2468]: kwin-xmonad-lite: surface a89f5ec2-ab8e-4108-8088-7118500a3aab|b7798180-564c-4f75-ad4a-284026ac7a68|eDP-1 layout=tall n=2 ratio=0.65 fläche=1920x1080+1920+0
2026-09-06T22:40:46+02:00 HAL9000 kwin_wayland[2468]: kwin-xmonad-lite: diagnose a89f5ec2-ab8e-4108-8088-7118500a3aab|b7798180-564c-4f75-ad4a-284026ac7a68|eDP-1 order={5ad0ba7a-667f-4a8a-95e7-fe90b128bf67},{e8b3195e-bff6-4626-ad9a-e941156dfaf6} teilnehmer={5ad0ba7a-667f-4a8a-95e7-fe90b128bf67},{e8b3195e-bff6-4626-ad9a-e941156dfaf6} float=
2026-09-06T22:40:46+02:00 HAL9000 kwin_wayland[2468]: kwin-xmonad-lite: apply {5ad0ba7a-667f-4a8a-95e7-fe90b128bf67} soll=1248x1080+1920+0
2026-09-06T22:40:46+02:00 HAL9000 kwin_wayland[2468]: kwin-xmonad-lite: apply {e8b3195e-bff6-4626-ad9a-e941156dfaf6} soll=672x1080+3168+0
2026-09-06T22:40:48+02:00 HAL9000 kwin_wayland[2468]: kwin-xmonad-lite: extern {5ad0ba7a-667f-4a8a-95e7-fe90b128bf67}
2026-09-06T22:40:48+02:00 HAL9000 kwin_wayland[2468]: kwin-xmonad-lite: arrange #50 grund=geometrieExtern,fensterzustand surfaces=2 mitglieder=2 teilnehmer=2
2026-09-06T22:40:48+02:00 HAL9000 kwin_wayland[2468]: kwin-xmonad-lite: surface a89f5ec2-ab8e-4108-8088-7118500a3aab|b7798180-564c-4f75-ad4a-284026ac7a68|eDP-1 layout=tall n=1 ratio=0.65 fläche=1920x1080+1920+0
2026-09-06T22:40:48+02:00 HAL9000 kwin_wayland[2468]: kwin-xmonad-lite: diagnose a89f5ec2-ab8e-4108-8088-7118500a3aab|b7798180-564c-4f75-ad4a-284026ac7a68|eDP-1 order={e8b3195e-bff6-4626-ad9a-e941156dfaf6} teilnehmer={e8b3195e-bff6-4626-ad9a-e941156dfaf6} float=
2026-09-06T22:40:48+02:00 HAL9000 kwin_wayland[2468]: kwin-xmonad-lite: apply {e8b3195e-bff6-4626-ad9a-e941156dfaf6} soll=1920x1080+1920+0
2026-09-06T22:40:48+02:00 HAL9000 kwin_wayland[2468]: kwin-xmonad-lite: surface a89f5ec2-ab8e-4108-8088-7118500a3aab|b7798180-564c-4f75-ad4a-284026ac7a68|DP-3 layout=tall n=1 ratio=0.65 fläche=1920x1050+0+0
2026-09-06T22:40:48+02:00 HAL9000 kwin_wayland[2468]: kwin-xmonad-lite: diagnose a89f5ec2-ab8e-4108-8088-7118500a3aab|b7798180-564c-4f75-ad4a-284026ac7a68|DP-3 order={5ad0ba7a-667f-4a8a-95e7-fe90b128bf67} teilnehmer={5ad0ba7a-667f-4a8a-95e7-fe90b128bf67} float=
2026-09-06T22:40:48+02:00 HAL9000 kwin_wayland[2468]: kwin-xmonad-lite: apply {5ad0ba7a-667f-4a8a-95e7-fe90b128bf67} soll=1920x1050+0+0
2026-09-06T22:40:50+02:00 HAL9000 kwin_wayland[2468]: kwin-xmonad-lite: arrange #51 grund=desktopChanged,windowActivated surfaces=2 mitglieder=0 teilnehmer=0
2026-09-06T22:40:52+02:00 HAL9000 kwin_wayland[2468]: kwin-xmonad-lite: arrange #52 grund=windowActivated,windowAdded surfaces=2 mitglieder=1 teilnehmer=0
2026-09-06T22:40:52+02:00 HAL9000 kwin_wayland[2468]: kwin-xmonad-lite: surface a89f5ec2-ab8e-4108-8088-7118500a3aab|30c27d93-fa7d-452a-ad6a-53201edcdca1|DP-3 layout=tall n=0 ratio=0.65 fläche=1920x1050+0+0
2026-09-06T22:40:52+02:00 HAL9000 kwin_wayland[2468]: kwin-xmonad-lite: diagnose a89f5ec2-ab8e-4108-8088-7118500a3aab|30c27d93-fa7d-452a-ad6a-53201edcdca1|DP-3 order={e7197997-9db9-44ae-bcb6-f6269cf7c923} teilnehmer= float=
2026-09-06T22:40:57+02:00 HAL9000 kwin_wayland[2468]: kwin-xmonad-lite: arrange #53 grund=fensterzustand surfaces=2 mitglieder=1 teilnehmer=1
2026-09-06T22:40:57+02:00 HAL9000 kwin_wayland[2468]: kwin-xmonad-lite: surface a89f5ec2-ab8e-4108-8088-7118500a3aab|30c27d93-fa7d-452a-ad6a-53201edcdca1|DP-3 layout=tall n=1 ratio=0.65 fläche=1920x1050+0+0
2026-09-06T22:40:57+02:00 HAL9000 kwin_wayland[2468]: kwin-xmonad-lite: diagnose a89f5ec2-ab8e-4108-8088-7118500a3aab|30c27d93-fa7d-452a-ad6a-53201edcdca1|DP-3 order={e7197997-9db9-44ae-bcb6-f6269cf7c923} teilnehmer={e7197997-9db9-44ae-bcb6-f6269cf7c923} float=
2026-09-06T22:40:59+02:00 HAL9000 kwin_wayland[2468]: kwin-xmonad-lite: extern {e7197997-9db9-44ae-bcb6-f6269cf7c923}
2026-09-06T22:40:59+02:00 HAL9000 kwin_wayland[2468]: kwin-xmonad-lite: arrange #54 grund=geometrieExtern,fensterzustand surfaces=2 mitglieder=1 teilnehmer=1
2026-09-06T22:40:59+02:00 HAL9000 kwin_wayland[2468]: kwin-xmonad-lite: surface a89f5ec2-ab8e-4108-8088-7118500a3aab|30c27d93-fa7d-452a-ad6a-53201edcdca1|eDP-1 layout=tall n=1 ratio=0.65 fläche=1920x1080+1920+0
2026-09-06T22:40:59+02:00 HAL9000 kwin_wayland[2468]: kwin-xmonad-lite: diagnose a89f5ec2-ab8e-4108-8088-7118500a3aab|30c27d93-fa7d-452a-ad6a-53201edcdca1|eDP-1 order={e7197997-9db9-44ae-bcb6-f6269cf7c923} teilnehmer={e7197997-9db9-44ae-bcb6-f6269cf7c923} float=
2026-09-06T22:40:59+02:00 HAL9000 kwin_wayland[2468]: kwin-xmonad-lite: apply {e7197997-9db9-44ae-bcb6-f6269cf7c923} soll=1920x1080+1920+0
2026-09-06T22:41:01+02:00 HAL9000 kwin_wayland[2468]: kwin-xmonad-lite: arrange #55 grund=windowActivated,windowAdded surfaces=2 mitglieder=2 teilnehmer=1
2026-09-06T22:41:01+02:00 HAL9000 kwin_wayland[2468]: kwin-xmonad-lite: surface a89f5ec2-ab8e-4108-8088-7118500a3aab|30c27d93-fa7d-452a-ad6a-53201edcdca1|eDP-1 layout=tall n=1 ratio=0.65 fläche=1920x1080+1920+0
2026-09-06T22:41:01+02:00 HAL9000 kwin_wayland[2468]: kwin-xmonad-lite: diagnose a89f5ec2-ab8e-4108-8088-7118500a3aab|30c27d93-fa7d-452a-ad6a-53201edcdca1|eDP-1 order={a689848b-745a-4193-92cd-6beef42c01d3},{e7197997-9db9-44ae-bcb6-f6269cf7c923} teilnehmer={e7197997-9db9-44ae-bcb6-f6269cf7c923} float=
2026-09-06T22:41:06+02:00 HAL9000 kwin_wayland[2468]: kwin-xmonad-lite: arrange #56 grund=fensterzustand surfaces=2 mitglieder=2 teilnehmer=2
2026-09-06T22:41:06+02:00 HAL9000 kwin_wayland[2468]: kwin-xmonad-lite: surface a89f5ec2-ab8e-4108-8088-7118500a3aab|30c27d93-fa7d-452a-ad6a-53201edcdca1|eDP-1 layout=tall n=2 ratio=0.65 fläche=1920x1080+1920+0
2026-09-06T22:41:06+02:00 HAL9000 kwin_wayland[2468]: kwin-xmonad-lite: diagnose a89f5ec2-ab8e-4108-8088-7118500a3aab|30c27d93-fa7d-452a-ad6a-53201edcdca1|eDP-1 order={a689848b-745a-4193-92cd-6beef42c01d3},{e7197997-9db9-44ae-bcb6-f6269cf7c923} teilnehmer={a689848b-745a-4193-92cd-6beef42c01d3},{e7197997-9db9-44ae-bcb6-f6269cf7c923} float=
2026-09-06T22:41:06+02:00 HAL9000 kwin_wayland[2468]: kwin-xmonad-lite: apply {a689848b-745a-4193-92cd-6beef42c01d3} soll=1248x1080+1920+0
2026-09-06T22:41:06+02:00 HAL9000 kwin_wayland[2468]: kwin-xmonad-lite: apply {e7197997-9db9-44ae-bcb6-f6269cf7c923} soll=672x1080+3168+0
2026-09-06T22:41:08+02:00 HAL9000 kwin_wayland[2468]: kwin-xmonad-lite: extern {a689848b-745a-4193-92cd-6beef42c01d3}
2026-09-06T22:41:08+02:00 HAL9000 kwin_wayland[2468]: kwin-xmonad-lite: arrange #57 grund=geometrieExtern,fensterzustand surfaces=2 mitglieder=2 teilnehmer=2
2026-09-06T22:41:08+02:00 HAL9000 kwin_wayland[2468]: kwin-xmonad-lite: surface a89f5ec2-ab8e-4108-8088-7118500a3aab|30c27d93-fa7d-452a-ad6a-53201edcdca1|eDP-1 layout=tall n=1 ratio=0.65 fläche=1920x1080+1920+0
2026-09-06T22:41:08+02:00 HAL9000 kwin_wayland[2468]: kwin-xmonad-lite: diagnose a89f5ec2-ab8e-4108-8088-7118500a3aab|30c27d93-fa7d-452a-ad6a-53201edcdca1|eDP-1 order={e7197997-9db9-44ae-bcb6-f6269cf7c923} teilnehmer={e7197997-9db9-44ae-bcb6-f6269cf7c923} float=
2026-09-06T22:41:08+02:00 HAL9000 kwin_wayland[2468]: kwin-xmonad-lite: apply {e7197997-9db9-44ae-bcb6-f6269cf7c923} soll=1920x1080+1920+0
2026-09-06T22:41:08+02:00 HAL9000 kwin_wayland[2468]: kwin-xmonad-lite: surface a89f5ec2-ab8e-4108-8088-7118500a3aab|30c27d93-fa7d-452a-ad6a-53201edcdca1|DP-3 layout=tall n=1 ratio=0.65 fläche=1920x1050+0+0
2026-09-06T22:41:08+02:00 HAL9000 kwin_wayland[2468]: kwin-xmonad-lite: diagnose a89f5ec2-ab8e-4108-8088-7118500a3aab|30c27d93-fa7d-452a-ad6a-53201edcdca1|DP-3 order={a689848b-745a-4193-92cd-6beef42c01d3} teilnehmer={a689848b-745a-4193-92cd-6beef42c01d3} float=
2026-09-06T22:41:08+02:00 HAL9000 kwin_wayland[2468]: kwin-xmonad-lite: apply {a689848b-745a-4193-92cd-6beef42c01d3} soll=1920x1050+0+0
2026-09-06T22:41:10+02:00 HAL9000 kwin_wayland[2468]: kwin-xmonad-lite: arrange #58 grund=desktopChanged,windowActivated surfaces=2 mitglieder=0 teilnehmer=0
2026-09-06T22:41:12+02:00 HAL9000 kwin_wayland[2468]: kwin-xmonad-lite: arrange #59 grund=windowActivated,windowAdded surfaces=2 mitglieder=1 teilnehmer=0
2026-09-06T22:41:12+02:00 HAL9000 kwin_wayland[2468]: kwin-xmonad-lite: surface a89f5ec2-ab8e-4108-8088-7118500a3aab|eb859906-5dd5-4314-92bc-4f3cc1582e4f|DP-3 layout=tall n=0 ratio=0.65 fläche=1920x1050+0+0
2026-09-06T22:41:12+02:00 HAL9000 kwin_wayland[2468]: kwin-xmonad-lite: diagnose a89f5ec2-ab8e-4108-8088-7118500a3aab|eb859906-5dd5-4314-92bc-4f3cc1582e4f|DP-3 order={816fb7d9-1b05-4437-a98e-989dc6f1b924} teilnehmer= float=
2026-09-06T22:41:17+02:00 HAL9000 kwin_wayland[2468]: kwin-xmonad-lite: arrange #60 grund=fensterzustand surfaces=2 mitglieder=1 teilnehmer=1
2026-09-06T22:41:17+02:00 HAL9000 kwin_wayland[2468]: kwin-xmonad-lite: surface a89f5ec2-ab8e-4108-8088-7118500a3aab|eb859906-5dd5-4314-92bc-4f3cc1582e4f|DP-3 layout=tall n=1 ratio=0.65 fläche=1920x1050+0+0
2026-09-06T22:41:17+02:00 HAL9000 kwin_wayland[2468]: kwin-xmonad-lite: diagnose a89f5ec2-ab8e-4108-8088-7118500a3aab|eb859906-5dd5-4314-92bc-4f3cc1582e4f|DP-3 order={816fb7d9-1b05-4437-a98e-989dc6f1b924} teilnehmer={816fb7d9-1b05-4437-a98e-989dc6f1b924} float=
2026-09-06T22:41:19+02:00 HAL9000 kwin_wayland[2468]: kwin-xmonad-lite: extern {816fb7d9-1b05-4437-a98e-989dc6f1b924}
2026-09-06T22:41:19+02:00 HAL9000 kwin_wayland[2468]: kwin-xmonad-lite: arrange #61 grund=geometrieExtern,fensterzustand surfaces=2 mitglieder=1 teilnehmer=1
2026-09-06T22:41:19+02:00 HAL9000 kwin_wayland[2468]: kwin-xmonad-lite: surface a89f5ec2-ab8e-4108-8088-7118500a3aab|eb859906-5dd5-4314-92bc-4f3cc1582e4f|eDP-1 layout=tall n=1 ratio=0.65 fläche=1920x1080+1920+0
2026-09-06T22:41:19+02:00 HAL9000 kwin_wayland[2468]: kwin-xmonad-lite: diagnose a89f5ec2-ab8e-4108-8088-7118500a3aab|eb859906-5dd5-4314-92bc-4f3cc1582e4f|eDP-1 order={816fb7d9-1b05-4437-a98e-989dc6f1b924} teilnehmer={816fb7d9-1b05-4437-a98e-989dc6f1b924} float=
2026-09-06T22:41:19+02:00 HAL9000 kwin_wayland[2468]: kwin-xmonad-lite: apply {816fb7d9-1b05-4437-a98e-989dc6f1b924} soll=1920x1080+1920+0
2026-09-06T22:41:21+02:00 HAL9000 kwin_wayland[2468]: kwin-xmonad-lite: arrange #62 grund=windowActivated,windowAdded surfaces=2 mitglieder=2 teilnehmer=1
2026-09-06T22:41:21+02:00 HAL9000 kwin_wayland[2468]: kwin-xmonad-lite: surface a89f5ec2-ab8e-4108-8088-7118500a3aab|eb859906-5dd5-4314-92bc-4f3cc1582e4f|eDP-1 layout=tall n=1 ratio=0.65 fläche=1920x1080+1920+0
2026-09-06T22:41:21+02:00 HAL9000 kwin_wayland[2468]: kwin-xmonad-lite: diagnose a89f5ec2-ab8e-4108-8088-7118500a3aab|eb859906-5dd5-4314-92bc-4f3cc1582e4f|eDP-1 order={e0aa8953-6d9f-4cbe-8a78-daae3140f289},{816fb7d9-1b05-4437-a98e-989dc6f1b924} teilnehmer={816fb7d9-1b05-4437-a98e-989dc6f1b924} float=
2026-09-06T22:41:26+02:00 HAL9000 kwin_wayland[2468]: kwin-xmonad-lite: arrange #63 grund=fensterzustand surfaces=2 mitglieder=2 teilnehmer=2
2026-09-06T22:41:26+02:00 HAL9000 kwin_wayland[2468]: kwin-xmonad-lite: surface a89f5ec2-ab8e-4108-8088-7118500a3aab|eb859906-5dd5-4314-92bc-4f3cc1582e4f|eDP-1 layout=tall n=2 ratio=0.65 fläche=1920x1080+1920+0
2026-09-06T22:41:26+02:00 HAL9000 kwin_wayland[2468]: kwin-xmonad-lite: diagnose a89f5ec2-ab8e-4108-8088-7118500a3aab|eb859906-5dd5-4314-92bc-4f3cc1582e4f|eDP-1 order={e0aa8953-6d9f-4cbe-8a78-daae3140f289},{816fb7d9-1b05-4437-a98e-989dc6f1b924} teilnehmer={e0aa8953-6d9f-4cbe-8a78-daae3140f289},{816fb7d9-1b05-4437-a98e-989dc6f1b924} float=
2026-09-06T22:41:26+02:00 HAL9000 kwin_wayland[2468]: kwin-xmonad-lite: apply {e0aa8953-6d9f-4cbe-8a78-daae3140f289} soll=1248x1080+1920+0
2026-09-06T22:41:26+02:00 HAL9000 kwin_wayland[2468]: kwin-xmonad-lite: apply {816fb7d9-1b05-4437-a98e-989dc6f1b924} soll=672x1080+3168+0
2026-09-06T22:41:28+02:00 HAL9000 kwin_wayland[2468]: kwin-xmonad-lite: extern {e0aa8953-6d9f-4cbe-8a78-daae3140f289}
2026-09-06T22:41:28+02:00 HAL9000 kwin_wayland[2468]: kwin-xmonad-lite: arrange #64 grund=geometrieExtern,fensterzustand surfaces=2 mitglieder=2 teilnehmer=2
2026-09-06T22:41:28+02:00 HAL9000 kwin_wayland[2468]: kwin-xmonad-lite: surface a89f5ec2-ab8e-4108-8088-7118500a3aab|eb859906-5dd5-4314-92bc-4f3cc1582e4f|eDP-1 layout=tall n=1 ratio=0.65 fläche=1920x1080+1920+0
2026-09-06T22:41:28+02:00 HAL9000 kwin_wayland[2468]: kwin-xmonad-lite: diagnose a89f5ec2-ab8e-4108-8088-7118500a3aab|eb859906-5dd5-4314-92bc-4f3cc1582e4f|eDP-1 order={816fb7d9-1b05-4437-a98e-989dc6f1b924} teilnehmer={816fb7d9-1b05-4437-a98e-989dc6f1b924} float=
2026-09-06T22:41:28+02:00 HAL9000 kwin_wayland[2468]: kwin-xmonad-lite: apply {816fb7d9-1b05-4437-a98e-989dc6f1b924} soll=1920x1080+1920+0
2026-09-06T22:41:28+02:00 HAL9000 kwin_wayland[2468]: kwin-xmonad-lite: surface a89f5ec2-ab8e-4108-8088-7118500a3aab|eb859906-5dd5-4314-92bc-4f3cc1582e4f|DP-3 layout=tall n=1 ratio=0.65 fläche=1920x1050+0+0
2026-09-06T22:41:28+02:00 HAL9000 kwin_wayland[2468]: kwin-xmonad-lite: diagnose a89f5ec2-ab8e-4108-8088-7118500a3aab|eb859906-5dd5-4314-92bc-4f3cc1582e4f|DP-3 order={e0aa8953-6d9f-4cbe-8a78-daae3140f289} teilnehmer={e0aa8953-6d9f-4cbe-8a78-daae3140f289} float=
2026-09-06T22:41:28+02:00 HAL9000 kwin_wayland[2468]: kwin-xmonad-lite: apply {e0aa8953-6d9f-4cbe-8a78-daae3140f289} soll=1920x1050+0+0
2026-09-06T22:41:43+02:00 HAL9000 kxl-abnahme[15556]: -- AP6 Bestandsaufnahme --
2026-09-06T22:41:43+02:00 HAL9000 kwin_wayland[2468]: kwin-xmonad-lite: arrange #65 grund=desktopChanged,windowActivated surfaces=2 mitglieder=2 teilnehmer=2
2026-09-06T22:41:43+02:00 HAL9000 kwin_wayland[2468]: kwin-xmonad-lite: surface a89f5ec2-ab8e-4108-8088-7118500a3aab|b7798180-564c-4f75-ad4a-284026ac7a68|eDP-1 layout=tall n=1 ratio=0.65 fläche=1920x1080+1920+0
2026-09-06T22:41:43+02:00 HAL9000 kwin_wayland[2468]: kwin-xmonad-lite: diagnose a89f5ec2-ab8e-4108-8088-7118500a3aab|b7798180-564c-4f75-ad4a-284026ac7a68|eDP-1 order={e8b3195e-bff6-4626-ad9a-e941156dfaf6} teilnehmer={e8b3195e-bff6-4626-ad9a-e941156dfaf6} float=
2026-09-06T22:41:43+02:00 HAL9000 kwin_wayland[2468]: kwin-xmonad-lite: surface a89f5ec2-ab8e-4108-8088-7118500a3aab|b7798180-564c-4f75-ad4a-284026ac7a68|DP-3 layout=tall n=1 ratio=0.65 fläche=1920x1050+0+0
2026-09-06T22:41:43+02:00 HAL9000 kwin_wayland[2468]: kwin-xmonad-lite: diagnose a89f5ec2-ab8e-4108-8088-7118500a3aab|b7798180-564c-4f75-ad4a-284026ac7a68|DP-3 order={5ad0ba7a-667f-4a8a-95e7-fe90b128bf67} teilnehmer={5ad0ba7a-667f-4a8a-95e7-fe90b128bf67} float=
2026-09-06T22:41:46+02:00 HAL9000 kwin_wayland[2468]: kwin-xmonad-lite: arrange #66 grund=desktopChanged,windowActivated surfaces=2 mitglieder=2 teilnehmer=2
2026-09-06T22:41:46+02:00 HAL9000 kwin_wayland[2468]: kwin-xmonad-lite: surface a89f5ec2-ab8e-4108-8088-7118500a3aab|30c27d93-fa7d-452a-ad6a-53201edcdca1|eDP-1 layout=tall n=1 ratio=0.65 fläche=1920x1080+1920+0
2026-09-06T22:41:46+02:00 HAL9000 kwin_wayland[2468]: kwin-xmonad-lite: diagnose a89f5ec2-ab8e-4108-8088-7118500a3aab|30c27d93-fa7d-452a-ad6a-53201edcdca1|eDP-1 order={e7197997-9db9-44ae-bcb6-f6269cf7c923} teilnehmer={e7197997-9db9-44ae-bcb6-f6269cf7c923} float=
2026-09-06T22:41:46+02:00 HAL9000 kwin_wayland[2468]: kwin-xmonad-lite: surface a89f5ec2-ab8e-4108-8088-7118500a3aab|30c27d93-fa7d-452a-ad6a-53201edcdca1|DP-3 layout=tall n=1 ratio=0.65 fläche=1920x1050+0+0
2026-09-06T22:41:46+02:00 HAL9000 kwin_wayland[2468]: kwin-xmonad-lite: diagnose a89f5ec2-ab8e-4108-8088-7118500a3aab|30c27d93-fa7d-452a-ad6a-53201edcdca1|DP-3 order={a689848b-745a-4193-92cd-6beef42c01d3} teilnehmer={a689848b-745a-4193-92cd-6beef42c01d3} float=
2026-09-06T22:41:49+02:00 HAL9000 kwin_wayland[2468]: kwin-xmonad-lite: arrange #67 grund=desktopChanged,windowActivated surfaces=2 mitglieder=2 teilnehmer=2
2026-09-06T22:41:49+02:00 HAL9000 kwin_wayland[2468]: kwin-xmonad-lite: surface a89f5ec2-ab8e-4108-8088-7118500a3aab|eb859906-5dd5-4314-92bc-4f3cc1582e4f|eDP-1 layout=tall n=1 ratio=0.65 fläche=1920x1080+1920+0
2026-09-06T22:41:49+02:00 HAL9000 kwin_wayland[2468]: kwin-xmonad-lite: diagnose a89f5ec2-ab8e-4108-8088-7118500a3aab|eb859906-5dd5-4314-92bc-4f3cc1582e4f|eDP-1 order={816fb7d9-1b05-4437-a98e-989dc6f1b924} teilnehmer={816fb7d9-1b05-4437-a98e-989dc6f1b924} float=
2026-09-06T22:41:49+02:00 HAL9000 kwin_wayland[2468]: kwin-xmonad-lite: surface a89f5ec2-ab8e-4108-8088-7118500a3aab|eb859906-5dd5-4314-92bc-4f3cc1582e4f|DP-3 layout=tall n=1 ratio=0.65 fläche=1920x1050+0+0
2026-09-06T22:41:49+02:00 HAL9000 kwin_wayland[2468]: kwin-xmonad-lite: diagnose a89f5ec2-ab8e-4108-8088-7118500a3aab|eb859906-5dd5-4314-92bc-4f3cc1582e4f|DP-3 order={e0aa8953-6d9f-4cbe-8a78-daae3140f289} teilnehmer={e0aa8953-6d9f-4cbe-8a78-daae3140f289} float=
2026-09-06T22:42:17+02:00 HAL9000 kxl-abnahme[15588]: == AP6 Zustaende setzen ==
2026-09-06T22:42:17+02:00 HAL9000 kwin_wayland[2468]: kwin-xmonad-lite: arrange #68 grund=desktopChanged,windowActivated surfaces=2 mitglieder=2 teilnehmer=2
2026-09-06T22:42:17+02:00 HAL9000 kwin_wayland[2468]: kwin-xmonad-lite: surface a89f5ec2-ab8e-4108-8088-7118500a3aab|b7798180-564c-4f75-ad4a-284026ac7a68|eDP-1 layout=tall n=1 ratio=0.65 fläche=1920x1080+1920+0
2026-09-06T22:42:17+02:00 HAL9000 kwin_wayland[2468]: kwin-xmonad-lite: diagnose a89f5ec2-ab8e-4108-8088-7118500a3aab|b7798180-564c-4f75-ad4a-284026ac7a68|eDP-1 order={e8b3195e-bff6-4626-ad9a-e941156dfaf6} teilnehmer={e8b3195e-bff6-4626-ad9a-e941156dfaf6} float=
2026-09-06T22:42:17+02:00 HAL9000 kwin_wayland[2468]: kwin-xmonad-lite: surface a89f5ec2-ab8e-4108-8088-7118500a3aab|b7798180-564c-4f75-ad4a-284026ac7a68|DP-3 layout=tall n=1 ratio=0.65 fläche=1920x1050+0+0
2026-09-06T22:42:17+02:00 HAL9000 kwin_wayland[2468]: kwin-xmonad-lite: diagnose a89f5ec2-ab8e-4108-8088-7118500a3aab|b7798180-564c-4f75-ad4a-284026ac7a68|DP-3 order={5ad0ba7a-667f-4a8a-95e7-fe90b128bf67} teilnehmer={5ad0ba7a-667f-4a8a-95e7-fe90b128bf67} float=
2026-09-06T22:42:19+02:00 HAL9000 kwin_wayland[2468]: kwin-xmonad-lite: arrange #69 grund=windowActivated surfaces=2 mitglieder=2 teilnehmer=2
2026-09-06T22:42:19+02:00 HAL9000 kwin_wayland[2468]: kwin-xmonad-lite: surface a89f5ec2-ab8e-4108-8088-7118500a3aab|b7798180-564c-4f75-ad4a-284026ac7a68|eDP-1 layout=tall n=1 ratio=0.65 fläche=1920x1080+1920+0
2026-09-06T22:42:19+02:00 HAL9000 kwin_wayland[2468]: kwin-xmonad-lite: diagnose a89f5ec2-ab8e-4108-8088-7118500a3aab|b7798180-564c-4f75-ad4a-284026ac7a68|eDP-1 order={e8b3195e-bff6-4626-ad9a-e941156dfaf6} teilnehmer={e8b3195e-bff6-4626-ad9a-e941156dfaf6} float=
2026-09-06T22:42:19+02:00 HAL9000 kwin_wayland[2468]: kwin-xmonad-lite: surface a89f5ec2-ab8e-4108-8088-7118500a3aab|b7798180-564c-4f75-ad4a-284026ac7a68|DP-3 layout=tall n=1 ratio=0.65 fläche=1920x1050+0+0
2026-09-06T22:42:19+02:00 HAL9000 kwin_wayland[2468]: kwin-xmonad-lite: diagnose a89f5ec2-ab8e-4108-8088-7118500a3aab|b7798180-564c-4f75-ad4a-284026ac7a68|DP-3 order={5ad0ba7a-667f-4a8a-95e7-fe90b128bf67} teilnehmer={5ad0ba7a-667f-4a8a-95e7-fe90b128bf67} float=
2026-09-06T22:42:21+02:00 HAL9000 kwin_wayland[2468]: kwin-xmonad-lite: befehl nextLayout surface=a89f5ec2-ab8e-4108-8088-7118500a3aab|b7798180-564c-4f75-ad4a-284026ac7a68|eDP-1 via=aktiv layout=full
2026-09-06T22:42:21+02:00 HAL9000 kwin_wayland[2468]: kwin-xmonad-lite: arrange #70 grund=shortcut:nextLayout surfaces=2 mitglieder=2 teilnehmer=2
2026-09-06T22:42:21+02:00 HAL9000 kwin_wayland[2468]: kwin-xmonad-lite: surface a89f5ec2-ab8e-4108-8088-7118500a3aab|b7798180-564c-4f75-ad4a-284026ac7a68|eDP-1 layout=full n=1 ratio=0.65 fläche=1920x1080+1920+0
2026-09-06T22:42:21+02:00 HAL9000 kwin_wayland[2468]: kwin-xmonad-lite: diagnose a89f5ec2-ab8e-4108-8088-7118500a3aab|b7798180-564c-4f75-ad4a-284026ac7a68|eDP-1 order={e8b3195e-bff6-4626-ad9a-e941156dfaf6} teilnehmer={e8b3195e-bff6-4626-ad9a-e941156dfaf6} float=
2026-09-06T22:42:21+02:00 HAL9000 kwin_wayland[2468]: kwin-xmonad-lite: surface a89f5ec2-ab8e-4108-8088-7118500a3aab|b7798180-564c-4f75-ad4a-284026ac7a68|DP-3 layout=tall n=1 ratio=0.65 fläche=1920x1050+0+0
2026-09-06T22:42:21+02:00 HAL9000 kwin_wayland[2468]: kwin-xmonad-lite: diagnose a89f5ec2-ab8e-4108-8088-7118500a3aab|b7798180-564c-4f75-ad4a-284026ac7a68|DP-3 order={5ad0ba7a-667f-4a8a-95e7-fe90b128bf67} teilnehmer={5ad0ba7a-667f-4a8a-95e7-fe90b128bf67} float=
2026-09-06T22:42:23+02:00 HAL9000 kwin_wayland[2468]: kwin-xmonad-lite: arrange #71 grund=windowActivated,desktopChanged surfaces=2 mitglieder=2 teilnehmer=2
2026-09-06T22:42:23+02:00 HAL9000 kwin_wayland[2468]: kwin-xmonad-lite: surface a89f5ec2-ab8e-4108-8088-7118500a3aab|30c27d93-fa7d-452a-ad6a-53201edcdca1|eDP-1 layout=tall n=1 ratio=0.65 fläche=1920x1080+1920+0
2026-09-06T22:42:23+02:00 HAL9000 kwin_wayland[2468]: kwin-xmonad-lite: diagnose a89f5ec2-ab8e-4108-8088-7118500a3aab|30c27d93-fa7d-452a-ad6a-53201edcdca1|eDP-1 order={e7197997-9db9-44ae-bcb6-f6269cf7c923} teilnehmer={e7197997-9db9-44ae-bcb6-f6269cf7c923} float=
2026-09-06T22:42:23+02:00 HAL9000 kwin_wayland[2468]: kwin-xmonad-lite: surface a89f5ec2-ab8e-4108-8088-7118500a3aab|30c27d93-fa7d-452a-ad6a-53201edcdca1|DP-3 layout=tall n=1 ratio=0.65 fläche=1920x1050+0+0
2026-09-06T22:42:23+02:00 HAL9000 kwin_wayland[2468]: kwin-xmonad-lite: diagnose a89f5ec2-ab8e-4108-8088-7118500a3aab|30c27d93-fa7d-452a-ad6a-53201edcdca1|DP-3 order={a689848b-745a-4193-92cd-6beef42c01d3} teilnehmer={a689848b-745a-4193-92cd-6beef42c01d3} float=
2026-09-06T22:42:25+02:00 HAL9000 kwin_wayland[2468]: kwin-xmonad-lite: arrange #72 grund=windowActivated surfaces=2 mitglieder=2 teilnehmer=2
2026-09-06T22:42:25+02:00 HAL9000 kwin_wayland[2468]: kwin-xmonad-lite: surface a89f5ec2-ab8e-4108-8088-7118500a3aab|30c27d93-fa7d-452a-ad6a-53201edcdca1|eDP-1 layout=tall n=1 ratio=0.65 fläche=1920x1080+1920+0
2026-09-06T22:42:25+02:00 HAL9000 kwin_wayland[2468]: kwin-xmonad-lite: diagnose a89f5ec2-ab8e-4108-8088-7118500a3aab|30c27d93-fa7d-452a-ad6a-53201edcdca1|eDP-1 order={e7197997-9db9-44ae-bcb6-f6269cf7c923} teilnehmer={e7197997-9db9-44ae-bcb6-f6269cf7c923} float=
2026-09-06T22:42:25+02:00 HAL9000 kwin_wayland[2468]: kwin-xmonad-lite: surface a89f5ec2-ab8e-4108-8088-7118500a3aab|30c27d93-fa7d-452a-ad6a-53201edcdca1|DP-3 layout=tall n=1 ratio=0.65 fläche=1920x1050+0+0
2026-09-06T22:42:25+02:00 HAL9000 kwin_wayland[2468]: kwin-xmonad-lite: diagnose a89f5ec2-ab8e-4108-8088-7118500a3aab|30c27d93-fa7d-452a-ad6a-53201edcdca1|DP-3 order={a689848b-745a-4193-92cd-6beef42c01d3} teilnehmer={a689848b-745a-4193-92cd-6beef42c01d3} float=
2026-09-06T22:42:27+02:00 HAL9000 kwin_wayland[2468]: kwin-xmonad-lite: befehl shrink surface=a89f5ec2-ab8e-4108-8088-7118500a3aab|30c27d93-fa7d-452a-ad6a-53201edcdca1|DP-3 via=aktiv ratio=0.6
2026-09-06T22:42:27+02:00 HAL9000 kwin_wayland[2468]: kwin-xmonad-lite: arrange #73 grund=shortcut:shrink surfaces=2 mitglieder=2 teilnehmer=2
2026-09-06T22:42:27+02:00 HAL9000 kwin_wayland[2468]: kwin-xmonad-lite: surface a89f5ec2-ab8e-4108-8088-7118500a3aab|30c27d93-fa7d-452a-ad6a-53201edcdca1|eDP-1 layout=tall n=1 ratio=0.65 fläche=1920x1080+1920+0
2026-09-06T22:42:27+02:00 HAL9000 kwin_wayland[2468]: kwin-xmonad-lite: diagnose a89f5ec2-ab8e-4108-8088-7118500a3aab|30c27d93-fa7d-452a-ad6a-53201edcdca1|eDP-1 order={e7197997-9db9-44ae-bcb6-f6269cf7c923} teilnehmer={e7197997-9db9-44ae-bcb6-f6269cf7c923} float=
2026-09-06T22:42:27+02:00 HAL9000 kwin_wayland[2468]: kwin-xmonad-lite: surface a89f5ec2-ab8e-4108-8088-7118500a3aab|30c27d93-fa7d-452a-ad6a-53201edcdca1|DP-3 layout=tall n=1 ratio=0.6 fläche=1920x1050+0+0
2026-09-06T22:42:27+02:00 HAL9000 kwin_wayland[2468]: kwin-xmonad-lite: diagnose a89f5ec2-ab8e-4108-8088-7118500a3aab|30c27d93-fa7d-452a-ad6a-53201edcdca1|DP-3 order={a689848b-745a-4193-92cd-6beef42c01d3} teilnehmer={a689848b-745a-4193-92cd-6beef42c01d3} float=
2026-09-06T22:42:29+02:00 HAL9000 kwin_wayland[2468]: kwin-xmonad-lite: befehl shrink surface=a89f5ec2-ab8e-4108-8088-7118500a3aab|30c27d93-fa7d-452a-ad6a-53201edcdca1|DP-3 via=aktiv ratio=0.55
2026-09-06T22:42:29+02:00 HAL9000 kwin_wayland[2468]: kwin-xmonad-lite: arrange #74 grund=shortcut:shrink surfaces=2 mitglieder=2 teilnehmer=2
2026-09-06T22:42:29+02:00 HAL9000 kwin_wayland[2468]: kwin-xmonad-lite: surface a89f5ec2-ab8e-4108-8088-7118500a3aab|30c27d93-fa7d-452a-ad6a-53201edcdca1|eDP-1 layout=tall n=1 ratio=0.65 fläche=1920x1080+1920+0
2026-09-06T22:42:29+02:00 HAL9000 kwin_wayland[2468]: kwin-xmonad-lite: diagnose a89f5ec2-ab8e-4108-8088-7118500a3aab|30c27d93-fa7d-452a-ad6a-53201edcdca1|eDP-1 order={e7197997-9db9-44ae-bcb6-f6269cf7c923} teilnehmer={e7197997-9db9-44ae-bcb6-f6269cf7c923} float=
2026-09-06T22:42:29+02:00 HAL9000 kwin_wayland[2468]: kwin-xmonad-lite: surface a89f5ec2-ab8e-4108-8088-7118500a3aab|30c27d93-fa7d-452a-ad6a-53201edcdca1|DP-3 layout=tall n=1 ratio=0.55 fläche=1920x1050+0+0
2026-09-06T22:42:29+02:00 HAL9000 kwin_wayland[2468]: kwin-xmonad-lite: diagnose a89f5ec2-ab8e-4108-8088-7118500a3aab|30c27d93-fa7d-452a-ad6a-53201edcdca1|DP-3 order={a689848b-745a-4193-92cd-6beef42c01d3} teilnehmer={a689848b-745a-4193-92cd-6beef42c01d3} float=
2026-09-06T22:42:31+02:00 HAL9000 kwin_wayland[2468]: kwin-xmonad-lite: arrange #75 grund=windowActivated surfaces=2 mitglieder=2 teilnehmer=2
2026-09-06T22:42:31+02:00 HAL9000 kwin_wayland[2468]: kwin-xmonad-lite: surface a89f5ec2-ab8e-4108-8088-7118500a3aab|30c27d93-fa7d-452a-ad6a-53201edcdca1|eDP-1 layout=tall n=1 ratio=0.65 fläche=1920x1080+1920+0
2026-09-06T22:42:31+02:00 HAL9000 kwin_wayland[2468]: kwin-xmonad-lite: diagnose a89f5ec2-ab8e-4108-8088-7118500a3aab|30c27d93-fa7d-452a-ad6a-53201edcdca1|eDP-1 order={e7197997-9db9-44ae-bcb6-f6269cf7c923} teilnehmer={e7197997-9db9-44ae-bcb6-f6269cf7c923} float=
2026-09-06T22:42:31+02:00 HAL9000 kwin_wayland[2468]: kwin-xmonad-lite: surface a89f5ec2-ab8e-4108-8088-7118500a3aab|30c27d93-fa7d-452a-ad6a-53201edcdca1|DP-3 layout=tall n=1 ratio=0.55 fläche=1920x1050+0+0
2026-09-06T22:42:31+02:00 HAL9000 kwin_wayland[2468]: kwin-xmonad-lite: diagnose a89f5ec2-ab8e-4108-8088-7118500a3aab|30c27d93-fa7d-452a-ad6a-53201edcdca1|DP-3 order={a689848b-745a-4193-92cd-6beef42c01d3} teilnehmer={a689848b-745a-4193-92cd-6beef42c01d3} float=
2026-09-06T22:42:33+02:00 HAL9000 kwin_wayland[2468]: kwin-xmonad-lite: befehl shrink surface=a89f5ec2-ab8e-4108-8088-7118500a3aab|30c27d93-fa7d-452a-ad6a-53201edcdca1|eDP-1 via=aktiv ratio=0.6
2026-09-06T22:42:33+02:00 HAL9000 kwin_wayland[2468]: kwin-xmonad-lite: arrange #76 grund=shortcut:shrink surfaces=2 mitglieder=2 teilnehmer=2
2026-09-06T22:42:33+02:00 HAL9000 kwin_wayland[2468]: kwin-xmonad-lite: surface a89f5ec2-ab8e-4108-8088-7118500a3aab|30c27d93-fa7d-452a-ad6a-53201edcdca1|eDP-1 layout=tall n=1 ratio=0.6 fläche=1920x1080+1920+0
2026-09-06T22:42:33+02:00 HAL9000 kwin_wayland[2468]: kwin-xmonad-lite: diagnose a89f5ec2-ab8e-4108-8088-7118500a3aab|30c27d93-fa7d-452a-ad6a-53201edcdca1|eDP-1 order={e7197997-9db9-44ae-bcb6-f6269cf7c923} teilnehmer={e7197997-9db9-44ae-bcb6-f6269cf7c923} float=
2026-09-06T22:42:33+02:00 HAL9000 kwin_wayland[2468]: kwin-xmonad-lite: surface a89f5ec2-ab8e-4108-8088-7118500a3aab|30c27d93-fa7d-452a-ad6a-53201edcdca1|DP-3 layout=tall n=1 ratio=0.55 fläche=1920x1050+0+0
2026-09-06T22:42:33+02:00 HAL9000 kwin_wayland[2468]: kwin-xmonad-lite: diagnose a89f5ec2-ab8e-4108-8088-7118500a3aab|30c27d93-fa7d-452a-ad6a-53201edcdca1|DP-3 order={a689848b-745a-4193-92cd-6beef42c01d3} teilnehmer={a689848b-745a-4193-92cd-6beef42c01d3} float=
2026-09-06T22:42:35+02:00 HAL9000 kwin_wayland[2468]: kwin-xmonad-lite: arrange #77 grund=windowActivated,desktopChanged surfaces=2 mitglieder=2 teilnehmer=2
2026-09-06T22:42:35+02:00 HAL9000 kwin_wayland[2468]: kwin-xmonad-lite: surface a89f5ec2-ab8e-4108-8088-7118500a3aab|eb859906-5dd5-4314-92bc-4f3cc1582e4f|eDP-1 layout=tall n=1 ratio=0.65 fläche=1920x1080+1920+0
2026-09-06T22:42:35+02:00 HAL9000 kwin_wayland[2468]: kwin-xmonad-lite: diagnose a89f5ec2-ab8e-4108-8088-7118500a3aab|eb859906-5dd5-4314-92bc-4f3cc1582e4f|eDP-1 order={816fb7d9-1b05-4437-a98e-989dc6f1b924} teilnehmer={816fb7d9-1b05-4437-a98e-989dc6f1b924} float=
2026-09-06T22:42:35+02:00 HAL9000 kwin_wayland[2468]: kwin-xmonad-lite: surface a89f5ec2-ab8e-4108-8088-7118500a3aab|eb859906-5dd5-4314-92bc-4f3cc1582e4f|DP-3 layout=tall n=1 ratio=0.65 fläche=1920x1050+0+0
2026-09-06T22:42:35+02:00 HAL9000 kwin_wayland[2468]: kwin-xmonad-lite: diagnose a89f5ec2-ab8e-4108-8088-7118500a3aab|eb859906-5dd5-4314-92bc-4f3cc1582e4f|DP-3 order={e0aa8953-6d9f-4cbe-8a78-daae3140f289} teilnehmer={e0aa8953-6d9f-4cbe-8a78-daae3140f289} float=
2026-09-06T22:42:37+02:00 HAL9000 kwin_wayland[2468]: kwin-xmonad-lite: arrange #78 grund=windowActivated surfaces=2 mitglieder=2 teilnehmer=2
2026-09-06T22:42:37+02:00 HAL9000 kwin_wayland[2468]: kwin-xmonad-lite: surface a89f5ec2-ab8e-4108-8088-7118500a3aab|eb859906-5dd5-4314-92bc-4f3cc1582e4f|eDP-1 layout=tall n=1 ratio=0.65 fläche=1920x1080+1920+0
2026-09-06T22:42:37+02:00 HAL9000 kwin_wayland[2468]: kwin-xmonad-lite: diagnose a89f5ec2-ab8e-4108-8088-7118500a3aab|eb859906-5dd5-4314-92bc-4f3cc1582e4f|eDP-1 order={816fb7d9-1b05-4437-a98e-989dc6f1b924} teilnehmer={816fb7d9-1b05-4437-a98e-989dc6f1b924} float=
2026-09-06T22:42:37+02:00 HAL9000 kwin_wayland[2468]: kwin-xmonad-lite: surface a89f5ec2-ab8e-4108-8088-7118500a3aab|eb859906-5dd5-4314-92bc-4f3cc1582e4f|DP-3 layout=tall n=1 ratio=0.65 fläche=1920x1050+0+0
2026-09-06T22:42:37+02:00 HAL9000 kwin_wayland[2468]: kwin-xmonad-lite: diagnose a89f5ec2-ab8e-4108-8088-7118500a3aab|eb859906-5dd5-4314-92bc-4f3cc1582e4f|DP-3 order={e0aa8953-6d9f-4cbe-8a78-daae3140f289} teilnehmer={e0aa8953-6d9f-4cbe-8a78-daae3140f289} float=
2026-09-06T22:42:39+02:00 HAL9000 kwin_wayland[2468]: kwin-xmonad-lite: befehl nextLayout surface=a89f5ec2-ab8e-4108-8088-7118500a3aab|eb859906-5dd5-4314-92bc-4f3cc1582e4f|DP-3 via=aktiv layout=full
2026-09-06T22:42:39+02:00 HAL9000 kwin_wayland[2468]: kwin-xmonad-lite: arrange #79 grund=shortcut:nextLayout surfaces=2 mitglieder=2 teilnehmer=2
2026-09-06T22:42:39+02:00 HAL9000 kwin_wayland[2468]: kwin-xmonad-lite: surface a89f5ec2-ab8e-4108-8088-7118500a3aab|eb859906-5dd5-4314-92bc-4f3cc1582e4f|eDP-1 layout=tall n=1 ratio=0.65 fläche=1920x1080+1920+0
2026-09-06T22:42:39+02:00 HAL9000 kwin_wayland[2468]: kwin-xmonad-lite: diagnose a89f5ec2-ab8e-4108-8088-7118500a3aab|eb859906-5dd5-4314-92bc-4f3cc1582e4f|eDP-1 order={816fb7d9-1b05-4437-a98e-989dc6f1b924} teilnehmer={816fb7d9-1b05-4437-a98e-989dc6f1b924} float=
2026-09-06T22:42:39+02:00 HAL9000 kwin_wayland[2468]: kwin-xmonad-lite: surface a89f5ec2-ab8e-4108-8088-7118500a3aab|eb859906-5dd5-4314-92bc-4f3cc1582e4f|DP-3 layout=full n=1 ratio=0.65 fläche=1920x1050+0+0
2026-09-06T22:42:39+02:00 HAL9000 kwin_wayland[2468]: kwin-xmonad-lite: diagnose a89f5ec2-ab8e-4108-8088-7118500a3aab|eb859906-5dd5-4314-92bc-4f3cc1582e4f|DP-3 order={e0aa8953-6d9f-4cbe-8a78-daae3140f289} teilnehmer={e0aa8953-6d9f-4cbe-8a78-daae3140f289} float=
2026-09-06T22:42:41+02:00 HAL9000 kwin_wayland[2468]: kwin-xmonad-lite: arrange #80 grund=windowActivated surfaces=2 mitglieder=2 teilnehmer=2
2026-09-06T22:42:41+02:00 HAL9000 kwin_wayland[2468]: kwin-xmonad-lite: surface a89f5ec2-ab8e-4108-8088-7118500a3aab|eb859906-5dd5-4314-92bc-4f3cc1582e4f|eDP-1 layout=tall n=1 ratio=0.65 fläche=1920x1080+1920+0
2026-09-06T22:42:41+02:00 HAL9000 kwin_wayland[2468]: kwin-xmonad-lite: diagnose a89f5ec2-ab8e-4108-8088-7118500a3aab|eb859906-5dd5-4314-92bc-4f3cc1582e4f|eDP-1 order={816fb7d9-1b05-4437-a98e-989dc6f1b924} teilnehmer={816fb7d9-1b05-4437-a98e-989dc6f1b924} float=
2026-09-06T22:42:41+02:00 HAL9000 kwin_wayland[2468]: kwin-xmonad-lite: surface a89f5ec2-ab8e-4108-8088-7118500a3aab|eb859906-5dd5-4314-92bc-4f3cc1582e4f|DP-3 layout=full n=1 ratio=0.65 fläche=1920x1050+0+0
2026-09-06T22:42:41+02:00 HAL9000 kwin_wayland[2468]: kwin-xmonad-lite: diagnose a89f5ec2-ab8e-4108-8088-7118500a3aab|eb859906-5dd5-4314-92bc-4f3cc1582e4f|DP-3 order={e0aa8953-6d9f-4cbe-8a78-daae3140f289} teilnehmer={e0aa8953-6d9f-4cbe-8a78-daae3140f289} float=
2026-09-06T22:42:43+02:00 HAL9000 kwin_wayland[2468]: kwin-xmonad-lite: befehl expand surface=a89f5ec2-ab8e-4108-8088-7118500a3aab|eb859906-5dd5-4314-92bc-4f3cc1582e4f|eDP-1 via=aktiv ratio=0.7
2026-09-06T22:42:43+02:00 HAL9000 kwin_wayland[2468]: kwin-xmonad-lite: arrange #81 grund=shortcut:expand surfaces=2 mitglieder=2 teilnehmer=2
2026-09-06T22:42:43+02:00 HAL9000 kwin_wayland[2468]: kwin-xmonad-lite: surface a89f5ec2-ab8e-4108-8088-7118500a3aab|eb859906-5dd5-4314-92bc-4f3cc1582e4f|eDP-1 layout=tall n=1 ratio=0.7 fläche=1920x1080+1920+0
2026-09-06T22:42:43+02:00 HAL9000 kwin_wayland[2468]: kwin-xmonad-lite: diagnose a89f5ec2-ab8e-4108-8088-7118500a3aab|eb859906-5dd5-4314-92bc-4f3cc1582e4f|eDP-1 order={816fb7d9-1b05-4437-a98e-989dc6f1b924} teilnehmer={816fb7d9-1b05-4437-a98e-989dc6f1b924} float=
2026-09-06T22:42:43+02:00 HAL9000 kwin_wayland[2468]: kwin-xmonad-lite: surface a89f5ec2-ab8e-4108-8088-7118500a3aab|eb859906-5dd5-4314-92bc-4f3cc1582e4f|DP-3 layout=full n=1 ratio=0.65 fläche=1920x1050+0+0
2026-09-06T22:42:43+02:00 HAL9000 kwin_wayland[2468]: kwin-xmonad-lite: diagnose a89f5ec2-ab8e-4108-8088-7118500a3aab|eb859906-5dd5-4314-92bc-4f3cc1582e4f|DP-3 order={e0aa8953-6d9f-4cbe-8a78-daae3140f289} teilnehmer={e0aa8953-6d9f-4cbe-8a78-daae3140f289} float=
2026-09-06T22:42:58+02:00 HAL9000 kxl-abnahme[15673]: -- AP6 Durchlauf --
2026-09-06T22:42:58+02:00 HAL9000 kwin_wayland[2468]: kwin-xmonad-lite: arrange #82 grund=windowActivated,desktopChanged surfaces=2 mitglieder=0 teilnehmer=0
2026-09-06T22:43:01+02:00 HAL9000 kwin_wayland[2468]: kwin-xmonad-lite: arrange #83 grund=windowActivated,desktopChanged surfaces=2 mitglieder=2 teilnehmer=2
2026-09-06T22:43:01+02:00 HAL9000 kwin_wayland[2468]: kwin-xmonad-lite: surface a89f5ec2-ab8e-4108-8088-7118500a3aab|b7798180-564c-4f75-ad4a-284026ac7a68|eDP-1 layout=full n=1 ratio=0.65 fläche=1920x1080+1920+0
2026-09-06T22:43:01+02:00 HAL9000 kwin_wayland[2468]: kwin-xmonad-lite: diagnose a89f5ec2-ab8e-4108-8088-7118500a3aab|b7798180-564c-4f75-ad4a-284026ac7a68|eDP-1 order={e8b3195e-bff6-4626-ad9a-e941156dfaf6} teilnehmer={e8b3195e-bff6-4626-ad9a-e941156dfaf6} float=
2026-09-06T22:43:01+02:00 HAL9000 kwin_wayland[2468]: kwin-xmonad-lite: surface a89f5ec2-ab8e-4108-8088-7118500a3aab|b7798180-564c-4f75-ad4a-284026ac7a68|DP-3 layout=tall n=1 ratio=0.65 fläche=1920x1050+0+0
2026-09-06T22:43:01+02:00 HAL9000 kwin_wayland[2468]: kwin-xmonad-lite: diagnose a89f5ec2-ab8e-4108-8088-7118500a3aab|b7798180-564c-4f75-ad4a-284026ac7a68|DP-3 order={5ad0ba7a-667f-4a8a-95e7-fe90b128bf67} teilnehmer={5ad0ba7a-667f-4a8a-95e7-fe90b128bf67} float=
2026-09-06T22:43:04+02:00 HAL9000 kwin_wayland[2468]: kwin-xmonad-lite: arrange #84 grund=windowActivated,desktopChanged surfaces=2 mitglieder=2 teilnehmer=2
2026-09-06T22:43:04+02:00 HAL9000 kwin_wayland[2468]: kwin-xmonad-lite: surface a89f5ec2-ab8e-4108-8088-7118500a3aab|30c27d93-fa7d-452a-ad6a-53201edcdca1|eDP-1 layout=tall n=1 ratio=0.6 fläche=1920x1080+1920+0
2026-09-06T22:43:04+02:00 HAL9000 kwin_wayland[2468]: kwin-xmonad-lite: diagnose a89f5ec2-ab8e-4108-8088-7118500a3aab|30c27d93-fa7d-452a-ad6a-53201edcdca1|eDP-1 order={e7197997-9db9-44ae-bcb6-f6269cf7c923} teilnehmer={e7197997-9db9-44ae-bcb6-f6269cf7c923} float=
2026-09-06T22:43:04+02:00 HAL9000 kwin_wayland[2468]: kwin-xmonad-lite: surface a89f5ec2-ab8e-4108-8088-7118500a3aab|30c27d93-fa7d-452a-ad6a-53201edcdca1|DP-3 layout=tall n=1 ratio=0.55 fläche=1920x1050+0+0
2026-09-06T22:43:04+02:00 HAL9000 kwin_wayland[2468]: kwin-xmonad-lite: diagnose a89f5ec2-ab8e-4108-8088-7118500a3aab|30c27d93-fa7d-452a-ad6a-53201edcdca1|DP-3 order={a689848b-745a-4193-92cd-6beef42c01d3} teilnehmer={a689848b-745a-4193-92cd-6beef42c01d3} float=
2026-09-06T22:43:07+02:00 HAL9000 kwin_wayland[2468]: kwin-xmonad-lite: arrange #85 grund=windowActivated,desktopChanged surfaces=2 mitglieder=2 teilnehmer=2
2026-09-06T22:43:07+02:00 HAL9000 kwin_wayland[2468]: kwin-xmonad-lite: surface a89f5ec2-ab8e-4108-8088-7118500a3aab|eb859906-5dd5-4314-92bc-4f3cc1582e4f|eDP-1 layout=tall n=1 ratio=0.7 fläche=1920x1080+1920+0
2026-09-06T22:43:07+02:00 HAL9000 kwin_wayland[2468]: kwin-xmonad-lite: diagnose a89f5ec2-ab8e-4108-8088-7118500a3aab|eb859906-5dd5-4314-92bc-4f3cc1582e4f|eDP-1 order={816fb7d9-1b05-4437-a98e-989dc6f1b924} teilnehmer={816fb7d9-1b05-4437-a98e-989dc6f1b924} float=
2026-09-06T22:43:07+02:00 HAL9000 kwin_wayland[2468]: kwin-xmonad-lite: surface a89f5ec2-ab8e-4108-8088-7118500a3aab|eb859906-5dd5-4314-92bc-4f3cc1582e4f|DP-3 layout=full n=1 ratio=0.65 fläche=1920x1050+0+0
2026-09-06T22:43:07+02:00 HAL9000 kwin_wayland[2468]: kwin-xmonad-lite: diagnose a89f5ec2-ab8e-4108-8088-7118500a3aab|eb859906-5dd5-4314-92bc-4f3cc1582e4f|DP-3 order={e0aa8953-6d9f-4cbe-8a78-daae3140f289} teilnehmer={e0aa8953-6d9f-4cbe-8a78-daae3140f289} float=
2026-09-06T22:43:10+02:00 HAL9000 kwin_wayland[2468]: kwin-xmonad-lite: arrange #86 grund=windowActivated,desktopChanged surfaces=2 mitglieder=0 teilnehmer=0
2026-09-06T22:43:15+02:00 HAL9000 kxl-abnahme[15694]: == AP6 Fall 26a Nachtrag Ende ==
